[2021-12-28],南瓜,¥4.00,¥5.60,¥4.80,元/千克(kg) ,河北秦皇岛海阳农副产品批发市场,查找
[2021-12-28],南瓜,¥1.40,¥2.20,¥1.70,元/千克(kg) ,河南商丘市农产品中心批发市场,查找
[2021-12-28],南瓜,¥0.00,¥0.00,¥1.40,元/千克(kg) ,蚌埠海吉星农产品物流有限公司,查找
[2021-12-28],南瓜,¥2.00,¥2.20,¥2.10,元/千克(kg) ,北京新发地农副产品批发市场信息中心,查找
[2021-12-28],南瓜,¥2.20,¥2.40,¥2.20,元/千克(kg) ,江苏丰县农林局,查找
[2021-12-28],苦瓜,¥0.00,¥0.00,¥11.00,元/千克(kg) ,天津碧城农产品批发市场,查找
[2021-12-28],苦瓜,¥6.00,¥6.00,¥6.00,元/千克(kg) ,乐亭县冀东果菜批发市场,查找
[2021-12-28],苦瓜,¥0.00,¥0.00,¥11.00,元/千克(kg) ,安徽省淮北市中瑞农产品批发市场,查找
[2021-12-28],苦瓜,¥8.18,¥10.42,¥9.30,元/千克(kg) ,浙江嘉兴蔬菜批发交易市场,查找
[2021-12-28],苦瓜,¥8.50,¥9.00,¥8.75,元/千克(kg) ,武汉白沙洲农副产品大市场有限公司,查找
[2021-12-28],苦瓜,¥0.00,¥0.00,¥8.00,元/千克(kg) ,河南濮阳宏进农副产品批发市场有限公司...,查找
[2021-12-28],苦瓜,¥13.00,¥15.00,¥14.00,元/千克(kg) ,呼和浩特市东瓦窑农副产品批发市场有限...,查找
[2021-12-28],苦瓜,¥6.00,¥6.40,¥6.20,元/千克(kg) ,江西乐平市蔬菜批发大市场,查找
[2021-12-28],苦瓜,¥12.00,¥13.00,¥12.50,元/千克(kg) ,山西省长治市紫坊农产品综合交易市场有...,查找
[2021-12-28],苦瓜,¥11.00,¥12.00,¥12.00,元/千克(kg) ,湖北鄂州市蟠龙蔬菜批发市场,查找
[2021-12-28],苦瓜,¥9.20,¥10.00,¥9.60,元/千克(kg) ,山西省太原市河西农产品有限公司,查找
[2021-12-28],苦瓜,¥5.00,¥7.00,¥6.00,元/千克(kg) ,江苏凌家塘农副产品批发市场,查找
[2021-12-28],苦瓜,¥0.00,¥0.00,¥10.00,元/千克(kg) ,内蒙赤峰西城市场,查找
[2021-12-28],苦瓜,¥6.60,¥7.40,¥7.00,元/千克(kg) ,邵阳市江北农产品批发大市场,查找
[2021-12-28],苦瓜,¥0.00,¥0.00,¥7.00,元/千克(kg) ,绵阳市高水农副产品批发有限公司,查找
[2021-12-28],苦瓜,¥7.80,¥8.40,¥8.00,元/千克(kg) ,北京京丰岳各庄农副产品批发市场,查找
[2021-12-28],苦瓜,¥13.00,¥13.60,¥13.00,元/千克(kg) ,张北县坝上蔬菜产业有限公司,查找
[2021-12-28],苦瓜,¥4.10,¥6.90,¥4.80,元/千克(kg) ,佛山中南农产品交易中心,查找
[2021-12-28],苦瓜,¥6.00,¥6.40,¥6.20,元/千克(kg) ,三门峡金河农产品批发交易中心,查找
[2021-12-28],苦瓜,¥0.00,¥0.00,¥10.00,元/千克(kg) ,呼和浩特市美通首府无公害农产品批发市场,查找
[2021-12-28],茄子,¥0.00,¥0.00,¥5.80,元/千克(kg) ,绵阳市高水农副产品批发有限公司,查找
[2021-12-28],茄子,¥5.40,¥6.40,¥5.90,元/千克(kg) ,湖北浠水农产品批发市场,查找
[2021-12-28],茄子,¥7.00,¥8.00,¥7.60,元/千克(kg) ,甘肃天水市瀛池果菜批发市场,查找
[2021-12-28],茄子,¥1.60,¥6.40,¥4.00,元/千克(kg) ,江苏苏州南环桥农副产品批发市场,查找
[2021-12-28],茄子,¥4.60,¥5.00,¥4.80,元/千克(kg) ,湖南吉首市蔬菜果品批发大市场,查找
[2021-12-28],茄子,¥3.00,¥3.60,¥3.30,元/千克(kg) ,重庆双福国际农贸城,查找
[2021-12-28],茄子,¥2.60,¥4.30,¥3.45,元/千克(kg) ,红星实业集团有限公司红星农副产品大市场,查找
[2021-12-28],茄子,¥3.40,¥4.20,¥3.80,元/千克(kg) ,河南商丘市农产品中心批发市场,查找
[2021-12-28],茄子,¥5.00,¥8.00,¥7.00,元/千克(kg) ,青岛抚顺路蔬菜副食品批发市场股份有限公司,查找
[2021-12-28],茄子,¥6.60,¥7.00,¥6.80,元/千克(kg) ,陕西咸阳新阳光批发市场,查找
[2021-12-28],茄子,¥2.80,¥3.20,¥3.00,元/千克(kg) ,两湖绿谷物流股份有限公司,查找
[2021-12-28],茄子,¥3.40,¥4.00,¥3.70,元/千克(kg) ,湖南长沙马王堆农产品股份有限公司,查找
[2021-12-28],茄子,¥3.20,¥5.60,¥4.40,元/千克(kg) ,北京新发地农副产品批发市场信息中心,查找
[2021-12-28],茄子,¥0.00,¥0.00,¥4.60,元/千克(kg) ,孝义市绿海蔬菜批发销售有限公司,查找
[2021-12-28],茄子,¥2.00,¥3.20,¥2.80,元/千克(kg) ,山东青岛莱西市东庄头蔬菜批发市场服务...,查找
[2021-12-28],茄子,¥0.00,¥0.00,¥6.00,元/千克(kg) ,新疆绿珠九鼎农产品经营管理有限公司,查找
[2021-12-28],茄子,¥2.00,¥3.50,¥2.75,元/千克(kg) ,广东汕头农副产品批发中心市场,查找
[2021-12-28],茄子,¥6.20,¥9.00,¥7.60,元/千克(kg) ,浙江宁波市蔬菜副食品批发交易市场,查找
[2021-12-28],茄子,¥5.00,¥7.40,¥6.20,元/千克(kg) ,天津韩家墅海吉星农产品物流有限公司,查找
[2021-12-28],茄子,¥0.00,¥0.00,¥5.40,元/千克(kg) ,山西汾阳市晋阳农副产品批发市场,查找
[2021-12-28],茄子,¥4.00,¥5.00,¥4.50,元/千克(kg) ,辽宁朝阳市果菜批发市场,查找
[2021-12-28],茄子,¥6.20,¥6.60,¥6.40,元/千克(kg) ,黑龙江鹤岗市万圃源蔬菜有限责任公司,查找
[2021-12-28],茄子,¥5.00,¥8.00,¥5.60,元/千克(kg) ,天津市金钟蔬菜批发市场,查找
[2021-12-28],茄子,¥5.00,¥5.80,¥5.40,元/千克(kg) ,安徽合肥周谷堆农产品批发市场,查找
[2021-12-28],茄子,¥5.00,¥0.00,¥5.00,元/千克(kg) ,河北省怀来县京西果菜批发市场有限责任公司,查找
[2021-12-28],南瓜,¥1.00,¥1.40,¥1.20,元/千克(kg) ,三门峡金河农产品批发交易中心,查找
[2021-12-28],南瓜,¥2.00,¥2.00,¥2.00,元/千克(kg) ,辽宁鞍山宁远农产品批发市场,查找
[2021-12-28],南瓜,¥3.00,¥8.00,¥7.00,元/千克(kg) ,山东青岛莱西市东庄头蔬菜批发市场服务...,查找
[2021-12-28],南瓜,¥2.40,¥2.40,¥2.40,元/千克(kg) ,晋城市绿盛农工商实业有限公司农副产品...,查找
[2021-12-28],南瓜,¥3.60,¥8.00,¥5.80,元/千克(kg) ,浙江嘉善曹安农产品批发有限公司,查找
[2021-12-28],南瓜,¥1.40,¥1.60,¥1.50,元/千克(kg) ,湖南常德甘露寺蔬菜批发市场,查找
[2021-12-28],南瓜,¥0.00,¥0.00,¥6.00,元/千克(kg) ,绍兴市蔬菜果品批发交易市场有限公司,查找
[2021-12-28],南瓜,¥5.00,¥8.00,¥6.00,元/千克(kg) ,云南通海金山蔬菜批发市场,查找
[2021-12-28],南瓜,¥2.80,¥4.00,¥3.80,元/千克(kg) ,四川成都龙泉聚和(国际)果蔬菜交易中心,查找
[2021-12-28],南瓜,¥1.50,¥1.60,¥1.55,元/千克(kg) ,河南万邦国际农产品物流股份有限公司,查找
[2021-12-28],南瓜,¥1.60,¥2.80,¥2.20,元/千克(kg) ,南昌深圳农产品中心批发市场有限公司,查找
[2021-12-28],南瓜,¥1.70,¥2.20,¥2.00,元/千克(kg) ,新疆九鼎恒兴蔬菜经营管理有限公司,查找
[2021-12-28],南瓜,¥1.40,¥2.00,¥1.70,元/千克(kg) ,湖南长沙马王堆农产品股份有限公司,查找
[2021-12-28],南瓜,¥2.00,¥2.60,¥2.30,元/千克(kg) ,马鞍山市安民农副产品贸易有限公司,查找
[2021-12-28],南瓜,¥2.40,¥2.60,¥2.50,元/千克(kg) ,陕西咸阳新阳光批发市场,查找
[2021-12-28],南瓜,¥2.00,¥2.60,¥2.40,元/千克(kg) ,天津市红旗农贸综合批发市场有限公司,查找
[2021-12-28],南瓜,¥1.60,¥1.70,¥1.60,元/千克(kg) ,两湖绿谷物流股份有限公司,查找
[2021-12-28],南瓜,¥1.60,¥2.00,¥1.80,元/千克(kg) ,重庆双福国际农贸城,查找
[2021-12-28],南瓜,¥1.55,¥2.20,¥1.88,元/千克(kg) ,红星实业集团有限公司红星农副产品大市场,查找
[2021-12-28],南瓜,¥1.60,¥7.00,¥4.30,元/千克(kg) ,江苏苏州南环桥农副产品批发市场,查找
[2021-12-28],南瓜,¥1.80,¥2.40,¥2.00,元/千克(kg) ,湖南吉首市蔬菜果品批发大市场,查找
[2021-12-28],南瓜,¥3.20,¥3.60,¥3.40,元/千克(kg) ,山西太原丈子头农产品物流园（原城东利民）,查找
[2021-12-28],南瓜,¥2.50,¥2.80,¥2.50,元/千克(kg) ,新疆乌鲁木齐凌庆蔬菜果品有限公司,查找
[2021-12-28],南瓜,¥2.00,¥2.20,¥2.20,元/千克(kg) ,四川南充川北农产品交易有限公司,查找
[2021-12-28],南瓜,¥0.00,¥0.00,¥3.80,元/千克(kg) ,四川广安市邻水县农产品交易中心,查找
[2021-12-28],黄瓜,¥5.00,¥5.00,¥5.00,元/千克(kg) ,晋城市绿盛农工商实业有限公司农副产品...,查找
[2021-12-28],黄瓜,¥6.00,¥8.00,¥7.00,元/千克(kg) ,浙江嘉善曹安农产品批发有限公司,查找
[2021-12-28],黄瓜,¥6.00,¥6.80,¥6.50,元/千克(kg) ,安徽亳州农产品有限责任公司,查找
[2021-12-28],黄瓜,¥4.80,¥5.20,¥5.00,元/千克(kg) ,阳泉蔬菜副食有限公司,查找
[2021-12-28],黄瓜,¥5.00,¥6.00,¥5.50,元/千克(kg) ,辽宁鞍山宁远农产品批发市场,查找
[2021-12-28],黄瓜,¥5.10,¥5.80,¥5.40,元/千克(kg) ,河南商丘市农产品中心批发市场,查找
[2021-12-28],黄瓜,¥6.40,¥6.60,¥6.50,元/千克(kg) ,江苏宜兴市瑞德蔬菜果品批发市场有限公司,查找
[2021-12-28],黄瓜,¥0.00,¥0.00,¥8.00,元/千克(kg) ,四川广安市邻水县农产品交易中心,查找
[2021-12-28],黄瓜,¥4.20,¥9.00,¥6.60,元/千克(kg) ,河北秦皇岛海阳农副产品批发市场,查找
[2021-12-28],黄瓜,¥4.80,¥6.00,¥5.40,元/千克(kg) ,四川南充川北农产品交易有限公司,查找
[2021-12-28],黄瓜,¥5.00,¥5.40,¥5.20,元/千克(kg) ,山西太原丈子头农产品物流园（原城东利民）,查找
[2021-12-28],黄瓜,¥4.70,¥5.00,¥4.70,元/千克(kg) ,新疆乌鲁木齐凌庆蔬菜果品有限公司,查找
[2021-12-28],黄瓜,¥5.60,¥6.00,¥5.60,元/千克(kg) ,张北县坝上蔬菜产业有限公司,查找
[2021-12-28],黄瓜,¥0.00,¥0.00,¥5.20,元/千克(kg) ,绵阳市高水农副产品批发有限公司,查找
[2021-12-28],黄瓜,¥4.60,¥5.40,¥5.00,元/千克(kg) ,湖北浠水农产品批发市场,查找
[2021-12-28],黄瓜,¥7.00,¥8.00,¥7.60,元/千克(kg) ,甘肃天水市瀛池果菜批发市场,查找
[2021-12-28],黄瓜,¥0.00,¥0.00,¥4.00,元/千克(kg) ,蚌埠海吉星农产品物流有限公司,查找
[2021-12-28],黄瓜,¥1.60,¥5.60,¥3.60,元/千克(kg) ,江苏苏州南环桥农副产品批发市场,查找
[2021-12-28],黄瓜,¥5.60,¥6.00,¥5.80,元/千克(kg) ,湖南吉首市蔬菜果品批发大市场,查找
[2021-12-28],黄瓜,¥4.00,¥4.40,¥4.20,元/千克(kg) ,重庆双福国际农贸城,查找
[2021-12-28],黄瓜,¥3.00,¥4.00,¥3.50,元/千克(kg) ,红星实业集团有限公司红星农副产品大市场,查找
[2021-12-28],黄瓜,¥5.00,¥8.00,¥6.40,元/千克(kg) ,青岛抚顺路蔬菜副食品批发市场股份有限公司,查找
[2021-12-28],黄瓜,¥3.40,¥3.60,¥3.60,元/千克(kg) ,两湖绿谷物流股份有限公司,查找
[2021-12-28],黄瓜,¥4.60,¥6.00,¥5.00,元/千克(kg) ,天津市红旗农贸综合批发市场有限公司,查找
[2021-12-28],黄瓜,¥8.00,¥8.60,¥8.30,元/千克(kg) ,陕西咸阳新阳光批发市场,查找
[2021-12-28],丝瓜,¥8.88,¥9.82,¥9.35,元/千克(kg) ,红星实业集团有限公司红星农副产品大市场,查找
[2021-12-28],丝瓜,¥8.00,¥9.00,¥8.50,元/千克(kg) ,江苏苏州南环桥农副产品批发市场,查找
[2021-12-28],丝瓜,¥7.00,¥7.40,¥7.20,元/千克(kg) ,湖南吉首市蔬菜果品批发大市场,查找
[2021-12-28],丝瓜,¥8.60,¥9.00,¥8.80,元/千克(kg) ,山西太原丈子头农产品物流园（原城东利民）,查找
[2021-12-28],丝瓜,¥11.50,¥11.50,¥11.50,元/千克(kg) ,新疆乌鲁木齐凌庆蔬菜果品有限公司,查找
[2021-12-28],丝瓜,¥0.00,¥0.00,¥10.40,元/千克(kg) ,绵阳市高水农副产品批发有限公司,查找
[2021-12-28],丝瓜,¥7.00,¥9.00,¥8.00,元/千克(kg) ,北京京丰岳各庄农副产品批发市场,查找
[2021-12-28],丝瓜,¥10.00,¥14.00,¥12.00,元/千克(kg) ,浙江嘉善曹安农产品批发有限公司,查找
[2021-12-28],瓠子,¥3.60,¥4.20,¥3.90,元/千克(kg) ,安徽合肥周谷堆农产品批发市场,查找
[2021-12-28],瓠子,¥3.00,¥7.00,¥4.80,元/千克(kg) ,安徽六安市裕安区紫竹林农产品批发市场,查找
[2021-12-28],瓠子,¥3.20,¥5.86,¥4.88,元/千克(kg) ,浙江嘉兴蔬菜批发交易市场,查找
[2021-12-28],瓠子,¥4.40,¥5.00,¥4.70,元/千克(kg) ,湖北浠水农产品批发市场,查找
[2021-12-28],瓠子,¥2.80,¥3.20,¥3.00,元/千克(kg) ,江西乐平市蔬菜批发大市场,查找
[2021-12-28],瓠子,¥10.00,¥12.00,¥11.00,元/千克(kg) ,呼和浩特市东瓦窑农副产品批发市场有限...,查找
[2021-12-28],瓠子,¥8.40,¥9.40,¥8.90,元/千克(kg) ,北京朝阳区大洋路综合市场,查找
[2021-12-28],瓠子,¥2.80,¥4.50,¥3.65,元/千克(kg) ,武汉白沙洲农副产品大市场有限公司,查找
[2021-12-28],瓠子,¥0.00,¥0.00,¥3.00,元/千克(kg) ,浙江金华农产品批发市场,查找
[2021-12-28],瓠子,¥6.00,¥6.60,¥6.60,元/千克(kg) ,湖北鄂州市蟠龙蔬菜批发市场,查找
[2021-12-28],瓠子,¥5.20,¥6.40,¥5.80,元/千克(kg) ,福建福鼎闽浙边界农贸中心市场,查找
[2021-12-28],佛手瓜,¥6.00,¥8.00,¥7.00,元/千克(kg) ,陕西咸阳新阳光批发市场,查找
[2021-12-28],佛手瓜,¥6.00,¥7.00,¥6.50,元/千克(kg) ,北京新发地农副产品批发市场信息中心,查找
[2021-12-28],佛手瓜,¥3.40,¥4.60,¥4.40,元/千克(kg) ,福建福鼎闽浙边界农贸中心市场,查找
[2021-12-28],佛手瓜,¥4.00,¥6.00,¥4.98,元/千克(kg) ,中国寿光地利农产品物流园有限公司,查找
[2021-12-28],佛手瓜,¥3.00,¥6.40,¥4.00,元/千克(kg) ,江苏凌家塘农副产品批发市场,查找
[2021-12-28],佛手瓜,¥4.00,¥4.00,¥4.00,元/千克(kg) ,辽宁鞍山宁远农产品批发市场,查找
[2021-12-28],冬瓜,¥1.40,¥2.00,¥1.70,元/千克(kg) ,湖北浠水农产品批发市场,查找
[2021-12-28],冬瓜,¥2.00,¥2.20,¥2.00,元/千克(kg) ,新疆乌鲁木齐凌庆蔬菜果品有限公司,查找
[2021-12-28],冬瓜,¥4.00,¥4.40,¥4.20,元/千克(kg) ,甘肃天水市瀛池果菜批发市场,查找
[2021-12-28],冬瓜,¥3.20,¥3.60,¥3.40,元/千克(kg) ,四川南充川北农产品交易有限公司,查找
[2021-12-28],冬瓜,¥3.40,¥3.60,¥3.50,元/千克(kg) ,江苏宜兴市瑞德蔬菜果品批发市场有限公司,查找
[2021-12-28],冬瓜,¥0.00,¥0.00,¥4.40,元/千克(kg) ,四川广安市邻水县农产品交易中心,查找
[2021-12-28],冬瓜,¥2.40,¥3.60,¥3.00,元/千克(kg) ,河北秦皇岛海阳农副产品批发市场,查找
[2021-12-28],冬瓜,¥3.00,¥3.20,¥3.10,元/千克(kg) ,北京新发地农副产品批发市场信息中心,查找
[2021-12-28],冬瓜,¥3.00,¥3.20,¥3.00,元/千克(kg) ,江苏丰县农林局,查找
[2021-12-28],冬瓜,¥1.80,¥2.20,¥2.00,元/千克(kg) ,上海农产品中心批发市场经营管理有限公司,查找
[2021-12-28],冬瓜,¥1.80,¥3.00,¥2.00,元/千克(kg) ,阜阳农产品中心批发市场,查找
[2021-12-28],冬瓜,¥1.00,¥2.00,¥1.50,元/千克(kg) ,徐州农副产品中心批发市场,查找
[2021-12-28],冬瓜,¥2.40,¥3.40,¥2.90,元/千克(kg) ,天津韩家墅海吉星农产品物流有限公司,查找
[2021-12-28],冬瓜,¥2.50,¥3.50,¥3.00,元/千克(kg) ,北京朝阳区大洋路综合市场,查找
[2021-12-28],冬瓜,¥3.00,¥0.00,¥3.00,元/千克(kg) ,河北省怀来县京西果菜批发市场有限责任公司,查找
[2021-12-28],冬瓜,¥2.00,¥2.40,¥2.20,元/千克(kg) ,辽宁朝阳市果菜批发市场,查找
[2021-12-28],冬瓜,¥4.60,¥5.00,¥4.80,元/千克(kg) ,黑龙江鹤岗市万圃源蔬菜有限责任公司,查找
[2021-12-28],冬瓜,¥2.00,¥3.80,¥3.60,元/千克(kg) ,天津市金钟蔬菜批发市场,查找
[2021-12-28],冬瓜,¥1.40,¥2.20,¥1.80,元/千克(kg) ,广东汕头农副产品批发中心市场,查找
[2021-12-28],冬瓜,¥2.00,¥2.90,¥2.50,元/千克(kg) ,浙江宁波市蔬菜副食品批发交易市场,查找
[2021-12-28],冬瓜,¥0.00,¥0.00,¥2.20,元/千克(kg) ,新疆绿珠九鼎农产品经营管理有限公司,查找
[2021-12-28],冬瓜,¥3.00,¥3.80,¥3.40,元/千克(kg) ,邵阳市江北农产品批发大市场,查找
[2021-12-28],冬瓜,¥2.00,¥3.00,¥2.40,元/千克(kg) ,广州江南果菜批发市场经营管理有限公司,查找
[2021-12-28],冬瓜,¥4.40,¥5.00,¥4.60,元/千克(kg) ,甘肃酒泉春光农产品市场有限责任公司,查找
[2021-12-28],冬瓜,¥1.60,¥2.00,¥1.80,元/千克(kg) ,河北魏县天仙果菜批发交易市场,查找
[2021-12-28],苦瓜,¥14.00,¥14.00,¥14.00,元/千克(kg) ,辽宁鞍山宁远农产品批发市场,查找
[2021-12-28],苦瓜,¥10.00,¥10.00,¥10.00,元/千克(kg) ,晋城市绿盛农工商实业有限公司农副产品...,查找
[2021-12-28],苦瓜,¥8.00,¥10.00,¥9.00,元/千克(kg) ,浙江嘉善曹安农产品批发有限公司,查找
[2021-12-28],苦瓜,¥6.00,¥7.00,¥6.50,元/千克(kg) ,湖南常德甘露寺蔬菜批发市场,查找
[2021-12-28],苦瓜,¥0.00,¥0.00,¥8.00,元/千克(kg) ,绍兴市蔬菜果品批发交易市场有限公司,查找
[2021-12-28],苦瓜,¥9.00,¥11.00,¥10.00,元/千克(kg) ,云南通海金山蔬菜批发市场,查找
[2021-12-28],苦瓜,¥9.20,¥12.60,¥12.20,元/千克(kg) ,四川成都龙泉聚和(国际)果蔬菜交易中心,查找
[2021-12-28],苦瓜,¥7.00,¥8.00,¥7.50,元/千克(kg) ,河南万邦国际农产品物流股份有限公司,查找
[2021-12-28],苦瓜,¥14.00,¥16.00,¥15.00,元/千克(kg) ,乌鲁木齐北园春（集团）有限责任公司北...,查找
[2021-12-28],苦瓜,¥12.00,¥14.00,¥13.00,元/千克(kg) ,新疆九鼎恒兴蔬菜经营管理有限公司,查找
[2021-12-28],苦瓜,¥10.00,¥11.00,¥10.50,元/千克(kg) ,陕西咸阳新阳光批发市场,查找
[2021-12-28],苦瓜,¥6.80,¥7.20,¥7.00,元/千克(kg) ,两湖绿谷物流股份有限公司,查找
[2021-12-28],苦瓜,¥7.00,¥7.60,¥7.30,元/千克(kg) ,重庆双福国际农贸城,查找
[2021-12-28],苦瓜,¥7.60,¥8.40,¥8.00,元/千克(kg) ,江苏苏州南环桥农副产品批发市场,查找
[2021-12-28],苦瓜,¥9.45,¥10.65,¥10.05,元/千克(kg) ,红星实业集团有限公司红星农副产品大市场,查找
[2021-12-28],苦瓜,¥6.00,¥6.00,¥6.00,元/千克(kg) ,湖南吉首市蔬菜果品批发大市场,查找
[2021-12-28],苦瓜,¥7.00,¥8.00,¥7.50,元/千克(kg) ,山西太原丈子头农产品物流园（原城东利民）,查找
[2021-12-28],苦瓜,¥0.00,¥0.00,¥11.00,元/千克(kg) ,蚌埠海吉星农产品物流有限公司,查找
[2021-12-28],苦瓜,¥6.00,¥7.20,¥6.60,元/千克(kg) ,湖北浠水农产品批发市场,查找
[2021-12-28],苦瓜,¥14.00,¥14.00,¥14.00,元/千克(kg) ,新疆乌鲁木齐凌庆蔬菜果品有限公司,查找
[2021-12-28],苦瓜,¥10.00,¥12.00,¥11.00,元/千克(kg) ,甘肃天水市瀛池果菜批发市场,查找
[2021-12-28],苦瓜,¥7.00,¥9.00,¥7.90,元/千克(kg) ,四川南充川北农产品交易有限公司,查找
[2021-12-28],苦瓜,¥10.00,¥10.40,¥10.20,元/千克(kg) ,河北秦皇岛海阳农副产品批发市场,查找
[2021-12-28],苦瓜,¥9.00,¥10.00,¥9.50,元/千克(kg) ,北京新发地农副产品批发市场信息中心,查找
[2021-12-28],苦瓜,¥6.00,¥8.00,¥7.00,元/千克(kg) ,江苏丰县农林局,查找
[2021-12-28],圆茄子,¥2.00,¥4.60,¥3.56,元/千克(kg) ,乐亭县冀东果菜批发市场,查找
[2021-12-28],圆茄子,¥6.00,¥8.00,¥7.00,元/千克(kg) ,甘肃酒泉春光农产品市场有限责任公司,查找
[2021-12-28],圆茄子,¥8.00,¥0.00,¥9.00,元/千克(kg) ,新疆兵团第五师三和农副产品综合批发市场,查找
[2021-12-28],圆茄子,¥3.60,¥4.00,¥3.80,元/千克(kg) ,北京顺鑫石门农副产品批发市场,查找
[2021-12-28],圆茄子,¥3.00,¥5.00,¥3.40,元/千克(kg) ,江苏凌家塘农副产品批发市场,查找
[2021-12-28],圆茄子,¥5.00,¥7.00,¥6.80,元/千克(kg) ,呼和浩特市东瓦窑农副产品批发市场有限...,查找
[2021-12-28],圆茄子,¥4.00,¥6.00,¥5.00,元/千克(kg) ,山西新绛县蔬菜批发市场,查找
[2021-12-28],圆茄子,¥6.00,¥8.00,¥7.00,元/千克(kg) ,乌鲁木齐北园春（集团）有限责任公司北...,查找
[2021-12-28],圆茄子,¥4.40,¥4.80,¥4.60,元/千克(kg) ,河南万邦国际农产品物流股份有限公司,查找
[2021-12-28],圆茄子,¥4.60,¥4.60,¥4.60,元/千克(kg) ,晋城市绿盛农工商实业有限公司农副产品...,查找
[2021-12-28],圆茄子,¥5.00,¥5.50,¥5.00,元/千克(kg) ,新疆乌鲁木齐凌庆蔬菜果品有限公司,查找
[2021-12-28],圆茄子,¥0.00,¥0.00,¥5.40,元/千克(kg) ,蚌埠海吉星农产品物流有限公司,查找
[2021-12-28],圆茄子,¥4.50,¥5.30,¥5.00,元/千克(kg) ,新疆九鼎恒兴蔬菜经营管理有限公司,查找
[2021-12-28],圆茄子,¥4.60,¥7.40,¥5.00,元/千克(kg) ,天津市红旗农贸综合批发市场有限公司,查找
[2021-12-28],圆茄子,¥4.00,¥4.00,¥4.00,元/千克(kg) ,江苏丰县农林局,查找
[2021-12-28],圆茄子,¥4.00,¥6.00,¥5.00,元/千克(kg) ,北京八里桥农产品中心批发市场有限公司,查找
[2021-12-28],圆茄子,¥4.70,¥5.70,¥5.20,元/千克(kg) ,北京朝阳区大洋路综合市场,查找
[2021-12-28],茄子,¥10.00,¥10.00,¥10.00,元/千克(kg) ,湖北鄂州市蟠龙蔬菜批发市场,查找
[2021-12-28],茄子,¥3.00,¥3.40,¥3.20,元/千克(kg) ,成都市农产品中心批发市场,查找
[2021-12-28],茄子,¥3.00,¥7.00,¥5.00,元/千克(kg) ,山东青岛黄河路农产品批发市场,查找
[2021-12-28],茄子,¥3.00,¥3.40,¥3.20,元/千克(kg) ,江西乐平市蔬菜批发大市场,查找
[2021-12-28],茄子,¥0.00,¥0.00,¥4.40,元/千克(kg) ,内蒙赤峰西城市场,查找
[2021-12-28],茄子,¥0.00,¥0.00,¥4.60,元/千克(kg) ,四川雅安市汉源县九襄农产品批发市场,查找
[2021-12-28],茄子,¥4.00,¥6.00,¥5.00,元/千克(kg) ,云南通海金山蔬菜批发市场,查找
[2021-12-28],茄子,¥5.60,¥7.20,¥6.40,元/千克(kg) ,武汉白沙洲农副产品大市场有限公司,查找
[2021-12-28],豆角,¥1.00,¥13.36,¥7.53,元/千克(kg) ,福建省福州市海峡蔬菜批发市场,查找
[2021-12-28],豆角,¥0.00,¥0.00,¥10.00,元/千克(kg) ,浙江金华农产品批发市场,查找
[2021-12-28],豆角,¥13.00,¥17.00,¥15.00,元/千克(kg) ,上海农产品中心批发市场经营管理有限公司,查找
[2021-12-28],豆角,¥6.80,¥9.00,¥7.00,元/千克(kg) ,阜阳农产品中心批发市场,查找
[2021-12-28],豆角,¥8.00,¥11.00,¥9.50,元/千克(kg) ,徐州农副产品中心批发市场,查找
[2021-12-28],豆角,¥9.00,¥11.00,¥10.00,元/千克(kg) ,天津韩家墅海吉星农产品物流有限公司,查找
[2021-12-28],豆角,¥7.00,¥9.00,¥8.00,元/千克(kg) ,北京八里桥农产品中心批发市场有限公司,查找
[2021-12-28],豆角,¥7.80,¥8.80,¥8.30,元/千克(kg) ,北京朝阳区大洋路综合市场,查找
[2021-12-28],豆角,¥5.00,¥8.00,¥6.50,元/千克(kg) ,石家庄桥西蔬菜中心批发市场有限公司,查找
[2021-12-28],豆角,¥7.00,¥0.00,¥7.00,元/千克(kg) ,河北省怀来县京西果菜批发市场有限责任公司,查找
[2021-12-28],豆角,¥10.00,¥12.00,¥11.00,元/千克(kg) ,安徽合肥周谷堆农产品批发市场,查找
[2021-12-28],豆角,¥9.00,¥11.00,¥10.00,元/千克(kg) ,辽宁朝阳市果菜批发市场,查找
[2021-12-28],豆角,¥9.00,¥9.00,¥9.00,元/千克(kg) ,黑龙江鹤岗市万圃源蔬菜有限责任公司,查找
[2021-12-28],豆角,¥7.00,¥12.00,¥7.00,元/千克(kg) ,天津市金钟蔬菜批发市场,查找
[2021-12-28],豆角,¥8.00,¥10.00,¥9.00,元/千克(kg) ,广东汕头农副产品批发中心市场,查找
[2021-12-28],豆角,¥0.00,¥0.00,¥10.00,元/千克(kg) ,新疆绿珠九鼎农产品经营管理有限公司,查找
[2021-12-28],丝瓜,¥0.00,¥0.00,¥8.00,元/千克(kg) ,绍兴市蔬菜果品批发交易市场有限公司,查找
[2021-12-28],丝瓜,¥0.00,¥0.00,¥7.80,元/千克(kg) ,河南濮阳宏进农副产品批发市场有限公司...,查找
[2021-12-28],丝瓜,¥8.80,¥11.80,¥11.20,元/千克(kg) ,四川成都龙泉聚和(国际)果蔬菜交易中心,查找
[2021-12-28],丝瓜,¥8.40,¥8.60,¥8.50,元/千克(kg) ,河南万邦国际农产品物流股份有限公司,查找
[2021-12-28],丝瓜,¥13.00,¥15.00,¥14.00,元/千克(kg) ,乌鲁木齐北园春（集团）有限责任公司北...,查找
[2021-12-28],丝瓜,¥8.00,¥8.50,¥8.25,元/千克(kg) ,武汉白沙洲农副产品大市场有限公司,查找
[2021-12-28],丝瓜,¥4.40,¥8.60,¥7.11,元/千克(kg) ,中国寿光地利农产品物流园有限公司,查找
[2021-12-28],丝瓜,¥11.40,¥13.00,¥12.00,元/千克(kg) ,呼和浩特市东瓦窑农副产品批发市场有限...,查找
[2021-12-28],丝瓜,¥8.40,¥8.80,¥8.60,元/千克(kg) ,江西乐平市蔬菜批发大市场,查找
[2021-12-28],苦瓜,¥5.00,¥6.20,¥5.20,元/千克(kg) ,福建福鼎闽浙边界农贸中心市场,查找
[2021-12-28],苦瓜,¥13.00,¥15.00,¥14.00,元/千克(kg) ,山西晋城绿欣农产品批发交易中心,查找
[2021-12-28],苦瓜,¥9.00,¥10.00,¥9.50,元/千克(kg) ,石家庄桥西蔬菜中心批发市场有限公司,查找
[2021-12-28],苦瓜,¥0.00,¥0.00,¥8.80,元/千克(kg) ,浙江金华农产品批发市场,查找
[2021-12-28],苦瓜,¥9.00,¥10.60,¥9.80,元/千克(kg) ,天津韩家墅海吉星农产品物流有限公司,查找
[2021-12-28],苦瓜,¥9.00,¥10.00,¥9.50,元/千克(kg) ,北京朝阳区大洋路综合市场,查找
[2021-12-28],苦瓜,¥9.00,¥9.00,¥9.00,元/千克(kg) ,黑龙江鹤岗市万圃源蔬菜有限责任公司,查找
[2021-12-28],苦瓜,¥7.00,¥10.00,¥8.00,元/千克(kg) ,天津市金钟蔬菜批发市场,查找
[2021-12-28],苦瓜,¥4.20,¥5.20,¥4.70,元/千克(kg) ,广东汕头农副产品批发中心市场,查找
[2021-12-28],苦瓜,¥0.00,¥0.00,¥8.50,元/千克(kg) ,新疆绿珠九鼎农产品经营管理有限公司,查找
[2021-12-28],苦瓜,¥10.00,¥11.00,¥10.50,元/千克(kg) ,北京八里桥农产品中心批发市场有限公司,查找
[2021-12-28],苦瓜,¥12.00,¥0.00,¥13.00,元/千克(kg) ,新疆兵团第五师三和农副产品综合批发市场,查找
[2021-12-28],苦瓜,¥12.00,¥12.00,¥12.00,元/千克(kg) ,新疆克拉玛依农副产品批发市场,查找
[2021-12-28],苦瓜,¥8.70,¥9.00,¥8.80,元/千克(kg) ,河北魏县天仙果菜批发交易市场,查找
[2021-12-28],苦瓜,¥9.00,¥11.00,¥10.00,元/千克(kg) ,北京顺鑫石门农副产品批发市场,查找
[2021-12-28],苦瓜,¥1.00,¥6.00,¥3.80,元/千克(kg) ,滕州市农副产品物流中心有限公司,查找
[2021-12-28],苦瓜,¥9.00,¥9.00,¥9.00,元/千克(kg) ,中国寿光地利农产品物流园有限公司,查找
[2021-12-28],西葫芦,¥2.40,¥0.00,¥2.40,元/千克(kg) ,河北省怀来县京西果菜批发市场有限责任公司,查找
[2021-12-28],西葫芦,¥4.60,¥5.00,¥4.80,元/千克(kg) ,安徽合肥周谷堆农产品批发市场,查找
[2021-12-28],西葫芦,¥2.40,¥3.00,¥2.70,元/千克(kg) ,辽宁朝阳市果菜批发市场,查找
[2021-12-28],西葫芦,¥4.00,¥4.00,¥4.00,元/千克(kg) ,黑龙江鹤岗市万圃源蔬菜有限责任公司,查找
[2021-12-28],西葫芦,¥2.40,¥4.00,¥3.60,元/千克(kg) ,天津市金钟蔬菜批发市场,查找
[2021-12-28],西葫芦,¥0.00,¥0.00,¥2.80,元/千克(kg) ,山西汾阳市晋阳农副产品批发市场,查找
[2021-12-28],西葫芦,¥2.20,¥3.50,¥2.80,元/千克(kg) ,北京八里桥农产品中心批发市场有限公司,查找
[2021-12-28],西葫芦,¥2.00,¥3.00,¥2.60,元/千克(kg) ,山东青岛莱西市东庄头蔬菜批发市场服务...,查找
[2021-12-28],茄子,¥5.00,¥5.60,¥5.40,元/千克(kg) ,吉林省辽源市仙城物流园区有限公司,查找
[2021-12-28],红椒,¥8.00,¥12.00,¥10.00,元/千克(kg) ,北京八里桥农产品中心批发市场有限公司,查找
[2021-12-28],红椒,¥7.40,¥8.00,¥7.70,元/千克(kg) ,安徽合肥周谷堆农产品批发市场,查找
[2021-12-28],红椒,¥5.00,¥6.00,¥5.50,元/千克(kg) ,徐州农副产品中心批发市场,查找
[2021-12-28],红椒,¥0.00,¥0.00,¥10.00,元/千克(kg) ,安徽省淮北市中瑞农产品批发市场,查找
[2021-12-28],红椒,¥2.29,¥8.86,¥7.98,元/千克(kg) ,中国寿光地利农产品物流园有限公司,查找
[2021-12-28],红椒,¥6.00,¥8.00,¥7.00,元/千克(kg) ,江苏联谊农副产品批发市场,查找
[2021-12-28],红椒,¥12.00,¥14.00,¥13.00,元/千克(kg) ,山西晋城绿欣农产品批发交易中心,查找
[2021-12-28],红椒,¥0.00,¥0.00,¥9.00,元/千克(kg) ,浙江金华农产品批发市场,查找
[2021-12-28],红椒,¥4.80,¥5.40,¥5.00,元/千克(kg) ,河北魏县天仙果菜批发交易市场,查找
[2021-12-28],红椒,¥9.00,¥0.00,¥10.00,元/千克(kg) ,新疆兵团第五师三和农副产品综合批发市场,查找
[2021-12-28],红椒,¥10.00,¥13.00,¥11.50,元/千克(kg) ,新疆克拉玛依农副产品批发市场,查找
[2021-12-28],红椒,¥4.00,¥6.00,¥5.50,元/千克(kg) ,滕州市农副产品物流中心有限公司,查找
[2021-12-28],红椒,¥10.00,¥10.00,¥10.00,元/千克(kg) ,湖北鄂州市蟠龙蔬菜批发市场,查找
[2021-12-28],红椒,¥20.00,¥24.00,¥22.00,元/千克(kg) ,江苏凌家塘农副产品批发市场,查找
[2021-12-28],红椒,¥5.20,¥5.60,¥5.40,元/千克(kg) ,江西乐平市蔬菜批发大市场,查找
[2021-12-28],红椒,¥13.00,¥14.00,¥13.50,元/千克(kg) ,山西省长治市紫坊农产品综合交易市场有...,查找
[2021-12-28],红椒,¥7.50,¥8.50,¥8.00,元/千克(kg) ,武汉白沙洲农副产品大市场有限公司,查找
[2021-12-28],红椒,¥12.00,¥14.00,¥13.00,元/千克(kg) ,呼和浩特市东瓦窑农副产品批发市场有限...,查找
[2021-12-28],红椒,¥0.00,¥0.00,¥10.00,元/千克(kg) ,绍兴市蔬菜果品批发交易市场有限公司,查找
[2021-12-28],红椒,¥9.60,¥10.40,¥10.00,元/千克(kg) ,河南万邦国际农产品物流股份有限公司,查找
[2021-12-28],红椒,¥8.80,¥12.00,¥10.80,元/千克(kg) ,四川成都龙泉聚和(国际)果蔬菜交易中心,查找
[2021-12-28],红椒,¥6.00,¥8.00,¥7.00,元/千克(kg) ,安徽亳州农产品有限责任公司,查找
[2021-12-28],红椒,¥8.00,¥9.50,¥8.00,元/千克(kg) ,新疆乌鲁木齐凌庆蔬菜果品有限公司,查找
[2021-12-28],红椒,¥5.20,¥6.80,¥6.00,元/千克(kg) ,湖北浠水农产品批发市场,查找
[2021-12-28],黄瓜,¥2.00,¥5.00,¥3.50,元/千克(kg) ,广西新柳邕农产品批发市场有限公司,查找
[2021-12-28],黄瓜,¥4.60,¥5.40,¥5.00,元/千克(kg) ,邵阳市江北农产品批发大市场,查找
[2021-12-28],黄瓜,¥4.60,¥5.60,¥5.10,元/千克(kg) ,北京顺鑫石门农副产品批发市场,查找
[2021-12-28],黄瓜,¥5.00,¥5.60,¥5.60,元/千克(kg) ,山东威海市农副产品批发市场,查找
[2021-12-28],黄瓜,¥7.00,¥7.00,¥7.00,元/千克(kg) ,陕西泾云现代农业股份有限公司云阳蔬菜...,查找
[2021-12-28],黄瓜,¥4.00,¥5.00,¥4.50,元/千克(kg) ,山西省太原市河西农产品有限公司,查找
[2021-12-28],黄瓜,¥0.00,¥0.00,¥6.00,元/千克(kg) ,山东淄博市鲁中蔬菜批发市场,查找
[2021-12-28],黄瓜,¥3.00,¥5.60,¥3.50,元/千克(kg) ,上海市江桥批发市场经营管理有限公司,查找
[2021-12-28],黄瓜,¥6.00,¥6.00,¥6.00,元/千克(kg) ,内蒙包头市友谊蔬菜批发市场,查找
[2021-12-28],黄瓜,¥4.50,¥7.00,¥5.75,元/千克(kg) ,大连双兴商品城有限公司,查找
[2021-12-28],黄瓜,¥3.50,¥5.40,¥4.80,元/千克(kg) ,山东宁津县东崔蔬菜批发市场,查找
[2021-12-28],黄瓜,¥3.60,¥5.00,¥4.00,元/千克(kg) ,成都市农产品中心批发市场,查找
[2021-12-28],黄瓜,¥4.00,¥5.20,¥4.60,元/千克(kg) ,石家庄桥西蔬菜中心批发市场有限公司,查找
[2021-12-28],黄瓜,¥2.60,¥3.00,¥2.80,元/千克(kg) ,江西乐平市蔬菜批发大市场,查找
[2021-12-28],黄瓜,¥0.00,¥0.00,¥4.83,元/千克(kg) ,江苏无锡朝阳农产品大市场,查找
[2021-12-28],黄瓜,¥5.20,¥7.00,¥6.00,元/千克(kg) ,浙江宁波市蔬菜副食品批发交易市场,查找
[2021-12-28],黄瓜,¥0.00,¥0.00,¥6.00,元/千克(kg) ,鲁南蔬菜产业有限公司,查找
[2021-12-28],黄瓜,¥6.00,¥6.60,¥6.30,元/千克(kg) ,山东青岛黄河路农产品批发市场,查找
[2021-12-28],黄瓜,¥0.00,¥0.00,¥5.40,元/千克(kg) ,内蒙赤峰西城市场,查找
[2021-12-28],黄瓜,¥3.80,¥6.00,¥4.90,元/千克(kg) ,浙江嘉兴蔬菜批发交易市场,查找
[2021-12-28],黄瓜,¥2.00,¥6.00,¥3.00,元/千克(kg) ,滕州市农副产品物流中心有限公司,查找
[2021-12-28],黄瓜,¥0.00,¥0.00,¥5.80,元/千克(kg) ,四川雅安市汉源县九襄农产品批发市场,查找
[2021-12-28],黄瓜,¥4.00,¥6.00,¥5.00,元/千克(kg) ,云南通海金山蔬菜批发市场,查找
[2021-12-28],黄瓜,¥4.60,¥5.60,¥5.40,元/千克(kg) ,呼和浩特市东瓦窑农副产品批发市场有限...,查找
[2021-12-28],黄瓜,¥3.80,¥4.00,¥3.80,元/千克(kg) ,山西新绛县蔬菜批发市场,查找
[2021-12-28],平菇,¥5.00,¥6.00,¥5.60,元/千克(kg) ,甘肃天水市瀛池果菜批发市场,查找
[2021-12-28],平菇,¥9.00,¥12.00,¥10.00,元/千克(kg) ,四川南充川北农产品交易有限公司,查找
[2021-12-28],平菇,¥5.00,¥6.00,¥5.50,元/千克(kg) ,江苏宜兴市瑞德蔬菜果品批发市场有限公司,查找
[2021-12-28],平菇,¥0.00,¥0.00,¥8.00,元/千克(kg) ,四川广安市邻水县农产品交易中心,查找
[2021-12-28],平菇,¥4.80,¥5.60,¥5.20,元/千克(kg) ,河北秦皇岛海阳农副产品批发市场,查找
[2021-12-28],平菇,¥4.00,¥6.00,¥5.00,元/千克(kg) ,北京新发地农副产品批发市场信息中心,查找
[2021-12-28],平菇,¥6.00,¥7.00,¥6.60,元/千克(kg) ,江苏丰县农林局,查找
[2021-12-28],平菇,¥6.00,¥8.00,¥7.00,元/千克(kg) ,湖南长沙马王堆农产品股份有限公司,查找
[2021-12-28],平菇,¥8.50,¥11.00,¥10.00,元/千克(kg) ,新疆九鼎恒兴蔬菜经营管理有限公司,查找
[2021-12-28],平菇,¥3.20,¥5.60,¥3.60,元/千克(kg) ,天津市红旗农贸综合批发市场有限公司,查找
[2021-12-28],平菇,¥6.00,¥6.60,¥6.30,元/千克(kg) ,陕西咸阳新阳光批发市场,查找
[2021-12-28],平菇,¥6.00,¥9.00,¥8.00,元/千克(kg) ,青岛抚顺路蔬菜副食品批发市场股份有限公司,查找
[2021-12-28],蘑菇,¥0.00,¥0.00,¥14.00,元/千克(kg) ,浙江金华农产品批发市场,查找
[2021-12-28],蘑菇,¥8.41,¥16.00,¥11.72,元/千克(kg) ,浙江嘉兴蔬菜批发交易市场,查找
[2021-12-28],蘑菇,¥5.40,¥12.00,¥7.40,元/千克(kg) ,上海市江桥批发市场经营管理有限公司,查找
[2021-12-28],蘑菇,¥7.00,¥8.00,¥7.60,元/千克(kg) ,甘肃酒泉春光农产品市场有限责任公司,查找
[2021-12-28],蘑菇,¥7.00,¥7.00,¥7.00,元/千克(kg) ,内蒙包头市友谊蔬菜批发市场,查找
[2021-12-28],蘑菇,¥4.40,¥5.00,¥4.70,元/千克(kg) ,山西省长治市紫坊农产品综合交易市场有...,查找
[2021-12-28],蘑菇,¥0.00,¥0.00,¥13.00,元/千克(kg) ,绍兴市蔬菜果品批发交易市场有限公司,查找
[2021-12-28],蘑菇,¥7.00,¥7.00,¥7.00,元/千克(kg) ,山东青岛黄河路农产品批发市场,查找
[2021-12-28],蘑菇,¥5.00,¥6.00,¥5.50,元/千克(kg) ,石家庄桥西蔬菜中心批发市场有限公司,查找
[2021-12-28],鲜食玉米,¥0.00,¥0.00,¥3.20,元/千克(kg) ,福建厦门同安闽南果蔬批发市场,查找
[2021-12-28],鲜食玉米,¥3.40,¥5.20,¥4.00,元/千克(kg) ,上海市江桥批发市场经营管理有限公司,查找
[2021-12-28],鲜食玉米,¥0.00,¥0.00,¥5.60,元/千克(kg) ,绍兴市蔬菜果品批发交易市场有限公司,查找
[2021-12-28],毛豆,¥5.50,¥6.00,¥5.60,元/千克(kg) ,河北魏县天仙果菜批发交易市场,查找
[2021-12-28],香菇,¥9.60,¥10.00,¥9.80,元/千克(kg) ,山西太原丈子头农产品物流园（原城东利民）,查找
[2021-12-28],香菇,¥8.40,¥15.80,¥12.10,元/千克(kg) ,湖北浠水农产品批发市场,查找
[2021-12-28],香菇,¥7.00,¥7.00,¥7.00,元/千克(kg) ,新疆乌鲁木齐凌庆蔬菜果品有限公司,查找
[2021-12-28],香菇,¥18.00,¥22.00,¥20.00,元/千克(kg) ,浙江嘉善曹安农产品批发有限公司,查找
[2021-12-28],香菇,¥10.00,¥13.00,¥11.60,元/千克(kg) ,甘肃天水市瀛池果菜批发市场,查找
[2021-12-28],香菇,¥10.60,¥12.00,¥11.30,元/千克(kg) ,四川南充川北农产品交易有限公司,查找
[2021-12-28],香菇,¥13.00,¥15.00,¥14.00,元/千克(kg) ,江苏宜兴市瑞德蔬菜果品批发市场有限公司,查找
[2021-12-28],香菇,¥0.00,¥0.00,¥16.00,元/千克(kg) ,四川广安市邻水县农产品交易中心,查找
[2021-12-28],香菇,¥5.00,¥8.00,¥6.50,元/千克(kg) ,河北秦皇岛海阳农副产品批发市场,查找
[2021-12-28],香菇,¥6.00,¥9.00,¥7.50,元/千克(kg) ,北京新发地农副产品批发市场信息中心,查找
[2021-12-28],香菇,¥8.00,¥10.00,¥9.00,元/千克(kg) ,江苏丰县农林局,查找
[2021-12-28],香菇,¥6.40,¥10.00,¥8.20,元/千克(kg) ,湖南长沙马王堆农产品股份有限公司,查找
[2021-12-28],香菇,¥6.00,¥9.00,¥7.00,元/千克(kg) ,天津市红旗农贸综合批发市场有限公司,查找
[2021-12-28],香菇,¥10.00,¥12.00,¥11.00,元/千克(kg) ,陕西咸阳新阳光批发市场,查找
[2021-12-28],香菇,¥0.00,¥0.00,¥9.00,元/千克(kg) ,山东滨州(六街）鲁北蔬菜批发市场,查找
[2021-12-28],香菇,¥10.00,¥16.00,¥13.20,元/千克(kg) ,安徽六安市裕安区紫竹林农产品批发市场,查找
[2021-12-28],香菇,¥8.00,¥14.60,¥11.34,元/千克(kg) ,浙江嘉兴蔬菜批发交易市场,查找
[2021-12-28],香菇,¥11.00,¥12.00,¥11.40,元/千克(kg) ,山西新绛县蔬菜批发市场,查找
[2021-12-28],香菇,¥7.00,¥8.00,¥7.50,元/千克(kg) ,山西省太原市河西农产品有限公司,查找
[2021-12-28],香菇,¥0.00,¥0.00,¥8.00,元/千克(kg) ,山东淄博市鲁中蔬菜批发市场,查找
[2021-12-28],香菇,¥0.00,¥0.00,¥6.50,元/千克(kg) ,四川雅安市汉源县九襄农产品批发市场,查找
[2021-12-28],香菇,¥8.00,¥12.00,¥10.20,元/千克(kg) ,广州江南果菜批发市场经营管理有限公司,查找
[2021-12-28],香菇,¥7.00,¥13.00,¥12.00,元/千克(kg) ,甘肃酒泉春光农产品市场有限责任公司,查找
[2021-12-28],香菇,¥16.00,¥0.00,¥17.00,元/千克(kg) ,新疆兵团第五师三和农副产品综合批发市场,查找
[2021-12-28],香菇,¥16.00,¥17.00,¥16.50,元/千克(kg) ,新疆克拉玛依农副产品批发市场,查找
[2021-12-28],毛豆,¥11.00,¥12.00,¥11.50,元/千克(kg) ,北京新发地农副产品批发市场信息中心,查找
[2021-12-28],毛豆,¥10.00,¥12.00,¥11.00,元/千克(kg) ,浙江嘉善曹安农产品批发有限公司,查找
[2021-12-28],毛豆,¥8.00,¥9.40,¥8.70,元/千克(kg) ,湖北浠水农产品批发市场,查找
[2021-12-28],毛豆,¥10.00,¥12.00,¥11.00,元/千克(kg) ,江苏苏州南环桥农副产品批发市场,查找
[2021-12-28],毛豆,¥9.00,¥11.00,¥10.00,元/千克(kg) ,呼和浩特市东瓦窑农副产品批发市场有限...,查找
[2021-12-28],毛豆,¥10.00,¥10.50,¥10.25,元/千克(kg) ,武汉白沙洲农副产品大市场有限公司,查找
[2021-12-28],毛豆,¥0.00,¥0.00,¥10.00,元/千克(kg) ,浙江金华农产品批发市场,查找
[2021-12-28],毛豆,¥9.00,¥10.00,¥9.50,元/千克(kg) ,广东汕头农副产品批发中心市场,查找
[2021-12-28],毛豆,¥7.00,¥10.00,¥8.50,元/千克(kg) ,安徽合肥周谷堆农产品批发市场,查找
[2021-12-28],毛豆,¥11.00,¥12.00,¥11.50,元/千克(kg) ,北京朝阳区大洋路综合市场,查找
[2021-12-28],毛豆,¥8.00,¥13.00,¥10.50,元/千克(kg) ,徐州农副产品中心批发市场,查找
[2021-12-28],毛豆,¥6.60,¥7.00,¥6.80,元/千克(kg) ,江西乐平市蔬菜批发大市场,查找
[2021-12-28],毛豆,¥10.00,¥10.00,¥10.00,元/千克(kg) ,湖北鄂州市蟠龙蔬菜批发市场,查找
[2021-12-28],毛豆,¥0.00,¥0.00,¥11.00,元/千克(kg) ,绍兴市蔬菜果品批发交易市场有限公司,查找
[2021-12-28],毛豆,¥5.80,¥6.60,¥6.20,元/千克(kg) ,河南万邦国际农产品物流股份有限公司,查找
[2021-12-28],毛豆,¥8.60,¥15.18,¥10.82,元/千克(kg) ,浙江嘉兴蔬菜批发交易市场,查找
[2021-12-28],毛豆,¥5.00,¥8.00,¥6.00,元/千克(kg) ,江苏凌家塘农副产品批发市场,查找
[2021-12-28],豌豆尖,¥3.00,¥4.00,¥3.50,元/千克(kg) ,北京朝阳区大洋路综合市场,查找
[2021-12-28],豌豆尖,¥8.00,¥10.00,¥8.90,元/千克(kg) ,四川南充川北农产品交易有限公司,查找
[2021-12-28],豌豆尖,¥20.00,¥0.00,¥25.00,元/千克(kg) ,新疆兵团第五师三和农副产品综合批发市场,查找
[2021-12-28],豌豆,¥4.00,¥5.00,¥4.50,元/千克(kg) ,北京朝阳区大洋路综合市场,查找
[2021-12-28],豌豆,¥14.00,¥16.00,¥14.00,元/千克(kg) ,湖北鄂州市蟠龙蔬菜批发市场,查找
[2021-12-28],豌豆,¥15.40,¥17.40,¥16.40,元/千克(kg) ,四川成都龙泉聚和(国际)果蔬菜交易中心,查找
[2021-12-28],豌豆,¥5.67,¥11.47,¥9.53,元/千克(kg) ,中国寿光地利农产品物流园有限公司,查找
[2021-12-28],豇豆,¥0.00,¥0.00,¥12.00,元/千克(kg) ,绵阳市高水农副产品批发有限公司,查找
[2021-12-28],哈密瓜,¥2.50,¥9.00,¥4.00,元/千克(kg) ,滕州市农副产品物流中心有限公司,查找
[2021-12-28],哈密瓜,¥9.00,¥0.00,¥10.00,元/千克(kg) ,新疆兵团第五师三和农副产品综合批发市场,查找
[2021-12-28],哈密瓜,¥5.00,¥6.00,¥5.50,元/千克(kg) ,新疆克拉玛依农副产品批发市场,查找
[2021-12-28],哈密瓜,¥4.60,¥5.00,¥4.80,元/千克(kg) ,河北魏县天仙果菜批发交易市场,查找
[2021-12-28],哈密瓜,¥3.60,¥4.00,¥3.80,元/千克(kg) ,北京顺鑫石门农副产品批发市场,查找
[2021-12-28],哈密瓜,¥3.00,¥4.00,¥3.50,元/千克(kg) ,徐州农副产品中心批发市场,查找
[2021-12-28],哈密瓜,¥6.00,¥10.00,¥8.00,元/千克(kg) ,天津韩家墅海吉星农产品物流有限公司,查找
[2021-12-28],哈密瓜,¥0.00,¥0.00,¥5.00,元/千克(kg) ,新疆绿珠九鼎农产品经营管理有限公司,查找
[2021-12-28],哈密瓜,¥4.80,¥5.20,¥5.00,元/千克(kg) ,石家庄桥西蔬菜中心批发市场有限公司,查找
[2021-12-28],哈密瓜,¥4.00,¥4.40,¥4.20,元/千克(kg) ,遵义金土地绿色产品交易有限公司,查找
[2021-12-28],哈密瓜,¥4.20,¥5.00,¥4.60,元/千克(kg) ,安徽合肥周谷堆农产品批发市场,查找
[2021-12-28],哈密瓜,¥7.00,¥7.40,¥7.20,元/千克(kg) ,山西太原丈子头农产品物流园（原城东利民）,查找
[2021-12-28],哈密瓜,¥3.20,¥4.40,¥3.60,元/千克(kg) ,河南南阳果品批发交易中心,查找
[2021-12-28],哈密瓜,¥5.00,¥7.00,¥6.00,元/千克(kg) ,安徽亳州农产品有限责任公司,查找
[2021-12-28],哈密瓜,¥5.40,¥6.00,¥5.60,元/千克(kg) ,北京京丰岳各庄农副产品批发市场,查找
[2021-12-28],哈密瓜,¥4.60,¥5.20,¥4.80,元/千克(kg) ,北京八里桥农产品中心批发市场有限公司,查找
[2021-12-28],哈密瓜,¥10.00,¥11.00,¥10.50,元/千克(kg) ,北京朝阳区大洋路综合市场,查找
[2021-12-28],哈密瓜,¥5.60,¥6.00,¥5.80,元/千克(kg) ,河南万邦国际农产品物流股份有限公司,查找
[2021-12-28],哈密瓜,¥7.00,¥9.00,¥8.00,元/千克(kg) ,乌鲁木齐北园春（集团）有限责任公司北...,查找
[2021-12-28],哈密瓜,¥5.00,¥9.00,¥6.50,元/千克(kg) ,山西长治市金鑫瓜果批发市场,查找
[2021-12-28],哈密瓜,¥5.40,¥6.40,¥5.90,元/千克(kg) ,广东汕头农副产品批发中心市场,查找
[2021-12-28],哈密瓜,¥0.00,¥0.00,¥4.67,元/千克(kg) ,江苏无锡朝阳农产品大市场,查找
[2021-12-28],哈密瓜,¥4.00,¥6.00,¥5.00,元/千克(kg) ,广东江门市新会区水果食品批发市场有限公司,查找
[2021-12-28],哈密瓜,¥3.20,¥6.40,¥4.80,元/千克(kg) ,大连双兴商品城有限公司,查找
[2021-12-28],哈密瓜,¥4.00,¥7.00,¥5.50,元/千克(kg) ,山西省太原市河西农产品有限公司,查找
[2021-12-28],杏鲍菇,¥6.00,¥8.00,¥7.00,元/千克(kg) ,北京新发地农副产品批发市场信息中心,查找
[2021-12-28],杏鲍菇,¥0.00,¥0.00,¥10.00,元/千克(kg) ,新疆绿珠九鼎农产品经营管理有限公司,查找
[2021-12-28],杏鲍菇,¥1.60,¥3.00,¥2.67,元/千克(kg) ,中国寿光地利农产品物流园有限公司,查找
[2021-12-28],杏鲍菇,¥5.00,¥6.00,¥5.50,元/千克(kg) ,北京朝阳区大洋路综合市场,查找
[2021-12-28],凤尾菇,¥10.20,¥11.40,¥10.80,元/千克(kg) ,福建福鼎闽浙边界农贸中心市场,查找
[2021-12-28],平菇,¥7.00,¥8.00,¥7.50,元/千克(kg) ,北京朝阳区大洋路综合市场,查找
[2021-12-28],平菇,¥5.00,¥7.00,¥6.00,元/千克(kg) ,徐州农副产品中心批发市场,查找
[2021-12-28],平菇,¥7.00,¥9.00,¥8.00,元/千克(kg) ,上海农产品中心批发市场经营管理有限公司,查找
[2021-12-28],平菇,¥7.00,¥9.00,¥8.00,元/千克(kg) ,辽宁朝阳市果菜批发市场,查找
[2021-12-28],平菇,¥7.00,¥7.00,¥7.00,元/千克(kg) ,黑龙江鹤岗市万圃源蔬菜有限责任公司,查找
[2021-12-28],平菇,¥2.50,¥3.20,¥2.85,元/千克(kg) ,广东汕头农副产品批发中心市场,查找
[2021-12-28],平菇,¥0.00,¥0.00,¥10.00,元/千克(kg) ,新疆绿珠九鼎农产品经营管理有限公司,查找
[2021-12-28],平菇,¥5.00,¥7.00,¥6.00,元/千克(kg) ,北京八里桥农产品中心批发市场有限公司,查找
[2021-12-28],平菇,¥5.00,¥6.00,¥5.50,元/千克(kg) ,石家庄桥西蔬菜中心批发市场有限公司,查找
[2021-12-28],平菇,¥9.00,¥10.20,¥9.60,元/千克(kg) ,福建福鼎闽浙边界农贸中心市场,查找
[2021-12-28],平菇,¥7.00,¥7.00,¥7.00,元/千克(kg) ,江苏联谊农副产品批发市场,查找
[2021-12-28],平菇,¥4.00,¥8.00,¥6.56,元/千克(kg) ,福建省福州市海峡蔬菜批发市场,查找
[2021-12-28],平菇,¥6.00,¥9.00,¥7.00,元/千克(kg) ,青岛市城阳蔬菜水产品批发市场有限公司,查找
[2021-12-28],平菇,¥6.00,¥7.00,¥6.50,元/千克(kg) ,北京顺鑫石门农副产品批发市场,查找
[2021-12-28],平菇,¥2.80,¥3.20,¥3.00,元/千克(kg) ,河北魏县天仙果菜批发交易市场,查找
[2021-12-28],平菇,¥0.00,¥0.00,¥5.60,元/千克(kg) ,天津碧城农产品批发市场,查找
[2021-12-28],平菇,¥2.00,¥4.00,¥3.44,元/千克(kg) ,乐亭县冀东果菜批发市场,查找
[2021-12-28],平菇,¥0.00,¥0.00,¥6.60,元/千克(kg) ,安徽省淮北市中瑞农产品批发市场,查找
[2021-12-28],平菇,¥3.00,¥3.00,¥3.00,元/千克(kg) ,山西新绛县蔬菜批发市场,查找
[2021-12-28],平菇,¥9.00,¥0.00,¥9.00,元/千克(kg) ,新疆兵团第五师三和农副产品综合批发市场,查找
[2021-12-28],西葫芦,¥6.00,¥8.00,¥7.00,元/千克(kg) ,徐州农副产品中心批发市场,查找
[2021-12-28],西葫芦,¥3.40,¥4.00,¥3.70,元/千克(kg) ,天津韩家墅海吉星农产品物流有限公司,查找
[2021-12-28],西葫芦,¥0.00,¥0.00,¥6.30,元/千克(kg) ,新疆绿珠九鼎农产品经营管理有限公司,查找
[2021-12-28],西葫芦,¥3.50,¥4.50,¥4.00,元/千克(kg) ,北京朝阳区大洋路综合市场,查找
[2021-12-28],西葫芦,¥1.40,¥2.40,¥1.90,元/千克(kg) ,石家庄桥西蔬菜中心批发市场有限公司,查找
[2021-12-28],西葫芦,¥1.00,¥5.20,¥2.57,元/千克(kg) ,福建省福州市海峡蔬菜批发市场,查找
[2021-12-28],西葫芦,¥0.00,¥0.00,¥3.00,元/千克(kg) ,浙江金华农产品批发市场,查找
[2021-12-28],西葫芦,¥6.00,¥8.00,¥7.00,元/千克(kg) ,上海农产品中心批发市场经营管理有限公司,查找
[2021-12-28],西葫芦,¥0.00,¥0.00,¥3.00,元/千克(kg) ,山东滨州(六街）鲁北蔬菜批发市场,查找
[2021-12-28],西葫芦,¥2.20,¥2.40,¥2.30,元/千克(kg) ,山西晋城绿欣农产品批发交易中心,查找
[2021-12-28],西葫芦,¥1.20,¥2.60,¥2.03,元/千克(kg) ,中国寿光地利农产品物流园有限公司,查找
[2021-12-28],西葫芦,¥0.00,¥0.00,¥2.80,元/千克(kg) ,天津碧城农产品批发市场,查找
[2021-12-28],西葫芦,¥1.60,¥1.60,¥1.60,元/千克(kg) ,乐亭县冀东果菜批发市场,查找
[2021-12-28],西葫芦,¥0.00,¥0.00,¥3.40,元/千克(kg) ,安徽省淮北市中瑞农产品批发市场,查找
[2021-12-28],西葫芦,¥4.40,¥5.40,¥5.00,元/千克(kg) ,青岛市城阳蔬菜水产品批发市场有限公司,查找
[2021-12-28],西葫芦,¥3.00,¥3.00,¥3.00,元/千克(kg) ,天津何庄子鲜活农产品中心批发市场,查找
[2021-12-28],西葫芦,¥2.00,¥3.00,¥2.40,元/千克(kg) ,山东德州黑马农贸水产批发市场,查找
[2021-12-28],西葫芦,¥2.00,¥3.00,¥2.50,元/千克(kg) ,北京顺鑫石门农副产品批发市场,查找
[2021-12-28],西葫芦,¥3.00,¥3.20,¥3.20,元/千克(kg) ,山东威海市农副产品批发市场,查找
[2021-12-28],西葫芦,¥2.00,¥3.00,¥2.50,元/千克(kg) ,滕州市农副产品物流中心有限公司,查找
[2021-12-28],西葫芦,¥2.60,¥2.60,¥2.60,元/千克(kg) ,广西新柳邕农产品批发市场有限公司,查找
[2021-12-28],西葫芦,¥0.80,¥5.00,¥2.40,元/千克(kg) ,广州江南果菜批发市场经营管理有限公司,查找
[2021-12-28],西葫芦,¥3.20,¥4.00,¥3.60,元/千克(kg) ,甘肃酒泉春光农产品市场有限责任公司,查找
[2021-12-28],西葫芦,¥6.00,¥0.00,¥7.00,元/千克(kg) ,新疆兵团第五师三和农副产品综合批发市场,查找
[2021-12-28],西葫芦,¥4.50,¥5.00,¥4.75,元/千克(kg) ,新疆克拉玛依农副产品批发市场,查找
[2021-12-28],哈密瓜,¥6.00,¥10.00,¥8.00,元/千克(kg) ,江苏凌家塘农副产品批发市场,查找
[2021-12-28],哈密瓜,¥0.00,¥0.00,¥7.80,元/千克(kg) ,蚌埠海吉星农产品物流有限公司,查找
[2021-12-28],哈密瓜,¥8.00,¥9.00,¥8.40,元/千克(kg) ,天津市红旗农贸综合批发市场有限公司,查找
[2021-12-28],哈密瓜,¥7.50,¥7.80,¥7.65,元/千克(kg) ,马鞍山市安民农副产品贸易有限公司,查找
[2021-12-28],伽师瓜,¥7.60,¥10.00,¥8.00,元/千克(kg) ,江苏凌家塘农副产品批发市场,查找
[2021-12-28],伽师瓜,¥10.00,¥10.00,¥10.00,元/千克(kg) ,新疆克拉玛依农副产品批发市场,查找
[2021-12-28],香瓜,¥10.00,¥13.00,¥12.00,元/千克(kg) ,乐亭县冀东果菜批发市场,查找
[2021-12-28],香瓜,¥8.00,¥15.00,¥9.00,元/千克(kg) ,滕州市农副产品物流中心有限公司,查找
[2021-12-28],香瓜,¥5.60,¥7.00,¥5.60,元/千克(kg) ,济南堤口果品批发发展有限责任公司,查找
[2021-12-28],香瓜,¥5.00,¥6.00,¥5.50,元/千克(kg) ,江苏凌家塘农副产品批发市场,查找
[2021-12-28],网纹瓜,¥7.20,¥11.60,¥9.40,元/千克(kg) ,北京新发地农副产品批发市场信息中心,查找
[2021-12-28],伊丽沙白瓜,¥4.40,¥5.40,¥4.90,元/千克(kg) ,北京朝阳区大洋路综合市场,查找
[2021-12-28],甜瓜,¥9.00,¥0.00,¥10.00,元/千克(kg) ,新疆兵团第五师三和农副产品综合批发市场,查找
[2021-12-28],甜瓜,¥4.00,¥5.00,¥4.50,元/千克(kg) ,新疆克拉玛依农副产品批发市场,查找
[2021-12-28],甜瓜,¥12.00,¥18.00,¥12.00,元/千克(kg) ,济南堤口果品批发发展有限责任公司,查找
[2021-12-28],甜瓜,¥0.00,¥0.00,¥9.15,元/千克(kg) ,江苏无锡朝阳农产品大市场,查找
[2021-12-28],京欣西瓜,¥3.00,¥15.00,¥8.50,元/千克(kg) ,滕州市农副产品物流中心有限公司,查找
[2021-12-28],京欣西瓜,¥5.00,¥8.00,¥6.50,元/千克(kg) ,北京顺鑫石门农副产品批发市场,查找
[2021-12-28],麒麟西瓜,¥2.50,¥6.00,¥3.90,元/千克(kg) ,滕州市农副产品物流中心有限公司,查找
[2021-12-28],麒麟西瓜,¥8.60,¥10.00,¥9.00,元/千克(kg) ,天津市红旗农贸综合批发市场有限公司,查找
[2021-12-28],黑美人西瓜,¥3.80,¥4.00,¥3.90,元/千克(kg) ,广东江门市新会区水果食品批发市场有限公司,查找
[2021-12-28],黑美人西瓜,¥5.50,¥10.00,¥8.00,元/千克(kg) ,滕州市农副产品物流中心有限公司,查找
[2021-12-28],黑美人西瓜,¥5.00,¥5.00,¥5.00,元/千克(kg) ,乐亭县冀东果菜批发市场,查找
[2021-12-28],黑美人西瓜,¥4.40,¥5.60,¥4.80,元/千克(kg) ,济南堤口果品批发发展有限责任公司,查找
[2021-12-28],黑美人西瓜,¥5.00,¥5.20,¥5.10,元/千克(kg) ,河南万邦国际农产品物流股份有限公司,查找
[2021-12-28],西葫芦,¥1.60,¥3.00,¥2.00,元/千克(kg) ,河北魏县天仙果菜批发交易市场,查找
[2021-12-28],西葫芦,¥4.00,¥4.00,¥4.00,元/千克(kg) ,内蒙包头市友谊蔬菜批发市场,查找
[2021-12-28],西葫芦,¥3.00,¥4.00,¥3.50,元/千克(kg) ,大连双兴商品城有限公司,查找
[2021-12-28],西葫芦,¥2.60,¥3.20,¥2.90,元/千克(kg) ,山西省太原市河西农产品有限公司,查找
[2021-12-28],西葫芦,¥0.00,¥0.00,¥2.40,元/千克(kg) ,山东淄博市鲁中蔬菜批发市场,查找
[2021-12-28],西葫芦,¥3.40,¥3.40,¥3.40,元/千克(kg) ,陕西泾云现代农业股份有限公司云阳蔬菜...,查找
[2021-12-28],西葫芦,¥2.40,¥4.43,¥3.46,元/千克(kg) ,浙江嘉兴蔬菜批发交易市场,查找
[2021-12-28],西葫芦,¥0.00,¥0.00,¥2.00,元/千克(kg) ,鲁南蔬菜产业有限公司,查找
[2021-12-28],西葫芦,¥3.00,¥5.00,¥4.00,元/千克(kg) ,山东青岛黄河路农产品批发市场,查找
[2021-12-28],西葫芦,¥3.00,¥3.40,¥3.20,元/千克(kg) ,江西乐平市蔬菜批发大市场,查找
[2021-12-28],西葫芦,¥2.00,¥2.40,¥2.20,元/千克(kg) ,山西省长治市紫坊农产品综合交易市场有...,查找
[2021-12-28],西葫芦,¥6.00,¥7.00,¥6.00,元/千克(kg) ,湖北鄂州市蟠龙蔬菜批发市场,查找
[2021-12-28],西葫芦,¥4.00,¥5.30,¥4.60,元/千克(kg) ,浙江宁波市蔬菜副食品批发交易市场,查找
[2021-12-28],西葫芦,¥1.40,¥3.20,¥2.60,元/千克(kg) ,江苏凌家塘农副产品批发市场,查找
[2021-12-28],西葫芦,¥2.20,¥3.60,¥2.90,元/千克(kg) ,武汉白沙洲农副产品大市场有限公司,查找
[2021-12-28],西葫芦,¥0.00,¥0.00,¥2.60,元/千克(kg) ,山西临汾尧丰农副产品批发市场,查找
[2021-12-28],西葫芦,¥2.00,¥3.00,¥2.40,元/千克(kg) ,山西新绛县蔬菜批发市场,查找
[2021-12-28],西葫芦,¥0.00,¥0.00,¥2.40,元/千克(kg) ,河南濮阳宏进农副产品批发市场有限公司...,查找
[2021-12-28],西葫芦,¥3.00,¥3.60,¥3.50,元/千克(kg) ,呼和浩特市东瓦窑农副产品批发市场有限...,查找
[2021-12-28],西葫芦,¥0.00,¥0.00,¥3.80,元/千克(kg) ,绍兴市蔬菜果品批发交易市场有限公司,查找
[2021-12-28],西葫芦,¥1.80,¥2.00,¥1.90,元/千克(kg) ,河南万邦国际农产品物流股份有限公司,查找
[2021-12-28],西葫芦,¥4.30,¥6.30,¥5.30,元/千克(kg) ,乌鲁木齐北园春（集团）有限责任公司北...,查找
[2021-12-28],西葫芦,¥3.40,¥3.60,¥3.40,元/千克(kg) ,甘肃武山县蔬菜事业管理局,查找
[2021-12-28],西葫芦,¥3.20,¥3.60,¥3.40,元/千克(kg) ,三门峡金河农产品批发交易中心,查找
[2021-12-28],西葫芦,¥0.00,¥0.00,¥5.00,元/千克(kg) ,呼和浩特市美通首府无公害农产品批发市场,查找
[2021-12-28],西瓜,¥4.55,¥5.20,¥4.88,元/千克(kg) ,红星实业集团有限公司红星农副产品大市场,查找
[2021-12-28],西瓜,¥3.00,¥3.60,¥3.20,元/千克(kg) ,河南南阳果品批发交易中心,查找
[2021-12-28],西瓜,¥5.00,¥7.00,¥6.00,元/千克(kg) ,安徽亳州农产品有限责任公司,查找
[2021-12-28],西瓜,¥9.00,¥9.60,¥9.20,元/千克(kg) ,北京京丰岳各庄农副产品批发市场,查找
[2021-12-28],西瓜,¥4.40,¥10.00,¥5.60,元/千克(kg) ,济南堤口果品批发发展有限责任公司,查找
[2021-12-28],西瓜,¥6.60,¥6.60,¥6.60,元/千克(kg) ,北京八里桥农产品中心批发市场有限公司,查找
[2021-12-28],西瓜,¥5.20,¥6.00,¥5.60,元/千克(kg) ,北京朝阳区大洋路综合市场,查找
[2021-12-28],西瓜,¥6.50,¥7.50,¥7.00,元/千克(kg) ,山西长治市金鑫瓜果批发市场,查找
[2021-12-28],西瓜,¥5.00,¥8.00,¥6.00,元/千克(kg) ,乌鲁木齐北园春（集团）有限责任公司北...,查找
[2021-12-28],西瓜,¥0.00,¥0.00,¥10.17,元/千克(kg) ,江苏无锡朝阳农产品大市场,查找
[2021-12-28],西瓜,¥4.14,¥7.71,¥5.93,元/千克(kg) ,广州江南果菜批发市场经营管理有限公司,查找
[2021-12-28],西瓜,¥5.00,¥9.00,¥7.00,元/千克(kg) ,山西省太原市河西农产品有限公司,查找
[2021-12-28],西瓜,¥0.00,¥0.00,¥8.00,元/千克(kg) ,内蒙赤峰西城市场,查找
[2021-12-28],西瓜,¥5.60,¥9.00,¥9.00,元/千克(kg) ,山东威海市农副产品批发市场,查找
[2021-12-28],西瓜,¥0.00,¥0.00,¥6.00,元/千克(kg) ,蚌埠海吉星农产品物流有限公司,查找
[2021-12-28],西瓜,¥8.03,¥8.03,¥8.03,元/千克(kg) ,北京新发地农副产品批发市场信息中心,查找
[2021-12-28],西瓜,¥6.00,¥7.40,¥7.30,元/千克(kg) ,青岛抚顺路蔬菜副食品批发市场股份有限公司,查找
[2021-12-28],西瓜,¥6.40,¥6.60,¥6.50,元/千克(kg) ,山西太原丈子头农产品物流园（原城东利民）,查找
[2021-12-28],西瓜,¥4.40,¥5.00,¥4.70,元/千克(kg) ,湖南长沙马王堆农产品股份有限公司,查找
[2021-12-28],木瓜,¥7.00,¥9.00,¥9.00,元/千克(kg) ,济南堤口果品批发发展有限责任公司,查找
[2021-12-28],木瓜,¥5.00,¥6.00,¥5.50,元/千克(kg) ,山西长治市金鑫瓜果批发市场,查找
[2021-12-28],木瓜,¥6.10,¥6.50,¥6.30,元/千克(kg) ,河南万邦国际农产品物流股份有限公司,查找
[2021-12-28],木瓜,¥0.00,¥0.00,¥8.50,元/千克(kg) ,蚌埠海吉星农产品物流有限公司,查找
[2021-12-28],木瓜,¥11.00,¥12.40,¥11.70,元/千克(kg) ,北京新发地农副产品批发市场信息中心,查找
[2021-12-28],木瓜,¥9.00,¥11.00,¥10.00,元/千克(kg) ,河南南阳果品批发交易中心,查找
[2021-12-28],西红柿,¥6.60,¥8.00,¥7.40,元/千克(kg) ,青岛市城阳蔬菜水产品批发市场有限公司,查找
[2021-12-28],西红柿,¥4.00,¥9.00,¥6.51,元/千克(kg) ,浙江嘉兴蔬菜批发交易市场,查找
[2021-12-28],西红柿,¥6.80,¥7.00,¥6.90,元/千克(kg) ,山西晋城绿欣农产品批发交易中心,查找
[2021-12-28],西红柿,¥0.00,¥0.00,¥6.40,元/千克(kg) ,山东滨州(六街）鲁北蔬菜批发市场,查找
[2021-12-28],西红柿,¥4.00,¥8.00,¥6.00,元/千克(kg) ,安徽六安市裕安区紫竹林农产品批发市场,查找
[2021-12-28],西红柿,¥3.00,¥6.00,¥4.60,元/千克(kg) ,乐亭县冀东果菜批发市场,查找
[2021-12-28],西红柿,¥4.00,¥7.00,¥5.20,元/千克(kg) ,河北魏县天仙果菜批发交易市场,查找
[2021-12-28],西红柿,¥3.20,¥5.00,¥4.00,元/千克(kg) ,吉林省辽源市仙城物流园区有限公司,查找
[2021-12-28],西红柿,¥5.00,¥9.80,¥6.90,元/千克(kg) ,广州江南果菜批发市场经营管理有限公司,查找
[2021-12-28],西红柿,¥6.60,¥7.60,¥7.20,元/千克(kg) ,甘肃酒泉春光农产品市场有限责任公司,查找
[2021-12-28],西红柿,¥8.00,¥0.00,¥9.00,元/千克(kg) ,新疆兵团第五师三和农副产品综合批发市场,查找
[2021-12-28],西红柿,¥8.00,¥8.00,¥8.00,元/千克(kg) ,新疆克拉玛依农副产品批发市场,查找
[2021-12-28],西红柿,¥2.40,¥6.00,¥4.20,元/千克(kg) ,广西新柳邕农产品批发市场有限公司,查找
[2021-12-28],西红柿,¥7.60,¥8.40,¥8.00,元/千克(kg) ,邵阳市江北农产品批发大市场,查找
[2021-12-28],西红柿,¥5.60,¥6.80,¥6.20,元/千克(kg) ,北京顺鑫石门农副产品批发市场,查找
[2021-12-28],西红柿,¥7.00,¥7.60,¥7.60,元/千克(kg) ,山东威海市农副产品批发市场,查找
[2021-12-28],西红柿,¥0.00,¥0.00,¥6.00,元/千克(kg) ,四川雅安市汉源县九襄农产品批发市场,查找
[2021-12-28],西红柿,¥9.80,¥9.80,¥9.80,元/千克(kg) ,陕西泾云现代农业股份有限公司云阳蔬菜...,查找
[2021-12-28],西红柿,¥0.00,¥0.00,¥7.00,元/千克(kg) ,山东淄博市鲁中蔬菜批发市场,查找
[2021-12-28],西红柿,¥4.80,¥7.10,¥5.80,元/千克(kg) ,上海市江桥批发市场经营管理有限公司,查找
[2021-12-28],西红柿,¥7.00,¥7.00,¥7.00,元/千克(kg) ,内蒙包头市友谊蔬菜批发市场,查找
[2021-12-28],西红柿,¥4.00,¥7.00,¥5.50,元/千克(kg) ,大连双兴商品城有限公司,查找
[2021-12-28],西红柿,¥7.00,¥8.00,¥7.60,元/千克(kg) ,成都市农产品中心批发市场,查找
[2021-12-28],西红柿,¥5.60,¥6.00,¥5.80,元/千克(kg) ,江西乐平市蔬菜批发大市场,查找
[2021-12-28],西红柿,¥0.00,¥0.00,¥6.78,元/千克(kg) ,江苏无锡朝阳农产品大市场,查找
[2021-12-28],青椒,¥4.00,¥4.40,¥4.20,元/千克(kg) ,阳泉蔬菜副食有限公司,查找
[2021-12-28],青椒,¥6.00,¥7.00,¥6.50,元/千克(kg) ,辽宁鞍山宁远农产品批发市场,查找
[2021-12-28],青椒,¥0.00,¥0.00,¥9.00,元/千克(kg) ,四川广安市邻水县农产品交易中心,查找
[2021-12-28],青椒,¥2.60,¥5.00,¥3.80,元/千克(kg) ,河北秦皇岛海阳农副产品批发市场,查找
[2021-12-28],青椒,¥5.00,¥8.00,¥6.60,元/千克(kg) ,四川南充川北农产品交易有限公司,查找
[2021-12-28],青椒,¥5.00,¥6.00,¥5.50,元/千克(kg) ,江苏宜兴市瑞德蔬菜果品批发市场有限公司,查找
[2021-12-28],青椒,¥5.20,¥5.40,¥5.30,元/千克(kg) ,山西太原丈子头农产品物流园（原城东利民）,查找
[2021-12-28],青椒,¥8.00,¥8.50,¥8.00,元/千克(kg) ,新疆乌鲁木齐凌庆蔬菜果品有限公司,查找
[2021-12-28],青椒,¥4.40,¥4.60,¥4.40,元/千克(kg) ,张北县坝上蔬菜产业有限公司,查找
[2021-12-28],青椒,¥0.00,¥0.00,¥7.60,元/千克(kg) ,绵阳市高水农副产品批发有限公司,查找
[2021-12-28],青椒,¥6.00,¥7.00,¥6.50,元/千克(kg) ,新疆九鼎恒兴蔬菜经营管理有限公司,查找
[2021-12-28],青椒,¥5.60,¥7.60,¥6.80,元/千克(kg) ,湖北浠水农产品批发市场,查找
[2021-12-28],青椒,¥0.00,¥0.00,¥3.80,元/千克(kg) ,福建厦门同安闽南果蔬批发市场,查找
[2021-12-28],青椒,¥7.00,¥7.60,¥7.20,元/千克(kg) ,甘肃天水市瀛池果菜批发市场,查找
[2021-12-28],青椒,¥0.00,¥0.00,¥6.40,元/千克(kg) ,蚌埠海吉星农产品物流有限公司,查找
[2021-12-28],青椒,¥2.90,¥4.20,¥3.55,元/千克(kg) ,红星实业集团有限公司红星农副产品大市场,查找
[2021-12-28],青椒,¥3.00,¥7.00,¥5.00,元/千克(kg) ,江苏苏州南环桥农副产品批发市场,查找
[2021-12-28],青椒,¥3.60,¥4.00,¥3.80,元/千克(kg) ,湖南吉首市蔬菜果品批发大市场,查找
[2021-12-28],青椒,¥5.60,¥6.60,¥6.10,元/千克(kg) ,重庆双福国际农贸城,查找
[2021-12-28],青椒,¥4.40,¥5.10,¥4.70,元/千克(kg) ,河南商丘市农产品中心批发市场,查找
[2021-12-28],青椒,¥5.00,¥6.00,¥5.00,元/千克(kg) ,青岛抚顺路蔬菜副食品批发市场股份有限公司,查找
[2021-12-28],青椒,¥4.20,¥4.60,¥4.40,元/千克(kg) ,两湖绿谷物流股份有限公司,查找
[2021-12-28],青椒,¥3.40,¥8.60,¥4.80,元/千克(kg) ,天津市红旗农贸综合批发市场有限公司,查找
[2021-12-28],青椒,¥7.00,¥7.20,¥7.10,元/千克(kg) ,陕西咸阳新阳光批发市场,查找
[2021-12-28],青椒,¥2.60,¥4.20,¥3.40,元/千克(kg) ,湖南长沙马王堆农产品股份有限公司,查找
[2021-12-28],茄子,¥0.76,¥7.16,¥3.01,元/千克(kg) ,福建省福州市海峡蔬菜批发市场,查找
[2021-12-28],茄子,¥3.60,¥4.40,¥4.00,元/千克(kg) ,石家庄桥西蔬菜中心批发市场有限公司,查找
[2021-12-28],茄子,¥6.00,¥7.00,¥6.50,元/千克(kg) ,上海农产品中心批发市场经营管理有限公司,查找
[2021-12-28],茄子,¥3.60,¥5.20,¥4.40,元/千克(kg) ,徐州农副产品中心批发市场,查找
[2021-12-28],茄子,¥3.80,¥4.80,¥4.00,元/千克(kg) ,阜阳农产品中心批发市场,查找
[2021-12-28],茄子,¥6.00,¥7.00,¥6.50,元/千克(kg) ,青藏高原农副产品集散中心,查找
[2021-12-28],茄子,¥0.00,¥0.00,¥5.60,元/千克(kg) ,天津碧城农产品批发市场,查找
[2021-12-28],茄子,¥3.60,¥5.60,¥4.50,元/千克(kg) ,江苏联谊农副产品批发市场,查找
[2021-12-28],茄子,¥0.00,¥0.00,¥6.00,元/千克(kg) ,浙江金华农产品批发市场,查找
[2021-12-28],茄子,¥5.00,¥6.20,¥5.80,元/千克(kg) ,福建福鼎闽浙边界农贸中心市场,查找
[2021-12-28],茄子,¥5.50,¥6.00,¥5.75,元/千克(kg) ,新疆克拉玛依农副产品批发市场,查找
[2021-12-28],茄子,¥5.00,¥7.00,¥6.40,元/千克(kg) ,青岛市城阳蔬菜水产品批发市场有限公司,查找
[2021-12-28],茄子,¥3.20,¥7.00,¥5.10,元/千克(kg) ,浙江嘉兴蔬菜批发交易市场,查找
[2021-12-28],茄子,¥2.82,¥4.60,¥3.54,元/千克(kg) ,乐亭县冀东果菜批发市场,查找
[2021-12-28],茄子,¥3.80,¥4.60,¥4.00,元/千克(kg) ,河北魏县天仙果菜批发交易市场,查找
[2021-12-28],茄子,¥1.80,¥6.00,¥3.60,元/千克(kg) ,广州江南果菜批发市场经营管理有限公司,查找
[2021-12-28],茄子,¥7.00,¥8.00,¥7.80,元/千克(kg) ,甘肃酒泉春光农产品市场有限责任公司,查找
[2021-12-28],茄子,¥2.40,¥3.80,¥3.10,元/千克(kg) ,广西新柳邕农产品批发市场有限公司,查找
[2021-12-28],茄子,¥5.60,¥6.60,¥6.60,元/千克(kg) ,山东威海市农副产品批发市场,查找
[2021-12-28],茄子,¥6.60,¥6.60,¥6.60,元/千克(kg) ,陕西泾云现代农业股份有限公司云阳蔬菜...,查找
[2021-12-28],茄子,¥4.00,¥5.20,¥4.60,元/千克(kg) ,山西省太原市河西农产品有限公司,查找
[2021-12-28],茄子,¥0.00,¥0.00,¥5.00,元/千克(kg) ,山东淄博市鲁中蔬菜批发市场,查找
[2021-12-28],茄子,¥2.00,¥7.60,¥4.20,元/千克(kg) ,上海市江桥批发市场经营管理有限公司,查找
[2021-12-28],茄子,¥6.00,¥6.00,¥6.00,元/千克(kg) ,内蒙包头市友谊蔬菜批发市场,查找
[2021-12-28],茄子,¥4.00,¥6.50,¥5.25,元/千克(kg) ,大连双兴商品城有限公司,查找
[2021-12-28],尖椒,¥6.00,¥0.00,¥6.00,元/千克(kg) ,河北省怀来县京西果菜批发市场有限责任公司,查找
[2021-12-28],尖椒,¥3.80,¥6.60,¥5.20,元/千克(kg) ,石家庄桥西蔬菜中心批发市场有限公司,查找
[2021-12-28],尖椒,¥6.00,¥7.00,¥6.50,元/千克(kg) ,北京朝阳区大洋路综合市场,查找
[2021-12-28],尖椒,¥0.00,¥0.00,¥7.80,元/千克(kg) ,安徽省淮北市中瑞农产品批发市场,查找
[2021-12-28],尖椒,¥0.60,¥6.24,¥3.87,元/千克(kg) ,中国寿光地利农产品物流园有限公司,查找
[2021-12-28],樱桃西红柿,¥6.00,¥12.00,¥10.80,元/千克(kg) ,青岛抚顺路蔬菜副食品批发市场股份有限公司,查找
[2021-12-28],樱桃西红柿,¥10.00,¥12.00,¥11.00,元/千克(kg) ,辽宁朝阳市果菜批发市场,查找
[2021-12-28],樱桃西红柿,¥7.00,¥9.00,¥8.00,元/千克(kg) ,石家庄桥西蔬菜中心批发市场有限公司,查找
[2021-12-28],樱桃西红柿,¥14.00,¥14.00,¥14.00,元/千克(kg) ,乐亭县冀东果菜批发市场,查找
[2021-12-28],樱桃西红柿,¥14.00,¥16.00,¥15.00,元/千克(kg) ,山西省太原市河西农产品有限公司,查找
[2021-12-28],樱桃西红柿,¥5.00,¥9.00,¥7.00,元/千克(kg) ,江苏凌家塘农副产品批发市场,查找
[2021-12-28],樱桃西红柿,¥0.00,¥0.00,¥10.25,元/千克(kg) ,江苏无锡朝阳农产品大市场,查找
[2021-12-28],樱桃西红柿,¥10.00,¥12.00,¥11.00,元/千克(kg) ,乌鲁木齐北园春（集团）有限责任公司北...,查找
[2021-12-28],樱桃西红柿,¥7.50,¥9.00,¥8.25,元/千克(kg) ,武汉白沙洲农副产品大市场有限公司,查找
[2021-12-28],樱桃西红柿,¥15.00,¥16.00,¥15.40,元/千克(kg) ,呼和浩特市东瓦窑农副产品批发市场有限...,查找
[2021-12-28],樱桃西红柿,¥11.00,¥16.00,¥12.00,元/千克(kg) ,济南堤口果品批发发展有限责任公司,查找
[2021-12-28],樱桃西红柿,¥1.40,¥4.00,¥3.20,元/千克(kg) ,广西田阳农副产品综合批发市场,查找
[2021-12-28],樱桃西红柿,¥6.00,¥7.00,¥6.60,元/千克(kg) ,河南南阳果品批发交易中心,查找
[2021-12-28],樱桃西红柿,¥10.60,¥11.00,¥10.60,元/千克(kg) ,张北县坝上蔬菜产业有限公司,查找
[2021-12-28],樱桃西红柿,¥6.60,¥8.40,¥7.50,元/千克(kg) ,湖北浠水农产品批发市场,查找
[2021-12-28],樱桃西红柿,¥9.00,¥11.00,¥10.00,元/千克(kg) ,天津市红旗农贸综合批发市场有限公司,查找
[2021-12-28],西红柿,¥0.00,¥0.00,¥8.00,元/千克(kg) ,呼和浩特市美通首府无公害农产品批发市场,查找
[2021-12-28],西红柿,¥9.50,¥11.50,¥10.50,元/千克(kg) ,乌鲁木齐北园春（集团）有限责任公司北...,查找
[2021-12-28],西红柿,¥3.40,¥6.00,¥4.40,元/千克(kg) ,佛山中南农产品交易中心,查找
[2021-12-28],西红柿,¥6.00,¥6.80,¥6.40,元/千克(kg) ,三门峡金河农产品批发交易中心,查找
[2021-12-28],西红柿,¥3.20,¥3.40,¥3.40,元/千克(kg) ,甘肃武山县蔬菜事业管理局,查找
[2021-12-28],西红柿,¥6.00,¥7.20,¥6.60,元/千克(kg) ,南昌深圳农产品中心批发市场有限公司,查找
[2021-12-28],西红柿,¥6.00,¥6.20,¥6.10,元/千克(kg) ,河南万邦国际农产品物流股份有限公司,查找
[2021-12-28],西红柿,¥6.20,¥8.20,¥7.80,元/千克(kg) ,四川成都龙泉聚和(国际)果蔬菜交易中心,查找
[2021-12-28],西红柿,¥0.00,¥0.00,¥6.00,元/千克(kg) ,绍兴市蔬菜果品批发交易市场有限公司,查找
[2021-12-28],西红柿,¥0.00,¥0.00,¥6.00,元/千克(kg) ,河南濮阳宏进农副产品批发市场有限公司...,查找
[2021-12-28],西红柿,¥5.40,¥7.20,¥6.20,元/千克(kg) ,山东临邑县临南蔬菜大市场,查找
[2021-12-28],西红柿,¥4.60,¥8.00,¥6.60,元/千克(kg) ,北京京丰岳各庄农副产品批发市场,查找
[2021-12-28],西红柿,¥6.60,¥6.60,¥6.60,元/千克(kg) ,晋城市绿盛农工商实业有限公司农副产品...,查找
[2021-12-28],西红柿,¥7.00,¥8.00,¥7.50,元/千克(kg) ,浙江嘉善曹安农产品批发有限公司,查找
[2021-12-28],西红柿,¥4.00,¥4.40,¥4.20,元/千克(kg) ,湖南常德甘露寺蔬菜批发市场,查找
[2021-12-28],西红柿,¥5.50,¥6.50,¥6.00,元/千克(kg) ,安徽亳州农产品有限责任公司,查找
[2021-12-28],西红柿,¥2.00,¥5.40,¥4.60,元/千克(kg) ,广西田阳农副产品综合批发市场,查找
[2021-12-28],西红柿,¥7.60,¥8.40,¥8.00,元/千克(kg) ,阳泉蔬菜副食有限公司,查找
[2021-12-28],西红柿,¥5.60,¥6.00,¥5.80,元/千克(kg) ,辽宁鞍山宁远农产品批发市场,查找
[2021-12-28],西红柿,¥0.00,¥0.00,¥7.40,元/千克(kg) ,江西永丰县农产品批发中心市场,查找
[2021-12-28],西红柿,¥5.00,¥6.00,¥5.50,元/千克(kg) ,江苏宜兴市瑞德蔬菜果品批发市场有限公司,查找
[2021-12-28],西红柿,¥5.00,¥8.00,¥6.50,元/千克(kg) ,河北秦皇岛海阳农副产品批发市场,查找
[2021-12-28],西红柿,¥0.00,¥0.00,¥8.60,元/千克(kg) ,四川广安市邻水县农产品交易中心,查找
[2021-12-28],西红柿,¥8.00,¥10.00,¥9.10,元/千克(kg) ,四川南充川北农产品交易有限公司,查找
[2021-12-28],西红柿,¥7.50,¥8.00,¥7.50,元/千克(kg) ,新疆乌鲁木齐凌庆蔬菜果品有限公司,查找
[2021-12-28],西红柿,¥7.00,¥7.40,¥7.20,元/千克(kg) ,山西太原丈子头农产品物流园（原城东利民）,查找
[2021-12-28],西红柿,¥7.00,¥7.20,¥7.00,元/千克(kg) ,张北县坝上蔬菜产业有限公司,查找
[2021-12-28],西红柿,¥0.00,¥0.00,¥8.80,元/千克(kg) ,绵阳市高水农副产品批发有限公司,查找
[2021-12-28],西红柿,¥0.00,¥0.00,¥7.60,元/千克(kg) ,蚌埠海吉星农产品物流有限公司,查找
[2021-12-28],尖椒,¥0.00,¥0.00,¥6.30,元/千克(kg) ,天津碧城农产品批发市场,查找
[2021-12-28],尖椒,¥6.40,¥6.60,¥6.50,元/千克(kg) ,山西晋城绿欣农产品批发交易中心,查找
[2021-12-28],尖椒,¥6.00,¥7.20,¥6.80,元/千克(kg) ,福建福鼎闽浙边界农贸中心市场,查找
[2021-12-28],尖椒,¥5.40,¥7.00,¥6.40,元/千克(kg) ,山东德州黑马农贸水产批发市场,查找
[2021-12-28],尖椒,¥4.00,¥7.31,¥5.58,元/千克(kg) ,浙江嘉兴蔬菜批发交易市场,查找
[2021-12-28],尖椒,¥4.00,¥5.00,¥4.50,元/千克(kg) ,北京顺鑫石门农副产品批发市场,查找
[2021-12-28],尖椒,¥3.00,¥5.00,¥3.63,元/千克(kg) ,乐亭县冀东果菜批发市场,查找
[2021-12-28],尖椒,¥4.40,¥5.80,¥5.00,元/千克(kg) ,河北魏县天仙果菜批发交易市场,查找
[2021-12-28],尖椒,¥8.00,¥10.00,¥9.00,元/千克(kg) ,甘肃酒泉春光农产品市场有限责任公司,查找
[2021-12-28],尖椒,¥5.60,¥6.60,¥6.60,元/千克(kg) ,山东威海市农副产品批发市场,查找
[2021-12-28],尖椒,¥6.00,¥0.00,¥7.00,元/千克(kg) ,新疆兵团第五师三和农副产品综合批发市场,查找
[2021-12-28],尖椒,¥6.00,¥6.00,¥6.00,元/千克(kg) ,陕西泾云现代农业股份有限公司云阳蔬菜...,查找
[2021-12-28],尖椒,¥5.00,¥5.60,¥5.30,元/千克(kg) ,山西省太原市河西农产品有限公司,查找
[2021-12-28],尖椒,¥0.00,¥0.00,¥6.00,元/千克(kg) ,山东淄博市鲁中蔬菜批发市场,查找
[2021-12-28],尖椒,¥5.00,¥6.50,¥5.75,元/千克(kg) ,大连双兴商品城有限公司,查找
[2021-12-28],尖椒,¥0.00,¥0.00,¥6.00,元/千克(kg) ,山西汾阳市晋阳农副产品批发市场,查找
[2021-12-28],尖椒,¥5.00,¥6.20,¥5.50,元/千克(kg) ,吉林省辽源市仙城物流园区有限公司,查找
[2021-12-28],尖椒,¥6.00,¥6.00,¥6.00,元/千克(kg) ,内蒙包头市友谊蔬菜批发市场,查找
[2021-12-28],尖椒,¥8.00,¥9.00,¥8.50,元/千克(kg) ,新疆克拉玛依农副产品批发市场,查找
[2021-12-28],尖椒,¥7.00,¥7.00,¥7.00,元/千克(kg) ,山东青岛黄河路农产品批发市场,查找
[2021-12-28],尖椒,¥0.00,¥0.00,¥5.00,元/千克(kg) ,内蒙赤峰西城市场,查找
[2021-12-28],尖椒,¥5.00,¥5.20,¥5.00,元/千克(kg) ,山西新绛县蔬菜批发市场,查找
[2021-12-28],尖椒,¥6.40,¥7.00,¥6.70,元/千克(kg) ,山西省长治市紫坊农产品综合交易市场有...,查找
[2021-12-28],尖椒,¥0.00,¥0.00,¥10.00,元/千克(kg) ,新疆绿珠九鼎农产品经营管理有限公司,查找
[2021-12-28],尖椒,¥0.00,¥0.00,¥6.00,元/千克(kg) ,呼和浩特市美通首府无公害农产品批发市场,查找
[2021-12-28],南瓜,¥0.40,¥1.00,¥0.80,元/千克(kg) ,滕州市农副产品物流中心有限公司,查找
[2021-12-28],南瓜,¥0.80,¥7.90,¥3.90,元/千克(kg) ,中国寿光地利农产品物流园有限公司,查找
[2021-12-28],南瓜,¥0.00,¥0.00,¥3.60,元/千克(kg) ,天津碧城农产品批发市场,查找
[2021-12-28],南瓜,¥0.00,¥0.00,¥2.20,元/千克(kg) ,安徽省淮北市中瑞农产品批发市场,查找
[2021-12-28],南瓜,¥0.00,¥0.00,¥2.40,元/千克(kg) ,山东滨州(六街）鲁北蔬菜批发市场,查找
[2021-12-28],南瓜,¥2.00,¥3.00,¥2.40,元/千克(kg) ,安徽六安市裕安区紫竹林农产品批发市场,查找
[2021-12-28],南瓜,¥3.20,¥9.59,¥6.82,元/千克(kg) ,浙江嘉兴蔬菜批发交易市场,查找
[2021-12-28],南瓜,¥4.40,¥6.20,¥5.20,元/千克(kg) ,浙江宁波市蔬菜副食品批发交易市场,查找
[2021-12-28],南瓜,¥2.00,¥2.40,¥2.20,元/千克(kg) ,山西省长治市紫坊农产品综合交易市场有...,查找
[2021-12-28],南瓜,¥1.40,¥6.00,¥2.40,元/千克(kg) ,江苏凌家塘农副产品批发市场,查找
[2021-12-28],南瓜,¥1.80,¥2.00,¥1.90,元/千克(kg) ,武汉白沙洲农副产品大市场有限公司,查找
[2021-12-28],南瓜,¥0.00,¥0.00,¥2.00,元/千克(kg) ,山西临汾尧丰农副产品批发市场,查找
[2021-12-28],南瓜,¥2.00,¥2.60,¥2.20,元/千克(kg) ,山西新绛县蔬菜批发市场,查找
[2021-12-28],南瓜,¥2.40,¥4.00,¥2.60,元/千克(kg) ,呼和浩特市东瓦窑农副产品批发市场有限...,查找
[2021-12-28],南瓜,¥12.00,¥16.00,¥14.00,元/千克(kg) ,山东青岛黄河路农产品批发市场,查找
[2021-12-28],南瓜,¥1.40,¥1.80,¥1.60,元/千克(kg) ,江西乐平市蔬菜批发大市场,查找
[2021-12-28],南瓜,¥0.00,¥0.00,¥1.73,元/千克(kg) ,江苏无锡朝阳农产品大市场,查找
[2021-12-28],南瓜,¥1.80,¥2.00,¥2.00,元/千克(kg) ,湖北鄂州市蟠龙蔬菜批发市场,查找
[2021-12-28],南瓜,¥2.40,¥3.00,¥2.70,元/千克(kg) ,山西省太原市河西农产品有限公司,查找
[2021-12-28],南瓜,¥0.00,¥0.00,¥2.20,元/千克(kg) ,山东淄博市鲁中蔬菜批发市场,查找
[2021-12-28],南瓜,¥0.00,¥0.00,¥3.00,元/千克(kg) ,四川雅安市汉源县九襄农产品批发市场,查找
[2021-12-28],南瓜,¥2.00,¥2.40,¥2.20,元/千克(kg) ,广西新柳邕农产品批发市场有限公司,查找
[2021-12-28],南瓜,¥1.80,¥2.40,¥2.20,元/千克(kg) ,邵阳市江北农产品批发大市场,查找
[2021-12-28],南瓜,¥0.00,¥0.00,¥2.40,元/千克(kg) ,绵阳市高水农副产品批发有限公司,查找
[2021-12-28],南瓜,¥3.00,¥5.00,¥4.00,元/千克(kg) ,乌鲁木齐北园春（集团）有限责任公司北...,查找
[2021-12-28],长茄子,¥5.00,¥6.20,¥5.60,元/千克(kg) ,邵阳市江北农产品批发大市场,查找
[2021-12-28],长茄子,¥4.00,¥5.00,¥4.50,元/千克(kg) ,山西省太原市河西农产品有限公司,查找
[2021-12-28],长茄子,¥3.40,¥5.00,¥4.00,元/千克(kg) ,江苏凌家塘农副产品批发市场,查找
[2021-12-28],长茄子,¥0.00,¥0.00,¥4.20,元/千克(kg) ,江苏无锡朝阳农产品大市场,查找
[2021-12-28],长茄子,¥6.40,¥7.00,¥6.70,元/千克(kg) ,山西省长治市紫坊农产品综合交易市场有...,查找
[2021-12-28],长茄子,¥0.00,¥0.00,¥3.80,元/千克(kg) ,鲁南蔬菜产业有限公司,查找
[2021-12-28],长茄子,¥4.40,¥5.20,¥5.00,元/千克(kg) ,呼和浩特市东瓦窑农副产品批发市场有限...,查找
[2021-12-28],长茄子,¥4.00,¥4.80,¥4.40,元/千克(kg) ,山西新绛县蔬菜批发市场,查找
[2021-12-28],长茄子,¥6.50,¥8.50,¥7.50,元/千克(kg) ,乌鲁木齐北园春（集团）有限责任公司北...,查找
[2021-12-28],长茄子,¥0.00,¥0.00,¥4.80,元/千克(kg) ,蚌埠海吉星农产品物流有限公司,查找
[2021-12-28],长茄子,¥5.00,¥6.00,¥5.50,元/千克(kg) ,新疆九鼎恒兴蔬菜经营管理有限公司,查找
[2021-12-28],长茄子,¥4.00,¥4.00,¥4.00,元/千克(kg) ,江苏丰县农林局,查找
[2021-12-28],长茄子,¥3.00,¥4.80,¥3.90,元/千克(kg) ,北京新发地农副产品批发市场信息中心,查找
[2021-12-28],长茄子,¥3.20,¥5.00,¥4.00,元/千克(kg) ,北京八里桥农产品中心批发市场有限公司,查找
[2021-12-28],长茄子,¥0.00,¥0.00,¥6.00,元/千克(kg) ,新疆绿珠九鼎农产品经营管理有限公司,查找
[2021-12-28],长茄子,¥4.00,¥5.00,¥4.50,元/千克(kg) ,徐州农副产品中心批发市场,查找
[2021-12-28],长茄子,¥1.80,¥5.90,¥2.54,元/千克(kg) ,中国寿光地利农产品物流园有限公司,查找
[2021-12-28],长茄子,¥0.00,¥0.00,¥4.40,元/千克(kg) ,安徽省淮北市中瑞农产品批发市场,查找
[2021-12-28],圆茄子,¥0.00,¥0.00,¥6.00,元/千克(kg) ,安徽省淮北市中瑞农产品批发市场,查找
[2021-12-28],圆茄子,¥2.90,¥4.33,¥3.05,元/千克(kg) ,中国寿光地利农产品物流园有限公司,查找
[2021-12-28],圆茄子,¥5.60,¥5.80,¥5.70,元/千克(kg) ,山西晋城绿欣农产品批发交易中心,查找
[2021-12-28],圆茄子,¥3.60,¥4.40,¥4.00,元/千克(kg) ,石家庄桥西蔬菜中心批发市场有限公司,查找
[2021-12-28],圆茄子,¥5.00,¥7.00,¥6.00,元/千克(kg) ,山东德州黑马农贸水产批发市场,查找
[2021-12-28],圆茄子,¥5.60,¥6.00,¥6.00,元/千克(kg) ,天津何庄子鲜活农产品中心批发市场,查找
[2021-12-28],圆茄子,¥0.00,¥0.00,¥6.00,元/千克(kg) ,山东滨州(六街）鲁北蔬菜批发市场,查找
[2021-12-28],菜花,¥3.00,¥5.80,¥3.60,元/千克(kg) ,佛山中南农产品交易中心,查找
[2021-12-28],菜花,¥3.40,¥3.60,¥3.40,元/千克(kg) ,甘肃武山县蔬菜事业管理局,查找
[2021-12-28],菜花,¥5.00,¥5.60,¥5.30,元/千克(kg) ,南昌深圳农产品中心批发市场有限公司,查找
[2021-12-28],菜花,¥7.40,¥9.00,¥8.20,元/千克(kg) ,四川成都龙泉聚和(国际)果蔬菜交易中心,查找
[2021-12-28],菜花,¥2.80,¥3.40,¥3.10,元/千克(kg) ,河南万邦国际农产品物流股份有限公司,查找
[2021-12-28],菜花,¥1.20,¥1.60,¥1.40,元/千克(kg) ,云南通海金山蔬菜批发市场,查找
[2021-12-28],菜花,¥0.00,¥0.00,¥2.80,元/千克(kg) ,河南濮阳宏进农副产品批发市场有限公司...,查找
[2021-12-28],菜花,¥4.20,¥5.00,¥4.60,元/千克(kg) ,呼和浩特市东瓦窑农副产品批发市场有限...,查找
[2021-12-28],菜花,¥6.00,¥7.00,¥6.40,元/千克(kg) ,山西新绛县蔬菜批发市场,查找
[2021-12-28],菜花,¥2.00,¥4.60,¥3.00,元/千克(kg) ,江苏凌家塘农副产品批发市场,查找
[2021-12-28],菜花,¥2.40,¥3.60,¥3.00,元/千克(kg) ,武汉白沙洲农副产品大市场有限公司,查找
[2021-12-28],菜花,¥0.00,¥0.00,¥3.60,元/千克(kg) ,山西临汾尧丰农副产品批发市场,查找
[2021-12-28],菜花,¥3.60,¥4.00,¥3.80,元/千克(kg) ,青藏高原农副产品集散中心,查找
[2021-12-28],菜花,¥4.40,¥5.00,¥4.70,元/千克(kg) ,山西省长治市紫坊农产品综合交易市场有...,查找
[2021-12-28],菜花,¥6.00,¥7.00,¥6.60,元/千克(kg) ,甘肃天水市瀛池果菜批发市场,查找
[2021-12-28],菜花,¥5.20,¥5.60,¥5.40,元/千克(kg) ,山西太原丈子头农产品物流园（原城东利民）,查找
[2021-12-28],菜花,¥2.50,¥3.50,¥3.00,元/千克(kg) ,红星实业集团有限公司红星农副产品大市场,查找
[2021-12-28],菜花,¥2.40,¥2.60,¥2.50,元/千克(kg) ,重庆双福国际农贸城,查找
[2021-12-28],菜花,¥3.60,¥4.00,¥3.80,元/千克(kg) ,河北秦皇岛海阳农副产品批发市场,查找
[2021-12-28],菜花,¥2.90,¥3.60,¥3.20,元/千克(kg) ,河南商丘市农产品中心批发市场,查找
[2021-12-28],菜花,¥0.00,¥0.00,¥7.00,元/千克(kg) ,四川广安市邻水县农产品交易中心,查找
[2021-12-28],菜花,¥5.00,¥6.00,¥5.50,元/千克(kg) ,江苏宜兴市瑞德蔬菜果品批发市场有限公司,查找
[2021-12-28],菜花,¥3.20,¥4.20,¥3.80,元/千克(kg) ,四川南充川北农产品交易有限公司,查找
[2021-12-28],菜花,¥3.00,¥3.50,¥3.00,元/千克(kg) ,新疆乌鲁木齐凌庆蔬菜果品有限公司,查找
[2021-12-28],菜花,¥3.40,¥3.60,¥3.40,元/千克(kg) ,张北县坝上蔬菜产业有限公司,查找
[2021-12-28],西兰花,¥4.50,¥5.00,¥4.75,元/千克(kg) ,广东汕头农副产品批发中心市场,查找
[2021-12-28],西兰花,¥2.80,¥4.20,¥3.00,元/千克(kg) ,阜阳农产品中心批发市场,查找
[2021-12-28],西兰花,¥4.00,¥5.20,¥4.60,元/千克(kg) ,山东青岛莱西市东庄头蔬菜批发市场服务...,查找
[2021-12-28],西兰花,¥5.00,¥6.00,¥5.50,元/千克(kg) ,北京八里桥农产品中心批发市场有限公司,查找
[2021-12-28],西兰花,¥6.00,¥7.00,¥6.50,元/千克(kg) ,北京朝阳区大洋路综合市场,查找
[2021-12-28],西兰花,¥9.00,¥9.00,¥9.00,元/千克(kg) ,黑龙江鹤岗市万圃源蔬菜有限责任公司,查找
[2021-12-28],西兰花,¥6.60,¥7.20,¥6.90,元/千克(kg) ,安徽合肥周谷堆农产品批发市场,查找
[2021-12-28],西兰花,¥5.00,¥7.00,¥6.00,元/千克(kg) ,山东德州黑马农贸水产批发市场,查找
[2021-12-28],西兰花,¥0.00,¥0.00,¥8.80,元/千克(kg) ,安徽省淮北市中瑞农产品批发市场,查找
[2021-12-28],西兰花,¥7.00,¥7.60,¥7.00,元/千克(kg) ,天津何庄子鲜活农产品中心批发市场,查找
[2021-12-28],西兰花,¥5.11,¥9.00,¥5.81,元/千克(kg) ,浙江嘉兴蔬菜批发交易市场,查找
[2021-12-28],西兰花,¥6.00,¥9.00,¥7.50,元/千克(kg) ,北京顺鑫石门农副产品批发市场,查找
[2021-12-28],西兰花,¥8.00,¥8.00,¥8.00,元/千克(kg) ,乐亭县冀东果菜批发市场,查找
[2021-12-28],西兰花,¥1.00,¥7.33,¥4.08,元/千克(kg) ,中国寿光地利农产品物流园有限公司,查找
[2021-12-28],西兰花,¥10.00,¥11.00,¥10.50,元/千克(kg) ,山西晋城绿欣农产品批发交易中心,查找
[2021-12-28],西兰花,¥0.00,¥0.00,¥6.40,元/千克(kg) ,山东滨州(六街）鲁北蔬菜批发市场,查找
[2021-12-28],西兰花,¥0.00,¥0.00,¥7.60,元/千克(kg) ,天津碧城农产品批发市场,查找
[2021-12-28],西兰花,¥9.00,¥9.00,¥9.00,元/千克(kg) ,湖北鄂州市蟠龙蔬菜批发市场,查找
[2021-12-28],菜花,¥6.00,¥7.00,¥6.40,元/千克(kg) ,福建福鼎闽浙边界农贸中心市场,查找
[2021-12-28],菜花,¥5.00,¥6.00,¥5.50,元/千克(kg) ,上海农产品中心批发市场经营管理有限公司,查找
[2021-12-28],菜花,¥0.76,¥3.96,¥2.16,元/千克(kg) ,福建省福州市海峡蔬菜批发市场,查找
[2021-12-28],菜花,¥4.00,¥4.00,¥4.00,元/千克(kg) ,石家庄桥西蔬菜中心批发市场有限公司,查找
[2021-12-28],菜花,¥6.60,¥7.60,¥7.10,元/千克(kg) ,北京朝阳区大洋路综合市场,查找
[2021-12-28],菜花,¥2.20,¥3.20,¥2.70,元/千克(kg) ,广东汕头农副产品批发中心市场,查找
[2021-12-28],菜花,¥2.60,¥4.00,¥3.30,元/千克(kg) ,徐州农副产品中心批发市场,查找
[2021-12-28],荷兰豆,¥0.00,¥0.00,¥13.00,元/千克(kg) ,福建厦门同安闽南果蔬批发市场,查找
[2021-12-28],荷兰豆,¥13.60,¥16.80,¥15.20,元/千克(kg) ,湖北浠水农产品批发市场,查找
[2021-12-28],荷兰豆,¥18.00,¥19.00,¥18.00,元/千克(kg) ,新疆乌鲁木齐凌庆蔬菜果品有限公司,查找
[2021-12-28],荷兰豆,¥10.00,¥13.00,¥11.50,元/千克(kg) ,北京新发地农副产品批发市场信息中心,查找
[2021-12-28],荷兰豆,¥16.00,¥17.00,¥16.50,元/千克(kg) ,陕西咸阳新阳光批发市场,查找
[2021-12-28],荷兰豆,¥13.00,¥15.00,¥14.00,元/千克(kg) ,北京顺鑫石门农副产品批发市场,查找
[2021-12-28],荷兰豆,¥22.00,¥26.00,¥24.00,元/千克(kg) ,河北魏县天仙果菜批发交易市场,查找
[2021-12-28],荷兰豆,¥5.00,¥9.00,¥8.00,元/千克(kg) ,江苏凌家塘农副产品批发市场,查找
[2021-12-28],荷兰豆,¥24.00,¥26.00,¥25.00,元/千克(kg) ,山西省太原市河西农产品有限公司,查找
[2021-12-28],荷兰豆,¥16.00,¥18.00,¥17.00,元/千克(kg) ,河南万邦国际农产品物流股份有限公司,查找
[2021-12-28],荷兰豆,¥12.00,¥14.00,¥13.00,元/千克(kg) ,武汉白沙洲农副产品大市场有限公司,查找
[2021-12-28],荷兰豆,¥0.00,¥0.00,¥18.00,元/千克(kg) ,绍兴市蔬菜果品批发交易市场有限公司,查找
[2021-12-28],荷兰豆,¥24.00,¥25.00,¥24.00,元/千克(kg) ,湖北鄂州市蟠龙蔬菜批发市场,查找
[2021-12-28],荷兰豆,¥26.00,¥28.00,¥27.00,元/千克(kg) ,山西省长治市紫坊农产品综合交易市场有...,查找
[2021-12-28],荷兰豆,¥18.00,¥19.00,¥18.50,元/千克(kg) ,北京朝阳区大洋路综合市场,查找
[2021-12-28],荷兰豆,¥15.00,¥16.00,¥15.50,元/千克(kg) ,北京八里桥农产品中心批发市场有限公司,查找
[2021-12-28],荷兰豆,¥12.00,¥14.00,¥13.00,元/千克(kg) ,安徽合肥周谷堆农产品批发市场,查找
[2021-12-28],荷兰豆,¥7.00,¥9.00,¥8.00,元/千克(kg) ,广东汕头农副产品批发中心市场,查找
[2021-12-28],荷兰豆,¥24.20,¥25.40,¥24.60,元/千克(kg) ,福建福鼎闽浙边界农贸中心市场,查找
[2021-12-28],豆角,¥5.00,¥7.60,¥6.30,元/千克(kg) ,北京新发地农副产品批发市场信息中心,查找
[2021-12-28],豆角,¥0.00,¥0.00,¥8.00,元/千克(kg) ,孝义市绿海蔬菜批发销售有限公司,查找
[2021-12-28],豆角,¥8.00,¥8.00,¥8.00,元/千克(kg) ,江苏丰县农林局,查找
[2021-12-28],豆角,¥9.00,¥10.00,¥9.50,元/千克(kg) ,湖南长沙马王堆农产品股份有限公司,查找
[2021-12-28],豆角,¥8.50,¥10.00,¥9.50,元/千克(kg) ,新疆九鼎恒兴蔬菜经营管理有限公司,查找
[2021-12-28],豆角,¥5.60,¥9.00,¥6.00,元/千克(kg) ,天津市红旗农贸综合批发市场有限公司,查找
[2021-12-28],佛手瓜,¥0.00,¥0.00,¥4.00,元/千克(kg) ,绍兴市蔬菜果品批发交易市场有限公司,查找
[2021-12-28],佛手瓜,¥0.00,¥0.00,¥4.20,元/千克(kg) ,绵阳市高水农副产品批发有限公司,查找
[2021-12-28],佛手瓜,¥3.60,¥4.80,¥4.20,元/千克(kg) ,江苏苏州南环桥农副产品批发市场,查找
[2021-12-28],菜瓜,¥1.80,¥2.70,¥2.25,元/千克(kg) ,广东汕头农副产品批发中心市场,查找
[2021-12-28],菜瓜,¥2.80,¥5.00,¥4.00,元/千克(kg) ,云南通海金山蔬菜批发市场,查找
[2021-12-28],青冬瓜,¥2.00,¥2.00,¥2.00,元/千克(kg) ,新疆克拉玛依农副产品批发市场,查找
[2021-12-28],青冬瓜,¥2.20,¥3.00,¥2.60,元/千克(kg) ,北京八里桥农产品中心批发市场有限公司,查找
[2021-12-28],青冬瓜,¥0.00,¥0.00,¥2.40,元/千克(kg) ,山西汾阳市晋阳农副产品批发市场,查找
[2021-12-28],青冬瓜,¥3.50,¥0.00,¥4.00,元/千克(kg) ,新疆兵团第五师三和农副产品综合批发市场,查找
[2021-12-28],青冬瓜,¥3.20,¥3.60,¥3.40,元/千克(kg) ,四川南充川北农产品交易有限公司,查找
[2021-12-28],青冬瓜,¥1.50,¥2.20,¥1.80,元/千克(kg) ,河北魏县天仙果菜批发交易市场,查找
[2021-12-28],青冬瓜,¥1.00,¥2.00,¥1.20,元/千克(kg) ,滕州市农副产品物流中心有限公司,查找
[2021-12-28],冬瓜,¥0.00,¥0.00,¥3.00,元/千克(kg) ,山东淄博市鲁中蔬菜批发市场,查找
[2021-12-28],冬瓜,¥0.00,¥0.00,¥2.20,元/千克(kg) ,四川雅安市汉源县九襄农产品批发市场,查找
[2021-12-28],冬瓜,¥0.00,¥0.00,¥4.00,元/千克(kg) ,内蒙赤峰西城市场,查找
[2021-12-28],冬瓜,¥2.80,¥3.40,¥3.10,元/千克(kg) ,广西新柳邕农产品批发市场有限公司,查找
[2021-12-28],冬瓜,¥0.00,¥0.00,¥3.40,元/千克(kg) ,绵阳市高水农副产品批发有限公司,查找
[2021-12-28],冬瓜,¥2.20,¥3.60,¥2.60,元/千克(kg) ,北京京丰岳各庄农副产品批发市场,查找
[2021-12-28],冬瓜,¥3.00,¥5.00,¥4.00,元/千克(kg) ,乌鲁木齐北园春（集团）有限责任公司北...,查找
[2021-12-28],冬瓜,¥1.20,¥2.60,¥2.60,元/千克(kg) ,佛山中南农产品交易中心,查找
[2021-12-28],冬瓜,¥2.80,¥3.20,¥3.00,元/千克(kg) ,三门峡金河农产品批发交易中心,查找
[2021-12-28],冬瓜,¥0.00,¥0.00,¥1.80,元/千克(kg) ,江西永丰县农产品批发中心市场,查找
[2021-12-28],冬瓜,¥0.00,¥0.00,¥4.00,元/千克(kg) ,呼和浩特市美通首府无公害农产品批发市场,查找
[2021-12-28],冬瓜,¥2.60,¥3.00,¥2.80,元/千克(kg) ,阳泉蔬菜副食有限公司,查找
[2021-12-28],冬瓜,¥3.00,¥3.00,¥3.00,元/千克(kg) ,辽宁鞍山宁远农产品批发市场,查找
[2021-12-28],菜花,¥0.00,¥0.00,¥3.20,元/千克(kg) ,绵阳市高水农副产品批发有限公司,查找
[2021-12-28],菜花,¥3.40,¥5.00,¥4.40,元/千克(kg) ,北京京丰岳各庄农副产品批发市场,查找
[2021-12-28],菜花,¥2.80,¥3.20,¥3.00,元/千克(kg) ,湖南常德甘露寺蔬菜批发市场,查找
[2021-12-28],菜花,¥3.00,¥3.60,¥3.20,元/千克(kg) ,江苏丰县农林局,查找
[2021-12-28],菜花,¥3.60,¥5.20,¥4.40,元/千克(kg) ,北京新发地农副产品批发市场信息中心,查找
[2021-12-28],菜花,¥0.00,¥0.00,¥3.00,元/千克(kg) ,孝义市绿海蔬菜批发销售有限公司,查找
[2021-12-28],菜花,¥0.00,¥0.00,¥3.20,元/千克(kg) ,蚌埠海吉星农产品物流有限公司,查找
[2021-12-28],菜花,¥3.40,¥4.00,¥3.60,元/千克(kg) ,陕西咸阳新阳光批发市场,查找
[2021-12-28],菜花,¥4.00,¥7.00,¥6.00,元/千克(kg) ,青岛抚顺路蔬菜副食品批发市场股份有限公司,查找
[2021-12-28],菜花,¥3.60,¥4.60,¥4.00,元/千克(kg) ,天津市红旗农贸综合批发市场有限公司,查找
[2021-12-28],菜花,¥2.60,¥4.00,¥3.30,元/千克(kg) ,湖南长沙马王堆农产品股份有限公司,查找
[2021-12-28],菜花,¥2.50,¥3.50,¥3.00,元/千克(kg) ,新疆九鼎恒兴蔬菜经营管理有限公司,查找
[2021-12-28],菜花,¥5.00,¥5.80,¥5.40,元/千克(kg) ,湖北浠水农产品批发市场,查找
[2021-12-28],菜花,¥4.00,¥4.40,¥4.20,元/千克(kg) ,湖南吉首市蔬菜果品批发大市场,查找
[2021-12-28],菜花,¥2.40,¥3.60,¥3.00,元/千克(kg) ,江苏苏州南环桥农副产品批发市场,查找
[2021-12-28],韭菜花,¥22.00,¥27.00,¥24.50,元/千克(kg) ,广东汕头农副产品批发中心市场,查找
[2021-12-28],韭菜花,¥12.00,¥13.00,¥12.50,元/千克(kg) ,武汉白沙洲农副产品大市场有限公司,查找
[2021-12-28],韭菜花,¥22.20,¥26.20,¥24.60,元/千克(kg) ,四川成都龙泉聚和(国际)果蔬菜交易中心,查找
[2021-12-28],韭菜花,¥13.00,¥13.00,¥13.00,元/千克(kg) ,两湖绿谷物流股份有限公司,查找
[2021-12-28],韭黄,¥15.70,¥16.70,¥16.20,元/千克(kg) ,北京朝阳区大洋路综合市场,查找
[2021-12-28],韭黄,¥9.80,¥11.00,¥10.40,元/千克(kg) ,广东汕头农副产品批发中心市场,查找
[2021-12-28],韭黄,¥24.00,¥24.00,¥24.00,元/千克(kg) ,黑龙江鹤岗市万圃源蔬菜有限责任公司,查找
[2021-12-28],韭黄,¥8.00,¥10.00,¥9.00,元/千克(kg) ,江苏联谊农副产品批发市场,查找
[2021-12-28],韭黄,¥17.00,¥18.40,¥17.80,元/千克(kg) ,福建福鼎闽浙边界农贸中心市场,查找
[2021-12-28],韭黄,¥16.00,¥17.00,¥17.00,元/千克(kg) ,湖北鄂州市蟠龙蔬菜批发市场,查找
[2021-12-28],青椒,¥3.00,¥4.60,¥4.00,元/千克(kg) ,山东青岛莱西市东庄头蔬菜批发市场服务...,查找
[2021-12-28],青椒,¥3.60,¥5.60,¥4.60,元/千克(kg) ,北京八里桥农产品中心批发市场有限公司,查找
[2021-12-28],青椒,¥3.80,¥4.80,¥4.30,元/千克(kg) ,广东汕头农副产品批发中心市场,查找
[2021-12-28],青椒,¥7.50,¥10.00,¥8.80,元/千克(kg) ,浙江宁波市蔬菜副食品批发交易市场,查找
[2021-12-28],青椒,¥3.00,¥4.20,¥3.60,元/千克(kg) ,天津韩家墅海吉星农产品物流有限公司,查找
[2021-12-28],青椒,¥0.00,¥0.00,¥4.40,元/千克(kg) ,山西汾阳市晋阳农副产品批发市场,查找
[2021-12-28],青椒,¥5.00,¥5.00,¥5.00,元/千克(kg) ,黑龙江鹤岗市万圃源蔬菜有限责任公司,查找
[2021-12-28],青椒,¥3.60,¥6.00,¥4.40,元/千克(kg) ,天津市金钟蔬菜批发市场,查找
[2021-12-28],青椒,¥5.50,¥8.00,¥6.80,元/千克(kg) ,安徽合肥周谷堆农产品批发市场,查找
[2021-12-28],青椒,¥5.00,¥0.00,¥5.00,元/千克(kg) ,河北省怀来县京西果菜批发市场有限责任公司,查找
[2021-12-28],青椒,¥8.00,¥10.00,¥9.00,元/千克(kg) ,上海农产品中心批发市场经营管理有限公司,查找
[2021-12-28],辣椒干,¥22.00,¥36.00,¥26.00,元/千克(kg) ,江苏凌家塘农副产品批发市场,查找
[2021-12-28],辣椒干,¥40.00,¥0.00,¥40.00,元/千克(kg) ,新疆兵团第五师三和农副产品综合批发市场,查找
[2021-12-28],辣椒干,¥49.00,¥51.00,¥50.00,元/千克(kg) ,福建福鼎闽浙边界农贸中心市场,查找
[2021-12-28],辣椒干,¥0.00,¥0.00,¥25.00,元/千克(kg) ,新疆绿珠九鼎农产品经营管理有限公司,查找
[2021-12-28],条形辣椒干（小米椒）,¥17.20,¥18.00,¥17.60,元/千克(kg) ,重庆双福国际农贸城,查找
[2021-12-28],红尖椒,¥8.00,¥9.00,¥8.50,元/千克(kg) ,陕西咸阳新阳光批发市场,查找
[2021-12-28],红尖椒,¥14.00,¥14.00,¥14.00,元/千克(kg) ,湖南吉首市蔬菜果品批发大市场,查找
[2021-12-28],红尖椒,¥7.60,¥9.00,¥8.30,元/千克(kg) ,江苏苏州南环桥农副产品批发市场,查找
[2021-12-28],红尖椒,¥0.00,¥0.00,¥20.00,元/千克(kg) ,蚌埠海吉星农产品物流有限公司,查找
[2021-12-28],红尖椒,¥0.00,¥0.00,¥10.00,元/千克(kg) ,江西永丰县农产品批发中心市场,查找
[2021-12-28],红尖椒,¥8.00,¥8.00,¥8.00,元/千克(kg) ,辽宁鞍山宁远农产品批发市场,查找
[2021-12-28],红尖椒,¥6.00,¥16.00,¥8.00,元/千克(kg) ,江苏凌家塘农副产品批发市场,查找
[2021-12-28],红尖椒,¥14.00,¥16.00,¥15.00,元/千克(kg) ,湖北鄂州市蟠龙蔬菜批发市场,查找
[2021-12-28],红尖椒,¥6.00,¥20.00,¥13.00,元/千克(kg) ,武汉白沙洲农副产品大市场有限公司,查找
[2021-12-28],冬瓜,¥3.60,¥3.60,¥3.60,元/千克(kg) ,内蒙包头市友谊蔬菜批发市场,查找
[2021-12-28],冬瓜,¥2.00,¥2.60,¥2.20,元/千克(kg) ,天津何庄子鲜活农产品中心批发市场,查找
[2021-12-28],冬瓜,¥0.00,¥0.00,¥2.40,元/千克(kg) ,福建厦门同安闽南果蔬批发市场,查找
[2021-12-28],冬瓜,¥2.00,¥2.00,¥2.00,元/千克(kg) ,新疆克拉玛依农副产品批发市场,查找
[2021-12-28],冬瓜,¥1.80,¥2.00,¥1.90,元/千克(kg) ,北京顺鑫石门农副产品批发市场,查找
[2021-12-28],冬瓜,¥1.00,¥2.00,¥1.20,元/千克(kg) ,滕州市农副产品物流中心有限公司,查找
[2021-12-28],冬瓜,¥0.80,¥3.20,¥2.31,元/千克(kg) ,中国寿光地利农产品物流园有限公司,查找
[2021-12-28],冬瓜,¥0.00,¥0.00,¥3.10,元/千克(kg) ,天津碧城农产品批发市场,查找
[2021-12-28],冬瓜,¥0.00,¥0.00,¥2.80,元/千克(kg) ,安徽省淮北市中瑞农产品批发市场,查找
[2021-12-28],冬瓜,¥1.00,¥3.00,¥1.60,元/千克(kg) ,安徽六安市裕安区紫竹林农产品批发市场,查找
[2021-12-28],冬瓜,¥2.00,¥3.21,¥2.23,元/千克(kg) ,浙江嘉兴蔬菜批发交易市场,查找
[2021-12-28],冬瓜,¥1.00,¥3.00,¥1.80,元/千克(kg) ,江苏凌家塘农副产品批发市场,查找
[2021-12-28],冬瓜,¥2.60,¥3.00,¥2.80,元/千克(kg) ,武汉白沙洲农副产品大市场有限公司,查找
[2021-12-28],冬瓜,¥2.80,¥4.00,¥3.40,元/千克(kg) ,青岛市城阳蔬菜水产品批发市场有限公司,查找
[2021-12-28],冬瓜,¥0.00,¥0.00,¥2.60,元/千克(kg) ,山西临汾尧丰农副产品批发市场,查找
[2021-12-28],冬瓜,¥1.80,¥2.40,¥2.00,元/千克(kg) ,山西新绛县蔬菜批发市场,查找
[2021-12-28],冬瓜,¥3.40,¥4.00,¥3.60,元/千克(kg) ,呼和浩特市东瓦窑农副产品批发市场有限...,查找
[2021-12-28],冬瓜,¥3.00,¥3.00,¥3.00,元/千克(kg) ,山东青岛黄河路农产品批发市场,查找
[2021-12-28],冬瓜,¥1.20,¥1.60,¥1.40,元/千克(kg) ,江西乐平市蔬菜批发大市场,查找
[2021-12-28],冬瓜,¥0.00,¥0.00,¥2.52,元/千克(kg) ,江苏无锡朝阳农产品大市场,查找
[2021-12-28],冬瓜,¥3.00,¥3.40,¥3.20,元/千克(kg) ,山西省长治市紫坊农产品综合交易市场有...,查找
[2021-12-28],冬瓜,¥1.80,¥2.00,¥2.00,元/千克(kg) ,湖北鄂州市蟠龙蔬菜批发市场,查找
[2021-12-28],冬瓜,¥3.00,¥4.00,¥3.50,元/千克(kg) ,大连双兴商品城有限公司,查找
[2021-12-28],冬瓜,¥1.60,¥3.20,¥2.40,元/千克(kg) ,上海市江桥批发市场经营管理有限公司,查找
[2021-12-28],冬瓜,¥2.00,¥2.60,¥2.30,元/千克(kg) ,山西省太原市河西农产品有限公司,查找
[2021-12-28],冬瓜,¥0.80,¥2.80,¥2.40,元/千克(kg) ,山东青岛莱西市东庄头蔬菜批发市场服务...,查找
[2021-12-28],冬瓜,¥2.00,¥3.00,¥2.50,元/千克(kg) ,安徽亳州农产品有限责任公司,查找
[2021-12-28],冬瓜,¥2.80,¥2.80,¥2.80,元/千克(kg) ,晋城市绿盛农工商实业有限公司农副产品...,查找
[2021-12-28],冬瓜,¥2.40,¥3.20,¥2.80,元/千克(kg) ,浙江嘉善曹安农产品批发有限公司,查找
[2021-12-28],冬瓜,¥1.00,¥1.20,¥1.10,元/千克(kg) ,湖南常德甘露寺蔬菜批发市场,查找
[2021-12-28],冬瓜,¥0.00,¥0.00,¥2.20,元/千克(kg) ,绍兴市蔬菜果品批发交易市场有限公司,查找
[2021-12-28],冬瓜,¥0.00,¥0.00,¥2.40,元/千克(kg) ,河南濮阳宏进农副产品批发市场有限公司...,查找
[2021-12-28],冬瓜,¥2.40,¥4.00,¥3.00,元/千克(kg) ,云南通海金山蔬菜批发市场,查找
[2021-12-28],冬瓜,¥2.00,¥2.80,¥2.60,元/千克(kg) ,四川成都龙泉聚和(国际)果蔬菜交易中心,查找
[2021-12-28],冬瓜,¥1.40,¥2.00,¥1.70,元/千克(kg) ,南昌深圳农产品中心批发市场有限公司,查找
[2021-12-28],冬瓜,¥1.60,¥1.80,¥1.70,元/千克(kg) ,河南万邦国际农产品物流股份有限公司,查找
[2021-12-28],冬瓜,¥1.80,¥2.20,¥2.00,元/千克(kg) ,新疆九鼎恒兴蔬菜经营管理有限公司,查找
[2021-12-28],冬瓜,¥2.00,¥2.80,¥2.40,元/千克(kg) ,湖南长沙马王堆农产品股份有限公司,查找
[2021-12-28],冬瓜,¥2.20,¥3.00,¥2.60,元/千克(kg) ,马鞍山市安民农副产品贸易有限公司,查找
[2021-12-28],冬瓜,¥1.80,¥3.40,¥2.00,元/千克(kg) ,天津市红旗农贸综合批发市场有限公司,查找
[2021-12-28],冬瓜,¥3.40,¥3.60,¥3.50,元/千克(kg) ,陕西咸阳新阳光批发市场,查找
[2021-12-28],冬瓜,¥2.00,¥2.40,¥2.20,元/千克(kg) ,两湖绿谷物流股份有限公司,查找
[2021-12-28],冬瓜,¥1.20,¥4.00,¥3.40,元/千克(kg) ,青岛抚顺路蔬菜副食品批发市场股份有限公司,查找
[2021-12-28],冬瓜,¥1.60,¥2.30,¥1.90,元/千克(kg) ,河南商丘市农产品中心批发市场,查找
[2021-12-28],冬瓜,¥2.60,¥3.20,¥2.90,元/千克(kg) ,重庆双福国际农贸城,查找
[2021-12-28],冬瓜,¥2.10,¥2.80,¥2.45,元/千克(kg) ,红星实业集团有限公司红星农副产品大市场,查找
[2021-12-28],冬瓜,¥1.80,¥2.60,¥2.20,元/千克(kg) ,江苏苏州南环桥农副产品批发市场,查找
[2021-12-28],冬瓜,¥2.60,¥3.20,¥2.80,元/千克(kg) ,湖南吉首市蔬菜果品批发大市场,查找
[2021-12-28],冬瓜,¥2.40,¥2.80,¥2.60,元/千克(kg) ,山西太原丈子头农产品物流园（原城东利民）,查找
[2021-12-28],冬瓜,¥0.00,¥0.00,¥1.40,元/千克(kg) ,蚌埠海吉星农产品物流有限公司,查找
[2021-12-28],豇豆,¥9.00,¥11.00,¥9.60,元/千克(kg) ,北京京丰岳各庄农副产品批发市场,查找
[2021-12-28],豇豆,¥0.00,¥0.00,¥8.00,元/千克(kg) ,江西永丰县农产品批发中心市场,查找
[2021-12-28],豇豆,¥0.00,¥0.00,¥15.00,元/千克(kg) ,新疆绿珠九鼎农产品经营管理有限公司,查找
[2021-12-28],豇豆,¥11.00,¥11.00,¥11.00,元/千克(kg) ,辽宁鞍山宁远农产品批发市场,查找
[2021-12-28],豇豆,¥10.00,¥12.00,¥11.00,元/千克(kg) ,安徽亳州农产品有限责任公司,查找
[2021-12-28],豇豆,¥0.00,¥6.00,¥6.00,元/千克(kg) ,吉林扶余三井子杂粮批发市场,查找
[2021-12-28],豇豆,¥10.00,¥12.00,¥11.00,元/千克(kg) ,浙江嘉善曹安农产品批发有限公司,查找
[2021-12-28],豇豆,¥7.00,¥8.00,¥7.50,元/千克(kg) ,湖南常德甘露寺蔬菜批发市场,查找
[2021-12-28],豇豆,¥16.00,¥18.00,¥17.00,元/千克(kg) ,呼和浩特市东瓦窑农副产品批发市场有限...,查找
[2021-12-28],豇豆,¥13.50,¥15.50,¥14.50,元/千克(kg) ,乌鲁木齐北园春（集团）有限责任公司北...,查找
[2021-12-28],豇豆,¥10.40,¥13.80,¥13.80,元/千克(kg) ,四川成都龙泉聚和(国际)果蔬菜交易中心,查找
[2021-12-28],豇豆,¥9.60,¥10.00,¥9.80,元/千克(kg) ,重庆双福国际农贸城,查找
[2021-12-28],豇豆,¥4.00,¥10.40,¥7.20,元/千克(kg) ,江苏苏州南环桥农副产品批发市场,查找
[2021-12-28],豇豆,¥10.00,¥10.00,¥10.00,元/千克(kg) ,湖南吉首市蔬菜果品批发大市场,查找
[2021-12-28],豇豆,¥6.60,¥8.40,¥7.50,元/千克(kg) ,湖北浠水农产品批发市场,查找
[2021-12-28],豇豆,¥13.00,¥14.00,¥13.00,元/千克(kg) ,新疆乌鲁木齐凌庆蔬菜果品有限公司,查找
[2021-12-28],豇豆,¥7.00,¥8.00,¥7.50,元/千克(kg) ,江苏宜兴市瑞德蔬菜果品批发市场有限公司,查找
[2021-12-28],豇豆,¥8.00,¥13.00,¥10.50,元/千克(kg) ,北京新发地农副产品批发市场信息中心,查找
[2021-12-28],豇豆,¥11.50,¥13.00,¥12.50,元/千克(kg) ,新疆九鼎恒兴蔬菜经营管理有限公司,查找
[2021-12-28],豇豆,¥14.00,¥15.00,¥14.50,元/千克(kg) ,陕西咸阳新阳光批发市场,查找
[2021-12-28],豇豆,¥10.20,¥10.60,¥10.40,元/千克(kg) ,两湖绿谷物流股份有限公司,查找
[2021-12-28],豇豆,¥8.00,¥10.00,¥9.00,元/千克(kg) ,北京顺鑫石门农副产品批发市场,查找
[2021-12-28],豇豆,¥7.60,¥8.40,¥7.85,元/千克(kg) ,河北魏县天仙果菜批发交易市场,查找
[2021-12-28],豇豆,¥10.00,¥10.00,¥10.00,元/千克(kg) ,乐亭县冀东果菜批发市场,查找
[2021-12-28],豇豆,¥7.51,¥13.00,¥11.67,元/千克(kg) ,浙江嘉兴蔬菜批发交易市场,查找
[2021-12-28],西红柿,¥4.40,¥6.00,¥5.20,元/千克(kg) ,湖北浠水农产品批发市场,查找
[2021-12-28],西红柿,¥0.00,¥0.00,¥6.40,元/千克(kg) ,福建厦门同安闽南果蔬批发市场,查找
[2021-12-28],西红柿,¥6.00,¥7.00,¥6.60,元/千克(kg) ,甘肃天水市瀛池果菜批发市场,查找
[2021-12-28],西红柿,¥3.60,¥10.00,¥6.80,元/千克(kg) ,江苏苏州南环桥农副产品批发市场,查找
[2021-12-28],西红柿,¥5.00,¥7.40,¥6.60,元/千克(kg) ,湖南吉首市蔬菜果品批发大市场,查找
[2021-12-28],西红柿,¥5.20,¥6.00,¥5.60,元/千克(kg) ,重庆双福国际农贸城,查找
[2021-12-28],西红柿,¥5.00,¥6.50,¥5.75,元/千克(kg) ,红星实业集团有限公司红星农副产品大市场,查找
[2021-12-28],西红柿,¥5.60,¥6.30,¥5.90,元/千克(kg) ,河南商丘市农产品中心批发市场,查找
[2021-12-28],西红柿,¥5.00,¥8.00,¥7.60,元/千克(kg) ,青岛抚顺路蔬菜副食品批发市场股份有限公司,查找
[2021-12-28],西红柿,¥8.60,¥9.60,¥9.00,元/千克(kg) ,陕西咸阳新阳光批发市场,查找
[2021-12-28],西红柿,¥7.40,¥8.00,¥7.60,元/千克(kg) ,两湖绿谷物流股份有限公司,查找
[2021-12-28],西红柿,¥7.50,¥9.00,¥8.50,元/千克(kg) ,新疆九鼎恒兴蔬菜经营管理有限公司,查找
[2021-12-28],西红柿,¥6.60,¥9.60,¥7.00,元/千克(kg) ,天津市红旗农贸综合批发市场有限公司,查找
[2021-12-28],西红柿,¥5.80,¥7.20,¥6.50,元/千克(kg) ,湖南长沙马王堆农产品股份有限公司,查找
[2021-12-28],西红柿,¥5.00,¥7.00,¥6.00,元/千克(kg) ,马鞍山市安民农副产品贸易有限公司,查找
[2021-12-28],西红柿,¥7.00,¥7.20,¥7.00,元/千克(kg) ,江苏丰县农林局,查找
[2021-12-28],西红柿,¥4.40,¥6.00,¥5.20,元/千克(kg) ,北京新发地农副产品批发市场信息中心,查找
[2021-12-28],西红柿,¥0.00,¥0.00,¥4.60,元/千克(kg) ,孝义市绿海蔬菜批发销售有限公司,查找
[2021-12-28],西红柿,¥7.00,¥7.60,¥7.30,元/千克(kg) ,青藏高原农副产品集散中心,查找
[2021-12-28],西红柿,¥0.00,¥0.00,¥4.90,元/千克(kg) ,天津碧城农产品批发市场,查找
[2021-12-28],西红柿,¥3.00,¥6.00,¥5.00,元/千克(kg) ,江苏联谊农副产品批发市场,查找
[2021-12-28],西红柿,¥0.00,¥0.00,¥6.00,元/千克(kg) ,浙江金华农产品批发市场,查找
[2021-12-28],西红柿,¥5.00,¥6.00,¥5.00,元/千克(kg) ,天津何庄子鲜活农产品中心批发市场,查找
[2021-12-28],西红柿,¥0.00,¥0.00,¥7.00,元/千克(kg) ,安徽省淮北市中瑞农产品批发市场,查找
[2021-12-28],西红柿,¥4.00,¥6.00,¥5.40,元/千克(kg) ,山东德州黑马农贸水产批发市场,查找
[2021-12-28],西葫芦,¥0.00,¥0.00,¥3.20,元/千克(kg) ,蚌埠海吉星农产品物流有限公司,查找
[2021-12-28],西葫芦,¥1.80,¥3.60,¥2.70,元/千克(kg) ,北京新发地农副产品批发市场信息中心,查找
[2021-12-28],西葫芦,¥0.00,¥0.00,¥3.00,元/千克(kg) ,孝义市绿海蔬菜批发销售有限公司,查找
[2021-12-28],西葫芦,¥3.00,¥3.00,¥3.00,元/千克(kg) ,江苏丰县农林局,查找
[2021-12-28],光皮黄瓜,¥6.00,¥12.00,¥9.00,元/千克(kg) ,江苏凌家塘农副产品批发市场,查找
[2021-12-28],光皮黄瓜,¥8.40,¥9.40,¥9.03,元/千克(kg) ,中国寿光地利农产品物流园有限公司,查找
[2021-12-28],光皮黄瓜,¥9.00,¥9.00,¥9.00,元/千克(kg) ,山东青岛黄河路农产品批发市场,查找
[2021-12-28],光皮黄瓜,¥12.40,¥14.00,¥13.00,元/千克(kg) ,呼和浩特市东瓦窑农副产品批发市场有限...,查找
[2021-12-28],黄瓜,¥5.60,¥6.00,¥5.80,元/千克(kg) ,山西省长治市紫坊农产品综合交易市场有...,查找
[2021-12-28],黄瓜,¥2.00,¥5.60,¥4.00,元/千克(kg) ,江苏凌家塘农副产品批发市场,查找
[2021-12-28],黄瓜,¥0.00,¥0.00,¥3.60,元/千克(kg) ,山西临汾尧丰农副产品批发市场,查找
[2021-12-28],黄瓜,¥6.00,¥7.00,¥7.00,元/千克(kg) ,湖北鄂州市蟠龙蔬菜批发市场,查找
[2021-12-28],黄瓜,¥0.00,¥0.00,¥4.80,元/千克(kg) ,江西永丰县农产品批发中心市场,查找
[2021-12-28],黄瓜,¥0.00,¥0.00,¥5.20,元/千克(kg) ,呼和浩特市美通首府无公害农产品批发市场,查找
[2021-12-28],黄瓜,¥6.00,¥8.00,¥7.00,元/千克(kg) ,乌鲁木齐北园春（集团）有限责任公司北...,查找
[2021-12-28],黄瓜,¥3.30,¥5.60,¥3.50,元/千克(kg) ,佛山中南农产品交易中心,查找
[2021-12-28],黄瓜,¥5.60,¥6.40,¥6.00,元/千克(kg) ,三门峡金河农产品批发交易中心,查找
[2021-12-28],黄瓜,¥5.00,¥5.40,¥5.20,元/千克(kg) ,甘肃武山县蔬菜事业管理局,查找
[2021-12-28],黄瓜,¥5.40,¥7.60,¥6.50,元/千克(kg) ,南昌深圳农产品中心批发市场有限公司,查找
[2021-12-28],黄瓜,¥4.20,¥4.80,¥4.50,元/千克(kg) ,河南万邦国际农产品物流股份有限公司,查找
[2021-12-28],黄瓜,¥5.00,¥7.20,¥6.60,元/千克(kg) ,四川成都龙泉聚和(国际)果蔬菜交易中心,查找
[2021-12-28],黄瓜,¥0.00,¥0.00,¥7.20,元/千克(kg) ,绍兴市蔬菜果品批发交易市场有限公司,查找
[2021-12-28],黄瓜,¥0.00,¥0.00,¥3.80,元/千克(kg) ,河南濮阳宏进农副产品批发市场有限公司...,查找
[2021-12-28],黄瓜,¥3.40,¥8.00,¥5.00,元/千克(kg) ,北京京丰岳各庄农副产品批发市场,查找
[2021-12-28],黄瓜,¥4.00,¥4.20,¥4.10,元/千克(kg) ,湖南常德甘露寺蔬菜批发市场,查找
[2021-12-28],黄豆芽,¥0.00,¥0.00,¥2.35,元/千克(kg) ,江苏无锡朝阳农产品大市场,查找
[2021-12-28],黄豆芽,¥4.00,¥4.00,¥4.00,元/千克(kg) ,湖北鄂州市蟠龙蔬菜批发市场,查找
[2021-12-28],黄豆芽,¥3.00,¥3.00,¥3.00,元/千克(kg) ,山东青岛黄河路农产品批发市场,查找
[2021-12-28],黄豆芽,¥1.20,¥3.00,¥1.80,元/千克(kg) ,江苏凌家塘农副产品批发市场,查找
[2021-12-28],黄豆芽,¥0.00,¥0.00,¥4.50,元/千克(kg) ,四川雅安市汉源县九襄农产品批发市场,查找
[2021-12-28],黄豆芽,¥0.00,¥0.00,¥2.00,元/千克(kg) ,山东淄博市鲁中蔬菜批发市场,查找
[2021-12-28],黄豆芽,¥5.00,¥0.00,¥5.00,元/千克(kg) ,新疆兵团第五师三和农副产品综合批发市场,查找
[2021-12-28],黄豆芽,¥2.80,¥3.00,¥2.90,元/千克(kg) ,甘肃酒泉春光农产品市场有限责任公司,查找
[2021-12-28],黄豆芽,¥2.50,¥2.50,¥2.50,元/千克(kg) ,新疆克拉玛依农副产品批发市场,查找
[2021-12-28],黄豆芽,¥1.40,¥1.60,¥1.50,元/千克(kg) ,三门峡金河农产品批发交易中心,查找
[2021-12-28],黄豆芽,¥3.50,¥5.50,¥4.50,元/千克(kg) ,乌鲁木齐北园春（集团）有限责任公司北...,查找
[2021-12-28],黄豆芽,¥2.00,¥2.40,¥2.20,元/千克(kg) ,湖南吉首市蔬菜果品批发大市场,查找
[2021-12-28],黄豆芽,¥2.00,¥2.20,¥2.10,元/千克(kg) ,江苏苏州南环桥农副产品批发市场,查找
[2021-12-28],黄豆芽,¥2.00,¥3.60,¥2.80,元/千克(kg) ,河北秦皇岛海阳农副产品批发市场,查找
[2021-12-28],黄豆芽,¥0.00,¥0.00,¥2.00,元/千克(kg) ,四川南充川北农产品交易有限公司,查找
[2021-12-28],黄豆芽,¥0.00,¥0.00,¥3.60,元/千克(kg) ,绵阳市高水农副产品批发有限公司,查找
[2021-12-28],黄豆芽,¥1.70,¥1.80,¥1.75,元/千克(kg) ,北京新发地农副产品批发市场信息中心,查找
[2021-12-28],黄豆芽,¥3.00,¥3.50,¥3.50,元/千克(kg) ,新疆九鼎恒兴蔬菜经营管理有限公司,查找
[2021-12-28],黄豆芽,¥2.60,¥3.40,¥3.00,元/千克(kg) ,湖北浠水农产品批发市场,查找
[2021-12-28],绿豆芽,¥2.00,¥2.60,¥2.20,元/千克(kg) ,福建福鼎闽浙边界农贸中心市场,查找
[2021-12-28],绿豆芽,¥2.00,¥2.00,¥2.00,元/千克(kg) ,石家庄桥西蔬菜中心批发市场有限公司,查找
[2021-12-28],绿豆芽,¥0.00,¥0.00,¥2.50,元/千克(kg) ,新疆绿珠九鼎农产品经营管理有限公司,查找
[2021-12-28],绿豆芽,¥1.80,¥1.80,¥1.80,元/千克(kg) ,北京八里桥农产品中心批发市场有限公司,查找
[2021-12-28],绿豆芽,¥1.90,¥2.10,¥2.00,元/千克(kg) ,北京朝阳区大洋路综合市场,查找
[2021-12-28],绿豆芽,¥1.60,¥2.00,¥1.80,元/千克(kg) ,天津韩家墅海吉星农产品物流有限公司,查找
[2021-12-28],尖椒,¥3.90,¥6.80,¥4.90,元/千克(kg) ,佛山中南农产品交易中心,查找
[2021-12-28],尖椒,¥4.60,¥5.00,¥4.80,元/千克(kg) ,甘肃武山县蔬菜事业管理局,查找
[2021-12-28],尖椒,¥7.50,¥9.50,¥8.50,元/千克(kg) ,乌鲁木齐北园春（集团）有限责任公司北...,查找
[2021-12-28],尖椒,¥7.60,¥9.40,¥8.80,元/千克(kg) ,四川成都龙泉聚和(国际)果蔬菜交易中心,查找
[2021-12-28],尖椒,¥0.00,¥0.00,¥7.00,元/千克(kg) ,绍兴市蔬菜果品批发交易市场有限公司,查找
[2021-12-28],尖椒,¥0.00,¥0.00,¥6.00,元/千克(kg) ,河南濮阳宏进农副产品批发市场有限公司...,查找
[2021-12-28],尖椒,¥4.00,¥7.00,¥5.00,元/千克(kg) ,北京京丰岳各庄农副产品批发市场,查找
[2021-12-28],尖椒,¥8.00,¥10.00,¥9.00,元/千克(kg) ,浙江嘉善曹安农产品批发有限公司,查找
[2021-12-28],尖椒,¥2.40,¥6.60,¥5.60,元/千克(kg) ,广西田阳农副产品综合批发市场,查找
[2021-12-28],尖椒,¥6.00,¥6.00,¥6.00,元/千克(kg) ,晋城市绿盛农工商实业有限公司农副产品...,查找
[2021-12-28],尖椒,¥5.40,¥5.80,¥5.60,元/千克(kg) ,阳泉蔬菜副食有限公司,查找
[2021-12-28],尖椒,¥4.00,¥6.00,¥5.00,元/千克(kg) ,河北秦皇岛海阳农副产品批发市场,查找
[2021-12-28],尖椒,¥8.40,¥10.00,¥9.20,元/千克(kg) ,四川南充川北农产品交易有限公司,查找
[2021-12-28],尖椒,¥6.50,¥7.50,¥6.50,元/千克(kg) ,新疆乌鲁木齐凌庆蔬菜果品有限公司,查找
[2021-12-28],尖椒,¥9.40,¥9.60,¥9.40,元/千克(kg) ,张北县坝上蔬菜产业有限公司,查找
[2021-12-28],尖椒,¥0.00,¥0.00,¥9.60,元/千克(kg) ,绵阳市高水农副产品批发有限公司,查找
[2021-12-28],尖椒,¥0.00,¥0.00,¥3.60,元/千克(kg) ,福建厦门同安闽南果蔬批发市场,查找
[2021-12-28],尖椒,¥6.00,¥9.00,¥7.00,元/千克(kg) ,青岛抚顺路蔬菜副食品批发市场股份有限公司,查找
[2021-12-28],尖椒,¥4.60,¥5.00,¥4.80,元/千克(kg) ,两湖绿谷物流股份有限公司,查找
[2021-12-28],尖椒,¥6.00,¥7.00,¥6.50,元/千克(kg) ,新疆九鼎恒兴蔬菜经营管理有限公司,查找
[2021-12-28],尖椒,¥8.00,¥8.60,¥8.30,元/千克(kg) ,陕西咸阳新阳光批发市场,查找
[2021-12-28],尖椒,¥4.00,¥7.20,¥5.60,元/千克(kg) ,北京新发地农副产品批发市场信息中心,查找
[2021-12-28],尖椒,¥0.00,¥0.00,¥5.40,元/千克(kg) ,孝义市绿海蔬菜批发销售有限公司,查找
[2021-12-28],尖椒,¥4.00,¥6.40,¥5.60,元/千克(kg) ,山东青岛莱西市东庄头蔬菜批发市场服务...,查找
[2021-12-28],尖椒,¥6.00,¥7.00,¥6.50,元/千克(kg) ,辽宁朝阳市果菜批发市场,查找
[2021-12-28],草莓,¥20.00,¥50.00,¥40.00,元/千克(kg) ,江苏凌家塘农副产品批发市场,查找
[2021-12-28],草莓,¥30.00,¥0.00,¥30.00,元/千克(kg) ,新疆兵团第五师三和农副产品综合批发市场,查找
[2021-12-28],草莓,¥34.00,¥42.00,¥40.00,元/千克(kg) ,河北魏县天仙果菜批发交易市场,查找
[2021-12-28],草莓,¥50.00,¥65.00,¥60.00,元/千克(kg) ,滕州市农副产品物流中心有限公司,查找
[2021-12-28],草莓,¥0.00,¥0.00,¥51.00,元/千克(kg) ,天津碧城农产品批发市场,查找
[2021-12-28],草莓,¥68.00,¥70.00,¥69.00,元/千克(kg) ,北京八里桥农产品中心批发市场有限公司,查找
[2021-12-28],草莓,¥20.00,¥90.00,¥55.00,元/千克(kg) ,石家庄桥西蔬菜中心批发市场有限公司,查找
[2021-12-28],草莓,¥12.00,¥44.00,¥28.00,元/千克(kg) ,安徽合肥周谷堆农产品批发市场,查找
[2021-12-28],草莓,¥36.00,¥38.00,¥37.00,元/千克(kg) ,山西太原丈子头农产品物流园（原城东利民）,查找
[2021-12-28],草莓,¥8.00,¥11.00,¥9.50,元/千克(kg) ,湖北浠水农产品批发市场,查找
[2021-12-28],草莓,¥22.00,¥30.00,¥26.00,元/千克(kg) ,安徽亳州农产品有限责任公司,查找
[2021-12-28],草莓,¥60.00,¥80.00,¥70.00,元/千克(kg) ,北京京丰岳各庄农副产品批发市场,查找
[2021-12-28],草莓,¥16.00,¥50.00,¥36.00,元/千克(kg) ,济南堤口果品批发发展有限责任公司,查找
[2021-12-28],草莓,¥17.00,¥19.00,¥18.00,元/千克(kg) ,北京朝阳区大洋路综合市场,查找
[2021-12-28],草莓,¥26.00,¥34.00,¥30.00,元/千克(kg) ,河南万邦国际农产品物流股份有限公司,查找
[2021-12-28],玉米棒,¥3.60,¥4.00,¥3.80,元/千克(kg) ,湖南吉首市蔬菜果品批发大市场,查找
[2021-12-28],玉米棒,¥4.00,¥6.00,¥4.80,元/千克(kg) ,四川南充川北农产品交易有限公司,查找
[2021-12-28],玉米棒,¥0.00,¥0.00,¥9.20,元/千克(kg) ,绵阳市高水农副产品批发有限公司,查找
[2021-12-28],玉米棒,¥8.00,¥11.60,¥10.80,元/千克(kg) ,四川成都龙泉聚和(国际)果蔬菜交易中心,查找
[2021-12-28],玉米棒,¥3.40,¥4.00,¥3.70,元/千克(kg) ,武汉白沙洲农副产品大市场有限公司,查找
[2021-12-28],玉米棒,¥0.00,¥0.00,¥3.86,元/千克(kg) ,江苏无锡朝阳农产品大市场,查找
[2021-12-28],玉米棒,¥3.60,¥5.00,¥4.00,元/千克(kg) ,江苏凌家塘农副产品批发市场,查找
[2021-12-28],玉米棒,¥0.00,¥0.00,¥4.20,元/千克(kg) ,四川雅安市汉源县九襄农产品批发市场,查找
[2021-12-28],玉米棒,¥3.20,¥5.19,¥3.52,元/千克(kg) ,浙江嘉兴蔬菜批发交易市场,查找
[2021-12-28],玉米棒,¥3.20,¥3.60,¥3.40,元/千克(kg) ,两湖绿谷物流股份有限公司,查找
[2021-12-28],绿豆芽,¥2.20,¥2.40,¥2.40,元/千克(kg) ,黑龙江鹤岗市万圃源蔬菜有限责任公司,查找
[2021-12-28],绿豆芽,¥1.80,¥2.00,¥1.90,元/千克(kg) ,北京顺鑫石门农副产品批发市场,查找
[2021-12-28],绿豆芽,¥1.40,¥1.40,¥1.40,元/千克(kg) ,河北魏县天仙果菜批发交易市场,查找
[2021-12-28],绿豆芽,¥2.50,¥2.50,¥2.50,元/千克(kg) ,乐亭县冀东果菜批发市场,查找
[2021-12-28],绿豆芽,¥0.00,¥0.00,¥1.80,元/千克(kg) ,天津碧城农产品批发市场,查找
[2021-12-28],绿豆芽,¥1.00,¥1.40,¥1.20,元/千克(kg) ,江西乐平市蔬菜批发大市场,查找
[2021-12-28],绿豆芽,¥4.00,¥4.00,¥4.00,元/千克(kg) ,湖北鄂州市蟠龙蔬菜批发市场,查找
[2021-12-28],绿豆芽,¥2.40,¥3.00,¥2.70,元/千克(kg) ,山东青岛黄河路农产品批发市场,查找
[2021-12-28],绿豆芽,¥1.20,¥3.00,¥1.80,元/千克(kg) ,江苏凌家塘农副产品批发市场,查找
[2021-12-28],绿豆芽,¥0.00,¥0.00,¥2.00,元/千克(kg) ,山东淄博市鲁中蔬菜批发市场,查找
[2021-12-28],绿豆芽,¥5.00,¥0.00,¥5.00,元/千克(kg) ,新疆兵团第五师三和农副产品综合批发市场,查找
[2021-12-28],绿豆芽,¥2.80,¥3.00,¥2.90,元/千克(kg) ,甘肃酒泉春光农产品市场有限责任公司,查找
[2021-12-28],绿豆芽,¥2.50,¥2.50,¥2.50,元/千克(kg) ,新疆克拉玛依农副产品批发市场,查找
[2021-12-28],绿豆芽,¥0.00,¥0.00,¥2.20,元/千克(kg) ,江西永丰县农产品批发中心市场,查找
[2021-12-28],绿豆芽,¥1.40,¥1.60,¥1.50,元/千克(kg) ,三门峡金河农产品批发交易中心,查找
[2021-12-28],绿豆芽,¥3.50,¥5.50,¥4.50,元/千克(kg) ,乌鲁木齐北园春（集团）有限责任公司北...,查找
[2021-12-28],绿豆芽,¥2.00,¥2.40,¥2.20,元/千克(kg) ,湖南吉首市蔬菜果品批发大市场,查找
[2021-12-28],绿豆芽,¥2.20,¥2.40,¥2.30,元/千克(kg) ,江苏苏州南环桥农副产品批发市场,查找
[2021-12-28],绿豆芽,¥1.80,¥2.20,¥2.00,元/千克(kg) ,河北秦皇岛海阳农副产品批发市场,查找
[2021-12-28],绿豆芽,¥2.00,¥2.40,¥2.20,元/千克(kg) ,江苏宜兴市瑞德蔬菜果品批发市场有限公司,查找
[2021-12-28],绿豆芽,¥0.00,¥0.00,¥2.00,元/千克(kg) ,四川南充川北农产品交易有限公司,查找
[2021-12-28],绿豆芽,¥1.90,¥2.00,¥1.95,元/千克(kg) ,北京新发地农副产品批发市场信息中心,查找
[2021-12-28],绿豆芽,¥2.60,¥2.60,¥2.60,元/千克(kg) ,两湖绿谷物流股份有限公司,查找
[2021-12-28],绿豆芽,¥1.80,¥2.60,¥2.40,元/千克(kg) ,青岛抚顺路蔬菜副食品批发市场股份有限公司,查找
[2021-12-28],绿豆芽,¥3.00,¥3.50,¥3.50,元/千克(kg) ,新疆九鼎恒兴蔬菜经营管理有限公司,查找
[2021-12-28],蒜薹,¥8.00,¥9.60,¥9.00,元/千克(kg) ,青岛市城阳蔬菜水产品批发市场有限公司,查找
[2021-12-28],蒜薹,¥7.20,¥12.00,¥10.00,元/千克(kg) ,天津何庄子鲜活农产品中心批发市场,查找
[2021-12-28],蒜薹,¥0.00,¥0.00,¥9.00,元/千克(kg) ,山东滨州(六街）鲁北蔬菜批发市场,查找
[2021-12-28],蒜薹,¥5.80,¥7.00,¥6.00,元/千克(kg) ,河北魏县天仙果菜批发交易市场,查找
[2021-12-28],蒜薹,¥8.00,¥14.00,¥12.00,元/千克(kg) ,甘肃酒泉春光农产品市场有限责任公司,查找
[2021-12-28],蒜薹,¥8.60,¥14.40,¥11.50,元/千克(kg) ,广西新柳邕农产品批发市场有限公司,查找
[2021-12-28],蒜薹,¥5.00,¥14.00,¥7.00,元/千克(kg) ,广州江南果菜批发市场经营管理有限公司,查找
[2021-12-28],蒜薹,¥9.00,¥11.00,¥10.00,元/千克(kg) ,北京顺鑫石门农副产品批发市场,查找
[2021-12-28],蒜薹,¥8.50,¥8.50,¥8.50,元/千克(kg) ,新疆克拉玛依农副产品批发市场,查找
[2021-12-28],蒜薹,¥4.00,¥13.00,¥8.50,元/千克(kg) ,浙江嘉兴蔬菜批发交易市场,查找
[2021-12-28],蒜薹,¥4.40,¥4.60,¥4.50,元/千克(kg) ,山东金乡大蒜专业批发市场,查找
[2021-12-28],蒜薹,¥3.00,¥7.00,¥6.10,元/千克(kg) ,滕州市农副产品物流中心有限公司,查找
[2021-12-28],蒜薹,¥8.00,¥9.00,¥8.50,元/千克(kg) ,山西省太原市河西农产品有限公司,查找
[2021-12-28],蒜薹,¥0.00,¥0.00,¥8.00,元/千克(kg) ,山东淄博市鲁中蔬菜批发市场,查找
[2021-12-28],蒜薹,¥8.00,¥0.00,¥8.00,元/千克(kg) ,新疆兵团第五师三和农副产品综合批发市场,查找
[2021-12-28],蒜薹,¥14.00,¥15.00,¥14.00,元/千克(kg) ,湖北鄂州市蟠龙蔬菜批发市场,查找
[2021-12-28],蒜薹,¥7.60,¥8.40,¥8.00,元/千克(kg) ,成都市农产品中心批发市场,查找
[2021-12-28],菜苔,¥0.00,¥0.00,¥2.80,元/千克(kg) ,绵阳市高水农副产品批发有限公司,查找
[2021-12-28],菜苔,¥2.60,¥3.00,¥2.80,元/千克(kg) ,两湖绿谷物流股份有限公司,查找
[2021-12-28],菜苔,¥0.00,¥0.00,¥7.40,元/千克(kg) ,安徽省淮北市中瑞农产品批发市场,查找
[2021-12-28],菜苔,¥1.96,¥2.50,¥2.23,元/千克(kg) ,浙江嘉兴蔬菜批发交易市场,查找
[2021-12-28],菜苔,¥13.00,¥0.00,¥14.00,元/千克(kg) ,新疆兵团第五师三和农副产品综合批发市场,查找
[2021-12-28],菜苔,¥9.00,¥9.00,¥9.00,元/千克(kg) ,内蒙包头市友谊蔬菜批发市场,查找
[2021-12-28],菜苔,¥7.00,¥14.00,¥8.00,元/千克(kg) ,吉林省辽源市仙城物流园区有限公司,查找
[2021-12-28],菜苔,¥1.40,¥3.00,¥2.00,元/千克(kg) ,湖北鄂州市蟠龙蔬菜批发市场,查找
[2021-12-28],茄子,¥6.60,¥7.00,¥6.80,元/千克(kg) ,山西省长治市紫坊农产品综合交易市场有...,查找
[2021-12-28],茄子,¥3.40,¥5.00,¥4.00,元/千克(kg) ,江苏凌家塘农副产品批发市场,查找
[2021-12-28],茄子,¥0.00,¥0.00,¥4.40,元/千克(kg) ,山西临汾尧丰农副产品批发市场,查找
[2021-12-28],茄子,¥0.00,¥0.00,¥5.60,元/千克(kg) ,江西永丰县农产品批发中心市场,查找
[2021-12-28],茄子,¥0.00,¥0.00,¥5.60,元/千克(kg) ,呼和浩特市美通首府无公害农产品批发市场,查找
[2021-12-28],茄子,¥6.00,¥8.00,¥7.00,元/千克(kg) ,乌鲁木齐北园春（集团）有限责任公司北...,查找
[2021-12-28],茄子,¥3.80,¥6.00,¥3.80,元/千克(kg) ,佛山中南农产品交易中心,查找
[2021-12-28],茄子,¥5.20,¥6.00,¥5.60,元/千克(kg) ,三门峡金河农产品批发交易中心,查找
[2021-12-28],茄子,¥3.00,¥3.20,¥3.00,元/千克(kg) ,甘肃武山县蔬菜事业管理局,查找
[2021-12-28],茄子,¥3.60,¥5.20,¥4.40,元/千克(kg) ,南昌深圳农产品中心批发市场有限公司,查找
[2021-12-28],茄子,¥4.80,¥7.00,¥6.60,元/千克(kg) ,四川成都龙泉聚和(国际)果蔬菜交易中心,查找
[2021-12-28],茄子,¥4.00,¥5.20,¥4.60,元/千克(kg) ,河南万邦国际农产品物流股份有限公司,查找
[2021-12-28],茄子,¥0.00,¥0.00,¥8.50,元/千克(kg) ,绍兴市蔬菜果品批发交易市场有限公司,查找
[2021-12-28],茄子,¥4.40,¥6.00,¥5.00,元/千克(kg) ,北京京丰岳各庄农副产品批发市场,查找
[2021-12-28],茄子,¥9.00,¥11.00,¥10.00,元/千克(kg) ,浙江嘉善曹安农产品批发有限公司,查找
[2021-12-28],茄子,¥4.40,¥4.80,¥4.60,元/千克(kg) ,湖南常德甘露寺蔬菜批发市场,查找
[2021-12-28],茄子,¥5.00,¥7.00,¥6.00,元/千克(kg) ,安徽亳州农产品有限责任公司,查找
[2021-12-28],茄子,¥4.80,¥6.00,¥5.00,元/千克(kg) ,阳泉蔬菜副食有限公司,查找
[2021-12-28],茄子,¥4.00,¥5.00,¥4.50,元/千克(kg) ,辽宁鞍山宁远农产品批发市场,查找
[2021-12-28],茄子,¥0.00,¥0.00,¥8.00,元/千克(kg) ,四川广安市邻水县农产品交易中心,查找
[2021-12-28],茄子,¥3.20,¥4.00,¥3.60,元/千克(kg) ,河北秦皇岛海阳农副产品批发市场,查找
[2021-12-28],茄子,¥6.00,¥8.00,¥6.90,元/千克(kg) ,四川南充川北农产品交易有限公司,查找
[2021-12-28],茄子,¥7.00,¥7.40,¥7.20,元/千克(kg) ,江苏宜兴市瑞德蔬菜果品批发市场有限公司,查找
[2021-12-28],茄子,¥5.80,¥6.20,¥6.00,元/千克(kg) ,山西太原丈子头农产品物流园（原城东利民）,查找
[2021-12-28],茄子,¥5.00,¥5.20,¥5.00,元/千克(kg) ,张北县坝上蔬菜产业有限公司,查找
[2021-12-28],菜花,¥4.40,¥4.80,¥4.60,元/千克(kg) ,江西乐平市蔬菜批发大市场,查找
[2021-12-28],菜花,¥0.00,¥0.00,¥3.60,元/千克(kg) ,江苏无锡朝阳农产品大市场,查找
[2021-12-28],菜花,¥7.00,¥7.00,¥7.00,元/千克(kg) ,山东青岛黄河路农产品批发市场,查找
[2021-12-28],菜花,¥0.00,¥0.00,¥9.00,元/千克(kg) ,内蒙赤峰西城市场,查找
[2021-12-28],菜花,¥2.00,¥4.00,¥3.00,元/千克(kg) ,滕州市农副产品物流中心有限公司,查找
[2021-12-28],菜花,¥4.00,¥4.00,¥4.00,元/千克(kg) ,陕西泾云现代农业股份有限公司云阳蔬菜...,查找
[2021-12-28],菜花,¥2.40,¥3.40,¥2.80,元/千克(kg) ,河北魏县天仙果菜批发交易市场,查找
[2021-12-28],菜花,¥3.00,¥4.00,¥3.50,元/千克(kg) ,山西省太原市河西农产品有限公司,查找
[2021-12-28],菜花,¥5.00,¥7.00,¥6.00,元/千克(kg) ,新疆克拉玛依农副产品批发市场,查找
[2021-12-28],菜花,¥2.80,¥3.40,¥3.10,元/千克(kg) ,上海市江桥批发市场经营管理有限公司,查找
[2021-12-28],菜花,¥5.00,¥5.00,¥5.00,元/千克(kg) ,内蒙包头市友谊蔬菜批发市场,查找
[2021-12-28],菜花,¥3.60,¥4.00,¥3.80,元/千克(kg) ,吉林省辽源市仙城物流园区有限公司,查找
[2021-12-28],菜花,¥2.00,¥7.00,¥3.20,元/千克(kg) ,广州江南果菜批发市场经营管理有限公司,查找
[2021-12-28],菜花,¥6.00,¥8.00,¥7.00,元/千克(kg) ,甘肃酒泉春光农产品市场有限责任公司,查找
[2021-12-28],菜花,¥5.00,¥0.00,¥6.00,元/千克(kg) ,新疆兵团第五师三和农副产品综合批发市场,查找
[2021-12-28],菜花,¥2.60,¥3.40,¥3.00,元/千克(kg) ,广西新柳邕农产品批发市场有限公司,查找
[2021-12-28],菜花,¥5.40,¥5.80,¥5.60,元/千克(kg) ,邵阳市江北农产品批发大市场,查找
[2021-12-28],菜花,¥4.00,¥4.00,¥4.00,元/千克(kg) ,晋城市绿盛农工商实业有限公司农副产品...,查找
[2021-12-28],菜花,¥3.00,¥4.00,¥3.50,元/千克(kg) ,浙江嘉善曹安农产品批发有限公司,查找
[2021-12-28],菜花,¥4.00,¥5.00,¥4.50,元/千克(kg) ,安徽亳州农产品有限责任公司,查找
[2021-12-28],菜花,¥3.60,¥4.00,¥3.80,元/千克(kg) ,阳泉蔬菜副食有限公司,查找
[2021-12-28],菜花,¥4.20,¥5.00,¥4.60,元/千克(kg) ,三门峡金河农产品批发交易中心,查找
[2021-12-28],菜花,¥8.40,¥8.40,¥8.40,元/千克(kg) ,辽宁鞍山宁远农产品批发市场,查找
[2021-12-28],菜花,¥0.00,¥0.00,¥4.00,元/千克(kg) ,呼和浩特市美通首府无公害农产品批发市场,查找
[2021-12-28],菜花,¥4.00,¥6.00,¥5.00,元/千克(kg) ,乌鲁木齐北园春（集团）有限责任公司北...,查找
[2021-12-28],草菇,¥24.00,¥25.00,¥24.50,元/千克(kg) ,北京朝阳区大洋路综合市场,查找
[2021-12-28],金针菇,¥4.60,¥5.00,¥4.80,元/千克(kg) ,黑龙江鹤岗市万圃源蔬菜有限责任公司,查找
[2021-12-28],金针菇,¥0.00,¥0.00,¥10.00,元/千克(kg) ,新疆绿珠九鼎农产品经营管理有限公司,查找
[2021-12-28],金针菇,¥7.50,¥11.00,¥9.00,元/千克(kg) ,乌鲁木齐北园春（集团）有限责任公司北...,查找
[2021-12-28],金针菇,¥8.00,¥11.20,¥10.60,元/千克(kg) ,四川成都龙泉聚和(国际)果蔬菜交易中心,查找
[2021-12-28],金针菇,¥8.36,¥9.24,¥8.80,元/千克(kg) ,红星实业集团有限公司红星农副产品大市场,查找
[2021-12-28],金针菇,¥5.60,¥6.00,¥5.80,元/千克(kg) ,山西太原丈子头农产品物流园（原城东利民）,查找
[2021-12-28],金针菇,¥6.00,¥8.00,¥7.00,元/千克(kg) ,湖北浠水农产品批发市场,查找
[2021-12-28],金针菇,¥7.00,¥8.00,¥7.50,元/千克(kg) ,浙江嘉善曹安农产品批发有限公司,查找
[2021-12-28],金针菇,¥9.00,¥10.00,¥9.50,元/千克(kg) ,江苏宜兴市瑞德蔬菜果品批发市场有限公司,查找
[2021-12-28],金针菇,¥0.00,¥0.00,¥9.00,元/千克(kg) ,四川广安市邻水县农产品交易中心,查找
[2021-12-28],金针菇,¥4.00,¥6.00,¥5.00,元/千克(kg) ,北京新发地农副产品批发市场信息中心,查找
[2021-12-28],金针菇,¥2.60,¥3.00,¥2.60,元/千克(kg) ,江苏丰县农林局,查找
[2021-12-28],金针菇,¥5.00,¥5.40,¥5.20,元/千克(kg) ,陕西咸阳新阳光批发市场,查找
[2021-12-28],金针菇,¥4.20,¥8.82,¥4.91,元/千克(kg) ,浙江嘉兴蔬菜批发交易市场,查找
[2021-12-28],金针菇,¥4.00,¥4.40,¥4.20,元/千克(kg) ,山西新绛县蔬菜批发市场,查找
[2021-12-28],金针菇,¥0.00,¥0.00,¥4.00,元/千克(kg) ,山东淄博市鲁中蔬菜批发市场,查找
[2021-12-28],金针菇,¥4.00,¥8.00,¥6.00,元/千克(kg) ,江苏凌家塘农副产品批发市场,查找
[2021-12-28],金针菇,¥8.00,¥0.00,¥8.00,元/千克(kg) ,新疆兵团第五师三和农副产品综合批发市场,查找
[2021-12-28],金针菇,¥8.00,¥8.00,¥8.00,元/千克(kg) ,新疆克拉玛依农副产品批发市场,查找
[2021-12-28],金针菇,¥3.00,¥3.50,¥3.25,元/千克(kg) ,河南万邦国际农产品物流股份有限公司,查找
[2021-12-28],金针菇,¥5.00,¥6.00,¥5.50,元/千克(kg) ,武汉白沙洲农副产品大市场有限公司,查找
[2021-12-28],金针菇,¥0.00,¥0.00,¥7.00,元/千克(kg) ,绍兴市蔬菜果品批发交易市场有限公司,查找
[2021-12-28],金针菇,¥1.80,¥3.00,¥2.00,元/千克(kg) ,呼和浩特市东瓦窑农副产品批发市场有限...,查找
[2021-12-28],金针菇,¥7.00,¥7.00,¥7.00,元/千克(kg) ,湖北鄂州市蟠龙蔬菜批发市场,查找
[2021-12-28],莴笋,¥0.00,¥0.00,¥7.20,元/千克(kg) ,新疆绿珠九鼎农产品经营管理有限公司,查找
[2021-12-28],莴笋,¥2.40,¥3.40,¥2.90,元/千克(kg) ,北京朝阳区大洋路综合市场,查找
[2021-12-28],莴笋,¥2.20,¥3.20,¥2.70,元/千克(kg) ,广东汕头农副产品批发中心市场,查找
[2021-12-28],莴笋,¥2.00,¥3.00,¥2.50,元/千克(kg) ,徐州农副产品中心批发市场,查找
[2021-12-28],莴笋,¥2.20,¥4.00,¥3.10,元/千克(kg) ,北京八里桥农产品中心批发市场有限公司,查找
[2021-12-28],莴笋,¥0.00,¥0.00,¥2.80,元/千克(kg) ,浙江金华农产品批发市场,查找
[2021-12-28],莴笋,¥4.20,¥5.40,¥5.00,元/千克(kg) ,福建福鼎闽浙边界农贸中心市场,查找
[2021-12-28],莴笋,¥2.40,¥2.80,¥2.60,元/千克(kg) ,上海农产品中心批发市场经营管理有限公司,查找
[2021-12-28],莴笋,¥3.20,¥4.00,¥3.40,元/千克(kg) ,遵义金土地绿色产品交易有限公司,查找
[2021-12-28],莴笋,¥0.60,¥3.76,¥2.19,元/千克(kg) ,福建省福州市海峡蔬菜批发市场,查找
[2021-12-28],莴笋,¥2.40,¥3.40,¥2.90,元/千克(kg) ,浙江宁波市蔬菜副食品批发交易市场,查找
[2021-12-28],莴笋,¥2.50,¥3.50,¥3.00,元/千克(kg) ,新疆九鼎恒兴蔬菜经营管理有限公司,查找
[2021-12-28],莴笋,¥1.40,¥2.60,¥2.00,元/千克(kg) ,马鞍山市安民农副产品贸易有限公司,查找
[2021-12-28],莴笋,¥2.80,¥3.20,¥3.00,元/千克(kg) ,湖南长沙马王堆农产品股份有限公司,查找
[2021-12-28],莴笋,¥3.20,¥3.60,¥3.40,元/千克(kg) ,湖南吉首市蔬菜果品批发大市场,查找
[2021-12-28],莴笋,¥0.00,¥0.00,¥2.50,元/千克(kg) ,福建厦门同安闽南果蔬批发市场,查找
[2021-12-28],莴笋,¥4.00,¥5.00,¥4.60,元/千克(kg) ,甘肃天水市瀛池果菜批发市场,查找
[2021-12-28],莴笋,¥2.60,¥2.60,¥2.60,元/千克(kg) ,江苏丰县农林局,查找
[2021-12-28],莴笋,¥2.40,¥4.00,¥3.20,元/千克(kg) ,北京新发地农副产品批发市场信息中心,查找
[2021-12-28],莴笋,¥0.00,¥0.00,¥2.40,元/千克(kg) ,蚌埠海吉星农产品物流有限公司,查找
[2021-12-28],莴笋,¥1.40,¥5.00,¥2.40,元/千克(kg) ,青岛抚顺路蔬菜副食品批发市场股份有限公司,查找
[2021-12-28],莴笋,¥3.60,¥4.00,¥3.80,元/千克(kg) ,陕西咸阳新阳光批发市场,查找
[2021-12-28],莴笋,¥3.00,¥3.40,¥3.40,元/千克(kg) ,两湖绿谷物流股份有限公司,查找
[2021-12-28],莴笋,¥5.00,¥5.00,¥5.00,元/千克(kg) ,晋城市绿盛农工商实业有限公司农副产品...,查找
[2021-12-28],莴笋,¥3.00,¥3.60,¥3.30,元/千克(kg) ,浙江嘉善曹安农产品批发有限公司,查找
[2021-12-28],芹菜,¥2.00,¥12.00,¥4.90,元/千克(kg) ,广州江南果菜批发市场经营管理有限公司,查找
[2021-12-28],芹菜,¥3.00,¥4.00,¥3.60,元/千克(kg) ,吉林省辽源市仙城物流园区有限公司,查找
[2021-12-28],芹菜,¥0.00,¥0.00,¥4.80,元/千克(kg) ,内蒙赤峰西城市场,查找
[2021-12-28],芹菜,¥0.00,¥0.00,¥2.60,元/千克(kg) ,山东淄博市鲁中蔬菜批发市场,查找
[2021-12-28],芹菜,¥2.00,¥10.00,¥4.00,元/千克(kg) ,滕州市农副产品物流中心有限公司,查找
[2021-12-28],芹菜,¥2.00,¥2.50,¥2.20,元/千克(kg) ,河北魏县天仙果菜批发交易市场,查找
[2021-12-28],芹菜,¥2.60,¥2.80,¥2.70,元/千克(kg) ,石家庄桥西蔬菜中心批发市场有限公司,查找
[2021-12-28],芹菜,¥0.00,¥0.00,¥2.60,元/千克(kg) ,天津碧城农产品批发市场,查找
[2021-12-28],芹菜,¥2.20,¥2.30,¥2.28,元/千克(kg) ,乐亭县冀东果菜批发市场,查找
[2021-12-28],芹菜,¥0.00,¥0.00,¥4.00,元/千克(kg) ,安徽省淮北市中瑞农产品批发市场,查找
[2021-12-28],芹菜,¥11.80,¥13.20,¥12.40,元/千克(kg) ,福建福鼎闽浙边界农贸中心市场,查找
[2021-12-28],芹菜,¥3.00,¥3.60,¥3.30,元/千克(kg) ,青藏高原农副产品集散中心,查找
[2021-12-28],芹菜,¥1.20,¥5.60,¥2.49,元/千克(kg) ,中国寿光地利农产品物流园有限公司,查找
[2021-12-28],芹菜,¥5.00,¥6.00,¥5.60,元/千克(kg) ,江苏联谊农副产品批发市场,查找
[2021-12-28],芹菜,¥3.00,¥3.40,¥3.00,元/千克(kg) ,天津何庄子鲜活农产品中心批发市场,查找
[2021-12-28],芹菜,¥2.60,¥6.16,¥5.03,元/千克(kg) ,浙江嘉兴蔬菜批发交易市场,查找
[2021-12-28],芹菜,¥3.00,¥3.40,¥3.20,元/千克(kg) ,山西晋城绿欣农产品批发交易中心,查找
[2021-12-28],芹菜,¥0.00,¥0.00,¥3.00,元/千克(kg) ,山东滨州(六街）鲁北蔬菜批发市场,查找
[2021-12-28],芹菜,¥4.00,¥7.00,¥5.00,元/千克(kg) ,安徽六安市裕安区紫竹林农产品批发市场,查找
[2021-12-28],芹菜,¥0.00,¥0.00,¥3.20,元/千克(kg) ,山西汾阳市晋阳农副产品批发市场,查找
[2021-12-28],芹菜,¥2.40,¥2.80,¥2.60,元/千克(kg) ,黑龙江鹤岗市万圃源蔬菜有限责任公司,查找
[2021-12-28],芹菜,¥2.60,¥3.60,¥3.20,元/千克(kg) ,天津市金钟蔬菜批发市场,查找
[2021-12-28],芹菜,¥3.20,¥4.00,¥3.60,元/千克(kg) ,安徽合肥周谷堆农产品批发市场,查找
[2021-12-28],芹菜,¥3.00,¥3.60,¥3.30,元/千克(kg) ,辽宁朝阳市果菜批发市场,查找
[2021-12-28],芹菜,¥3.20,¥0.00,¥3.20,元/千克(kg) ,河北省怀来县京西果菜批发市场有限责任公司,查找
[2021-12-28],菜花,¥5.00,¥7.00,¥6.00,元/千克(kg) ,天津韩家墅海吉星农产品物流有限公司,查找
[2021-12-28],菜花,¥2.00,¥3.40,¥3.00,元/千克(kg) ,山东青岛莱西市东庄头蔬菜批发市场服务...,查找
[2021-12-28],菜花,¥0.00,¥0.00,¥8.00,元/千克(kg) ,新疆绿珠九鼎农产品经营管理有限公司,查找
[2021-12-28],菜花,¥4.60,¥6.00,¥5.30,元/千克(kg) ,北京八里桥农产品中心批发市场有限公司,查找
[2021-12-28],菜花,¥4.40,¥6.60,¥5.40,元/千克(kg) ,浙江宁波市蔬菜副食品批发交易市场,查找
[2021-12-28],菜花,¥0.00,¥0.00,¥3.00,元/千克(kg) ,山西汾阳市晋阳农副产品批发市场,查找
[2021-12-28],菜花,¥4.60,¥5.00,¥4.80,元/千克(kg) ,黑龙江鹤岗市万圃源蔬菜有限责任公司,查找
[2021-12-28],菜花,¥3.00,¥5.00,¥4.20,元/千克(kg) ,天津市金钟蔬菜批发市场,查找
[2021-12-28],菜花,¥4.00,¥5.00,¥4.50,元/千克(kg) ,辽宁朝阳市果菜批发市场,查找
[2021-12-28],菜花,¥3.00,¥0.00,¥3.00,元/千克(kg) ,河北省怀来县京西果菜批发市场有限责任公司,查找
[2021-12-28],菜花,¥4.40,¥4.80,¥4.60,元/千克(kg) ,北京顺鑫石门农副产品批发市场,查找
[2021-12-28],菜花,¥4.00,¥4.40,¥4.40,元/千克(kg) ,山东威海市农副产品批发市场,查找
[2021-12-28],菜花,¥3.60,¥6.00,¥4.00,元/千克(kg) ,山东德州黑马农贸水产批发市场,查找
[2021-12-28],菜花,¥6.00,¥7.00,¥6.40,元/千克(kg) ,青岛市城阳蔬菜水产品批发市场有限公司,查找
[2021-12-28],菜花,¥0.00,¥0.00,¥4.50,元/千克(kg) ,天津碧城农产品批发市场,查找
[2021-12-28],菜花,¥2.73,¥3.67,¥3.20,元/千克(kg) ,浙江嘉兴蔬菜批发交易市场,查找
[2021-12-28],菜花,¥2.30,¥4.00,¥3.54,元/千克(kg) ,乐亭县冀东果菜批发市场,查找
[2021-12-28],菜花,¥0.70,¥5.50,¥3.27,元/千克(kg) ,中国寿光地利农产品物流园有限公司,查找
[2021-12-28],菜花,¥5.00,¥6.00,¥5.60,元/千克(kg) ,江苏联谊农副产品批发市场,查找
[2021-12-28],菜花,¥5.00,¥6.00,¥5.50,元/千克(kg) ,山西晋城绿欣农产品批发交易中心,查找
[2021-12-28],菜花,¥0.00,¥0.00,¥4.00,元/千克(kg) ,山东滨州(六街）鲁北蔬菜批发市场,查找
[2021-12-28],菜花,¥0.00,¥0.00,¥3.40,元/千克(kg) ,浙江金华农产品批发市场,查找
[2021-12-28],菜花,¥3.00,¥5.00,¥4.00,元/千克(kg) ,湖北鄂州市蟠龙蔬菜批发市场,查找
[2021-12-28],菜花,¥2.80,¥3.60,¥3.20,元/千克(kg) ,成都市农产品中心批发市场,查找
[2021-12-28],菜花,¥0.00,¥0.00,¥2.80,元/千克(kg) ,山东淄博市鲁中蔬菜批发市场,查找
[2021-12-28],青椒,¥6.00,¥8.00,¥7.00,元/千克(kg) ,马鞍山市安民农副产品贸易有限公司,查找
[2021-12-28],青椒,¥6.00,¥6.00,¥6.00,元/千克(kg) ,江苏丰县农林局,查找
[2021-12-28],青椒,¥3.40,¥5.20,¥4.30,元/千克(kg) ,北京新发地农副产品批发市场信息中心,查找
[2021-12-28],青椒,¥0.00,¥0.00,¥5.00,元/千克(kg) ,孝义市绿海蔬菜批发销售有限公司,查找
[2021-12-28],青椒,¥1.06,¥11.96,¥3.94,元/千克(kg) ,福建省福州市海峡蔬菜批发市场,查找
[2021-12-28],青椒,¥0.00,¥0.00,¥8.00,元/千克(kg) ,新疆绿珠九鼎农产品经营管理有限公司,查找
[2021-12-28],青椒,¥5.00,¥7.00,¥6.00,元/千克(kg) ,徐州农副产品中心批发市场,查找
[2021-12-28],青椒,¥6.00,¥7.00,¥6.50,元/千克(kg) ,北京朝阳区大洋路综合市场,查找
[2021-12-28],青椒,¥4.00,¥4.40,¥4.20,元/千克(kg) ,阜阳农产品中心批发市场,查找
[2021-12-28],青椒,¥5.40,¥5.80,¥5.60,元/千克(kg) ,青藏高原农副产品集散中心,查找
[2021-12-28],青椒,¥0.00,¥0.00,¥6.10,元/千克(kg) ,天津碧城农产品批发市场,查找
[2021-12-28],青椒,¥6.40,¥16.00,¥7.00,元/千克(kg) ,江苏联谊农副产品批发市场,查找
[2021-12-28],青椒,¥0.00,¥0.00,¥6.00,元/千克(kg) ,浙江金华农产品批发市场,查找
[2021-12-28],青椒,¥6.20,¥7.40,¥7.20,元/千克(kg) ,福建福鼎闽浙边界农贸中心市场,查找
[2021-12-28],青椒,¥4.00,¥4.80,¥4.60,元/千克(kg) ,天津何庄子鲜活农产品中心批发市场,查找
[2021-12-28],青椒,¥0.00,¥0.00,¥6.00,元/千克(kg) ,安徽省淮北市中瑞农产品批发市场,查找
[2021-12-28],青椒,¥3.40,¥5.00,¥4.20,元/千克(kg) ,山东德州黑马农贸水产批发市场,查找
[2021-12-28],青椒,¥4.60,¥4.80,¥4.70,元/千克(kg) ,山西晋城绿欣农产品批发交易中心,查找
[2021-12-28],青椒,¥0.00,¥0.00,¥4.40,元/千克(kg) ,山东滨州(六街）鲁北蔬菜批发市场,查找
[2021-12-28],青椒,¥3.50,¥8.00,¥6.00,元/千克(kg) ,安徽六安市裕安区紫竹林农产品批发市场,查找
[2021-12-28],青椒,¥1.00,¥4.00,¥2.58,元/千克(kg) ,乐亭县冀东果菜批发市场,查找
[2021-12-28],青椒,¥3.00,¥3.80,¥3.60,元/千克(kg) ,河北魏县天仙果菜批发交易市场,查找
[2021-12-28],青椒,¥8.00,¥10.00,¥9.00,元/千克(kg) ,甘肃酒泉春光农产品市场有限责任公司,查找
[2021-12-28],青椒,¥7.00,¥0.00,¥8.00,元/千克(kg) ,新疆兵团第五师三和农副产品综合批发市场,查找
[2021-12-28],青椒,¥3.60,¥3.60,¥3.60,元/千克(kg) ,广西新柳邕农产品批发市场有限公司,查找
[2021-12-28],西兰花,¥6.00,¥8.00,¥7.00,元/千克(kg) ,云南通海金山蔬菜批发市场,查找
[2021-12-28],西兰花,¥0.00,¥0.00,¥5.50,元/千克(kg) ,绍兴市蔬菜果品批发交易市场有限公司,查找
[2021-12-28],西兰花,¥0.00,¥0.00,¥5.60,元/千克(kg) ,河南濮阳宏进农副产品批发市场有限公司...,查找
[2021-12-28],西兰花,¥10.00,¥11.00,¥10.20,元/千克(kg) ,呼和浩特市东瓦窑农副产品批发市场有限...,查找
[2021-12-28],西兰花,¥6.60,¥7.00,¥6.80,元/千克(kg) ,山西新绛县蔬菜批发市场,查找
[2021-12-28],西兰花,¥4.50,¥5.50,¥5.00,元/千克(kg) ,武汉白沙洲农副产品大市场有限公司,查找
[2021-12-28],西兰花,¥7.20,¥7.60,¥7.40,元/千克(kg) ,山西太原丈子头农产品物流园（原城东利民）,查找
[2021-12-28],西兰花,¥5.20,¥6.00,¥5.60,元/千克(kg) ,重庆双福国际农贸城,查找
[2021-12-28],西兰花,¥4.00,¥6.00,¥5.00,元/千克(kg) ,河北秦皇岛海阳农副产品批发市场,查找
[2021-12-28],西兰花,¥0.00,¥0.00,¥9.40,元/千克(kg) ,四川广安市邻水县农产品交易中心,查找
[2021-12-28],西兰花,¥6.50,¥8.00,¥6.50,元/千克(kg) ,新疆乌鲁木齐凌庆蔬菜果品有限公司,查找
[2021-12-28],西兰花,¥8.40,¥9.00,¥8.40,元/千克(kg) ,张北县坝上蔬菜产业有限公司,查找
[2021-12-28],西兰花,¥0.00,¥0.00,¥6.40,元/千克(kg) ,绵阳市高水农副产品批发有限公司,查找
[2021-12-28],西兰花,¥5.00,¥7.00,¥6.20,元/千克(kg) ,北京京丰岳各庄农副产品批发市场,查找
[2021-12-28],西兰花,¥7.00,¥7.20,¥7.00,元/千克(kg) ,江苏丰县农林局,查找
[2021-12-28],西兰花,¥4.40,¥5.40,¥4.90,元/千克(kg) ,北京新发地农副产品批发市场信息中心,查找
[2021-12-28],西兰花,¥0.00,¥0.00,¥7.00,元/千克(kg) ,蚌埠海吉星农产品物流有限公司,查找
[2021-12-28],西兰花,¥8.00,¥9.00,¥8.50,元/千克(kg) ,陕西咸阳新阳光批发市场,查找
[2021-12-28],西兰花,¥5.40,¥5.80,¥5.60,元/千克(kg) ,两湖绿谷物流股份有限公司,查找
[2021-12-28],西兰花,¥4.00,¥9.00,¥8.00,元/千克(kg) ,青岛抚顺路蔬菜副食品批发市场股份有限公司,查找
[2021-12-28],西兰花,¥6.00,¥7.00,¥6.50,元/千克(kg) ,新疆九鼎恒兴蔬菜经营管理有限公司,查找
[2021-12-28],西兰花,¥7.60,¥8.80,¥8.20,元/千克(kg) ,湖北浠水农产品批发市场,查找
[2021-12-28],西兰花,¥8.00,¥8.00,¥8.00,元/千克(kg) ,湖南吉首市蔬菜果品批发大市场,查找
[2021-12-28],西兰花,¥4.40,¥7.40,¥5.90,元/千克(kg) ,江苏苏州南环桥农副产品批发市场,查找
[2021-12-28],西兰花,¥6.60,¥8.00,¥7.30,元/千克(kg) ,石家庄桥西蔬菜中心批发市场有限公司,查找
[2021-12-28],茭白,¥3.00,¥9.00,¥6.00,元/千克(kg) ,江苏凌家塘农副产品批发市场,查找
[2021-12-28],茭白,¥0.00,¥0.00,¥7.60,元/千克(kg) ,浙江金华农产品批发市场,查找
[2021-12-28],茭白,¥8.35,¥10.75,¥9.44,元/千克(kg) ,浙江嘉兴蔬菜批发交易市场,查找
[2021-12-28],茭白,¥16.00,¥16.00,¥16.00,元/千克(kg) ,黑龙江鹤岗市万圃源蔬菜有限责任公司,查找
[2021-12-28],茭白,¥6.00,¥8.00,¥7.00,元/千克(kg) ,北京新发地农副产品批发市场信息中心,查找
[2021-12-28],茭白,¥12.00,¥13.00,¥12.50,元/千克(kg) ,北京朝阳区大洋路综合市场,查找
[2021-12-28],莲藕,¥3.20,¥3.60,¥3.40,元/千克(kg) ,江西乐平市蔬菜批发大市场,查找
[2021-12-28],莲藕,¥0.00,¥0.00,¥4.01,元/千克(kg) ,江苏无锡朝阳农产品大市场,查找
[2021-12-28],莲藕,¥5.00,¥7.00,¥6.60,元/千克(kg) ,湖北鄂州市蟠龙蔬菜批发市场,查找
[2021-12-28],莲藕,¥4.00,¥9.00,¥6.50,元/千克(kg) ,山东青岛黄河路农产品批发市场,查找
[2021-12-28],莲藕,¥0.00,¥0.00,¥5.00,元/千克(kg) ,河南濮阳宏进农副产品批发市场有限公司...,查找
[2021-12-28],莲藕,¥0.00,¥0.00,¥6.40,元/千克(kg) ,绍兴市蔬菜果品批发交易市场有限公司,查找
[2021-12-28],莲藕,¥4.00,¥4.40,¥4.20,元/千克(kg) ,山西新绛县蔬菜批发市场,查找
[2021-12-28],莲藕,¥4.00,¥5.60,¥4.80,元/千克(kg) ,武汉白沙洲农副产品大市场有限公司,查找
[2021-12-28],莲藕,¥0.00,¥0.00,¥5.00,元/千克(kg) ,山西临汾尧丰农副产品批发市场,查找
[2021-12-28],莲藕,¥5.20,¥7.50,¥6.40,元/千克(kg) ,浙江宁波市蔬菜副食品批发交易市场,查找
[2021-12-28],莲藕,¥3.00,¥6.00,¥5.00,元/千克(kg) ,江苏凌家塘农副产品批发市场,查找
[2021-12-28],莲藕,¥8.50,¥10.50,¥9.50,元/千克(kg) ,乌鲁木齐北园春（集团）有限责任公司北...,查找
[2021-12-28],莲藕,¥7.00,¥7.80,¥7.40,元/千克(kg) ,邵阳市江北农产品批发大市场,查找
[2021-12-28],莲藕,¥3.80,¥4.20,¥4.00,元/千克(kg) ,河北魏县天仙果菜批发交易市场,查找
[2021-12-28],莲藕,¥12.00,¥0.00,¥15.00,元/千克(kg) ,新疆兵团第五师三和农副产品综合批发市场,查找
[2021-12-28],莲藕,¥0.00,¥0.00,¥5.60,元/千克(kg) ,安徽省淮北市中瑞农产品批发市场,查找
[2021-12-28],莲藕,¥6.00,¥6.00,¥6.00,元/千克(kg) ,内蒙包头市友谊蔬菜批发市场,查找
[2021-12-28],莲藕,¥5.00,¥8.00,¥6.30,元/千克(kg) ,广州江南果菜批发市场经营管理有限公司,查找
[2021-12-28],莲藕,¥5.00,¥6.00,¥5.50,元/千克(kg) ,山西省太原市河西农产品有限公司,查找
[2021-12-28],蒜薹,¥7.00,¥8.00,¥7.50,元/千克(kg) ,新疆九鼎恒兴蔬菜经营管理有限公司,查找
[2021-12-28],蒜薹,¥9.40,¥11.80,¥10.60,元/千克(kg) ,湖北浠水农产品批发市场,查找
[2021-12-28],蒜薹,¥0.00,¥0.00,¥7.00,元/千克(kg) ,福建厦门同安闽南果蔬批发市场,查找
[2021-12-28],蒜薹,¥7.00,¥8.00,¥7.60,元/千克(kg) ,江苏丰县农林局,查找
[2021-12-28],蒜薹,¥0.00,¥0.00,¥6.00,元/千克(kg) ,孝义市绿海蔬菜批发销售有限公司,查找
[2021-12-28],蒜薹,¥7.00,¥11.00,¥9.00,元/千克(kg) ,青岛抚顺路蔬菜副食品批发市场股份有限公司,查找
[2021-12-28],蒜薹,¥6.80,¥7.20,¥7.00,元/千克(kg) ,两湖绿谷物流股份有限公司,查找
[2021-12-28],蒜薹,¥8.70,¥10.00,¥9.35,元/千克(kg) ,广东汕头农副产品批发中心市场,查找
[2021-12-28],蒜薹,¥8.00,¥10.50,¥9.40,元/千克(kg) ,浙江宁波市蔬菜副食品批发交易市场,查找
[2021-12-28],蒜薹,¥7.60,¥14.00,¥10.80,元/千克(kg) ,天津韩家墅海吉星农产品物流有限公司,查找
[2021-12-28],蒜薹,¥0.00,¥0.00,¥4.60,元/千克(kg) ,山西汾阳市晋阳农副产品批发市场,查找
[2021-12-28],蒜薹,¥9.00,¥14.00,¥11.50,元/千克(kg) ,辽宁朝阳市果菜批发市场,查找
[2021-12-28],蒜薹,¥8.00,¥14.00,¥8.00,元/千克(kg) ,天津市金钟蔬菜批发市场,查找
[2021-12-28],蒜薹,¥7.60,¥8.00,¥7.80,元/千克(kg) ,安徽合肥周谷堆农产品批发市场,查找
[2021-12-28],蒜薹,¥10.00,¥0.00,¥10.00,元/千克(kg) ,河北省怀来县京西果菜批发市场有限责任公司,查找
[2021-12-28],蒜薹,¥6.00,¥7.00,¥6.50,元/千克(kg) ,徐州农副产品中心批发市场,查找
[2021-12-28],蒜薹,¥0.00,¥0.00,¥10.00,元/千克(kg) ,浙江金华农产品批发市场,查找
[2021-12-28],蒜薹,¥13.00,¥14.00,¥13.20,元/千克(kg) ,福建福鼎闽浙边界农贸中心市场,查找
[2021-12-28],蒜薹,¥2.00,¥14.00,¥10.68,元/千克(kg) ,福建省福州市海峡蔬菜批发市场,查找
[2021-12-28],蒜薹,¥7.00,¥7.00,¥7.00,元/千克(kg) ,乐亭县冀东果菜批发市场,查找
[2021-12-28],蒜薹,¥8.00,¥8.00,¥8.00,元/千克(kg) ,青藏高原农副产品集散中心,查找
[2021-12-28],蒜薹,¥1.60,¥7.50,¥4.39,元/千克(kg) ,中国寿光地利农产品物流园有限公司,查找
[2021-12-28],蒜薹,¥0.00,¥0.00,¥10.40,元/千克(kg) ,天津碧城农产品批发市场,查找
[2021-12-28],蒜薹,¥7.20,¥7.60,¥7.40,元/千克(kg) ,山西晋城绿欣农产品批发交易中心,查找
[2021-12-28],蒜薹,¥6.00,¥8.00,¥7.00,元/千克(kg) ,山东德州黑马农贸水产批发市场,查找
[2021-12-28],马蹄,¥0.00,¥0.00,¥6.00,元/千克(kg) ,浙江金华农产品批发市场,查找
[2021-12-28],马蹄,¥3.60,¥5.00,¥4.30,元/千克(kg) ,江苏苏州南环桥农副产品批发市场,查找
[2021-12-28],马蹄,¥2.00,¥6.00,¥5.00,元/千克(kg) ,江苏凌家塘农副产品批发市场,查找
[2021-12-28],马蹄,¥5.80,¥7.40,¥6.60,元/千克(kg) ,湖北浠水农产品批发市场,查找
[2021-12-28],马蹄,¥3.51,¥4.47,¥3.99,元/千克(kg) ,浙江嘉兴蔬菜批发交易市场,查找
[2021-12-28],马蹄,¥6.00,¥6.80,¥6.40,元/千克(kg) ,安徽合肥周谷堆农产品批发市场,查找
[2021-12-28],慈菇,¥5.60,¥7.00,¥6.30,元/千克(kg) ,江苏苏州南环桥农副产品批发市场,查找
[2021-12-28],慈菇,¥6.00,¥8.00,¥7.00,元/千克(kg) ,云南通海金山蔬菜批发市场,查找
[2021-12-28],慈菇,¥3.60,¥8.00,¥6.00,元/千克(kg) ,江苏凌家塘农副产品批发市场,查找
[2021-12-28],慈菇,¥4.50,¥5.60,¥5.00,元/千克(kg) ,江苏联谊农副产品批发市场,查找
[2021-12-28],慈菇,¥5.37,¥7.27,¥6.32,元/千克(kg) ,浙江嘉兴蔬菜批发交易市场,查找
[2021-12-28],茭白,¥8.00,¥10.00,¥9.00,元/千克(kg) ,陕西咸阳新阳光批发市场,查找
[2021-12-28],茭白,¥12.00,¥12.00,¥12.00,元/千克(kg) ,两湖绿谷物流股份有限公司,查找
[2021-12-28],茭白,¥7.00,¥8.00,¥7.50,元/千克(kg) ,江苏宜兴市瑞德蔬菜果品批发市场有限公司,查找
[2021-12-28],茭白,¥10.00,¥12.00,¥11.00,元/千克(kg) ,浙江嘉善曹安农产品批发有限公司,查找
[2021-12-28],茭白,¥7.00,¥8.00,¥7.50,元/千克(kg) ,重庆双福国际农贸城,查找
[2021-12-28],茭白,¥6.00,¥10.00,¥8.00,元/千克(kg) ,江苏苏州南环桥农副产品批发市场,查找
[2021-12-28],茭白,¥20.00,¥25.00,¥22.00,元/千克(kg) ,乌鲁木齐北园春（集团）有限责任公司北...,查找
[2021-12-28],茭白,¥12.00,¥16.00,¥15.00,元/千克(kg) ,呼和浩特市东瓦窑农副产品批发市场有限...,查找
[2021-12-28],茭白,¥5.00,¥5.80,¥5.40,元/千克(kg) ,河南万邦国际农产品物流股份有限公司,查找
[2021-12-28],茭白,¥0.00,¥0.00,¥18.00,元/千克(kg) ,绍兴市蔬菜果品批发交易市场有限公司,查找
[2021-12-28],茭白,¥12.00,¥13.00,¥12.50,元/千克(kg) ,山西省长治市紫坊农产品综合交易市场有...,查找
[2021-12-28],茭白,¥10.00,¥10.00,¥10.00,元/千克(kg) ,湖北鄂州市蟠龙蔬菜批发市场,查找
[2021-12-28],茭白,¥5.00,¥7.00,¥6.00,元/千克(kg) ,武汉白沙洲农副产品大市场有限公司,查找
[2021-12-28],茭白,¥9.00,¥11.00,¥9.70,元/千克(kg) ,上海市江桥批发市场经营管理有限公司,查找
[2021-12-28],芹菜,¥2.60,¥3.20,¥2.90,元/千克(kg) ,北京八里桥农产品中心批发市场有限公司,查找
[2021-12-28],芹菜,¥4.40,¥5.40,¥4.90,元/千克(kg) ,北京朝阳区大洋路综合市场,查找
[2021-12-28],芹菜,¥3.20,¥4.00,¥3.60,元/千克(kg) ,天津武清大沙河批发市场,查找
[2021-12-28],芹菜,¥4.20,¥5.50,¥4.85,元/千克(kg) ,广东汕头农副产品批发中心市场,查找
[2021-12-28],芹菜,¥2.40,¥3.20,¥2.80,元/千克(kg) ,徐州农副产品中心批发市场,查找
[2021-12-28],芹菜,¥3.00,¥3.20,¥3.10,元/千克(kg) ,天津韩家墅海吉星农产品物流有限公司,查找
[2021-12-28],芹菜,¥3.00,¥3.80,¥3.50,元/千克(kg) ,阜阳农产品中心批发市场,查找
[2021-12-28],芹菜,¥1.60,¥3.00,¥2.40,元/千克(kg) ,山东青岛莱西市东庄头蔬菜批发市场服务...,查找
[2021-12-28],芹菜,¥0.00,¥0.00,¥5.00,元/千克(kg) ,新疆绿珠九鼎农产品经营管理有限公司,查找
[2021-12-28],芹菜,¥0.00,¥0.00,¥4.00,元/千克(kg) ,浙江金华农产品批发市场,查找
[2021-12-28],芹菜,¥5.00,¥6.00,¥5.50,元/千克(kg) ,上海农产品中心批发市场经营管理有限公司,查找
[2021-12-28],芹菜,¥5.80,¥6.40,¥6.00,元/千克(kg) ,遵义金土地绿色产品交易有限公司,查找
[2021-12-28],芹菜,¥1.56,¥6.00,¥3.71,元/千克(kg) ,福建省福州市海峡蔬菜批发市场,查找
[2021-12-28],芹菜,¥4.00,¥6.20,¥5.00,元/千克(kg) ,浙江宁波市蔬菜副食品批发交易市场,查找
[2021-12-28],白蒜6.0公分,¥5.64,¥5.84,¥5.74,元/千克(kg) ,山东金乡大蒜专业批发市场,查找
[2021-12-28],白蒜5.0公分,¥5.50,¥5.70,¥5.60,元/千克(kg) ,山东金乡大蒜专业批发市场,查找
[2021-12-28],白蒜5.0公分,¥0.00,¥0.00,¥8.00,元/千克(kg) ,孝义市绿海蔬菜批发销售有限公司,查找
[2021-12-28],红蒜6.0公分,¥5.56,¥5.72,¥5.64,元/千克(kg) ,山东金乡大蒜专业批发市场,查找
[2021-12-28],红蒜5.0公分,¥4.82,¥4.90,¥4.86,元/千克(kg) ,山东金乡大蒜专业批发市场,查找
[2021-12-28],大蒜,¥6.60,¥10.00,¥8.30,元/千克(kg) ,北京八里桥农产品中心批发市场有限公司,查找
[2021-12-28],大蒜,¥6.00,¥8.00,¥7.00,元/千克(kg) ,广东汕头农副产品批发中心市场,查找
[2021-12-28],大蒜,¥0.00,¥0.00,¥10.00,元/千克(kg) ,山西汾阳市晋阳农副产品批发市场,查找
[2021-12-28],大蒜,¥8.40,¥8.80,¥8.60,元/千克(kg) ,黑龙江鹤岗市万圃源蔬菜有限责任公司,查找
[2021-12-28],大蒜,¥6.20,¥9.00,¥8.00,元/千克(kg) ,天津市金钟蔬菜批发市场,查找
[2021-12-28],大蒜,¥7.00,¥7.50,¥7.20,元/千克(kg) ,安徽合肥周谷堆农产品批发市场,查找
[2021-12-28],芹菜,¥6.00,¥6.40,¥6.20,元/千克(kg) ,江苏宜兴市瑞德蔬菜果品批发市场有限公司,查找
[2021-12-28],芹菜,¥2.60,¥2.80,¥2.70,元/千克(kg) ,山西太原丈子头农产品物流园（原城东利民）,查找
[2021-12-28],芹菜,¥3.00,¥3.20,¥3.00,元/千克(kg) ,新疆乌鲁木齐凌庆蔬菜果品有限公司,查找
[2021-12-28],芹菜,¥7.00,¥8.00,¥7.60,元/千克(kg) ,甘肃天水市瀛池果菜批发市场,查找
[2021-12-28],芹菜,¥3.50,¥4.60,¥4.05,元/千克(kg) ,红星实业集团有限公司红星农副产品大市场,查找
[2021-12-28],芹菜,¥2.60,¥3.40,¥3.00,元/千克(kg) ,重庆双福国际农贸城,查找
[2021-12-28],芹菜,¥2.60,¥3.00,¥2.80,元/千克(kg) ,河北秦皇岛海阳农副产品批发市场,查找
[2021-12-28],芹菜,¥3.80,¥5.80,¥4.80,元/千克(kg) ,四川成都龙泉聚和(国际)果蔬菜交易中心,查找
[2021-12-28],芹菜,¥2.40,¥2.60,¥2.50,元/千克(kg) ,河南万邦国际农产品物流股份有限公司,查找
[2021-12-28],芹菜,¥3.50,¥4.50,¥4.00,元/千克(kg) ,云南通海金山蔬菜批发市场,查找
[2021-12-28],芹菜,¥0.00,¥0.00,¥5.60,元/千克(kg) ,绍兴市蔬菜果品批发交易市场有限公司,查找
[2021-12-28],芹菜,¥0.00,¥0.00,¥2.40,元/千克(kg) ,河南濮阳宏进农副产品批发市场有限公司...,查找
[2021-12-28],芹菜,¥2.50,¥3.50,¥3.00,元/千克(kg) ,安徽亳州农产品有限责任公司,查找
[2021-12-28],芹菜,¥2.60,¥3.00,¥2.80,元/千克(kg) ,阳泉蔬菜副食有限公司,查找
[2021-12-28],芹菜,¥3.60,¥4.00,¥3.80,元/千克(kg) ,三门峡金河农产品批发交易中心,查找
[2021-12-28],芹菜,¥3.00,¥3.60,¥3.30,元/千克(kg) ,辽宁鞍山宁远农产品批发市场,查找
[2021-12-28],芹菜,¥0.00,¥0.00,¥4.60,元/千克(kg) ,江西永丰县农产品批发中心市场,查找
[2021-12-28],芹菜,¥0.00,¥0.00,¥3.20,元/千克(kg) ,呼和浩特市美通首府无公害农产品批发市场,查找
[2021-12-28],芹菜,¥3.60,¥5.60,¥4.60,元/千克(kg) ,乌鲁木齐北园春（集团）有限责任公司北...,查找
[2021-12-28],芹菜,¥3.20,¥8.00,¥4.70,元/千克(kg) ,佛山中南农产品交易中心,查找
[2021-12-28],芹菜,¥3.60,¥5.00,¥4.30,元/千克(kg) ,南昌深圳农产品中心批发市场有限公司,查找
[2021-12-28],芹菜,¥3.40,¥3.60,¥3.40,元/千克(kg) ,张北县坝上蔬菜产业有限公司,查找
[2021-12-28],芹菜,¥0.00,¥0.00,¥5.00,元/千克(kg) ,绵阳市高水农副产品批发有限公司,查找
[2021-12-28],芹菜,¥3.00,¥3.40,¥3.20,元/千克(kg) ,北京京丰岳各庄农副产品批发市场,查找
[2021-12-28],芹菜,¥4.60,¥5.00,¥4.80,元/千克(kg) ,湖南常德甘露寺蔬菜批发市场,查找
[2021-12-28],西红柿,¥5.60,¥7.00,¥6.30,元/千克(kg) ,山西省太原市河西农产品有限公司,查找
[2021-12-28],西红柿,¥3.00,¥7.00,¥5.00,元/千克(kg) ,山东青岛黄河路农产品批发市场,查找
[2021-12-28],西红柿,¥0.00,¥0.00,¥5.20,元/千克(kg) ,内蒙赤峰西城市场,查找
[2021-12-28],西红柿,¥2.50,¥4.50,¥4.00,元/千克(kg) ,滕州市农副产品物流中心有限公司,查找
[2021-12-28],西红柿,¥5.00,¥7.00,¥6.00,元/千克(kg) ,云南通海金山蔬菜批发市场,查找
[2021-12-28],西红柿,¥5.50,¥7.50,¥6.50,元/千克(kg) ,武汉白沙洲农副产品大市场有限公司,查找
[2021-12-28],西红柿,¥5.00,¥6.00,¥5.40,元/千克(kg) ,山西新绛县蔬菜批发市场,查找
[2021-12-28],西红柿,¥2.80,¥5.40,¥3.80,元/千克(kg) ,中国寿光地利农产品物流园有限公司,查找
[2021-12-28],西红柿,¥7.20,¥7.60,¥7.40,元/千克(kg) ,山西省长治市紫坊农产品综合交易市场有...,查找
[2021-12-28],西红柿,¥2.40,¥7.00,¥5.00,元/千克(kg) ,江苏凌家塘农副产品批发市场,查找
[2021-12-28],西红柿,¥0.00,¥0.00,¥6.50,元/千克(kg) ,山西临汾尧丰农副产品批发市场,查找
[2021-12-28],西红柿,¥7.00,¥8.00,¥7.00,元/千克(kg) ,湖北鄂州市蟠龙蔬菜批发市场,查找
[2021-12-28],西红柿,¥5.00,¥7.00,¥6.00,元/千克(kg) ,山东青岛莱西市东庄头蔬菜批发市场服务...,查找
[2021-12-28],西红柿,¥5.60,¥7.00,¥6.30,元/千克(kg) ,北京八里桥农产品中心批发市场有限公司,查找
[2021-12-28],西红柿,¥5.20,¥6.80,¥6.00,元/千克(kg) ,广东汕头农副产品批发中心市场,查找
[2021-12-28],西红柿,¥5.00,¥7.20,¥6.20,元/千克(kg) ,浙江宁波市蔬菜副食品批发交易市场,查找
[2021-12-28],西红柿,¥0.00,¥0.00,¥7.00,元/千克(kg) ,山西汾阳市晋阳农副产品批发市场,查找
[2021-12-28],西红柿,¥5.00,¥7.00,¥6.00,元/千克(kg) ,辽宁朝阳市果菜批发市场,查找
[2021-12-28],西红柿,¥5.60,¥6.00,¥5.80,元/千克(kg) ,黑龙江鹤岗市万圃源蔬菜有限责任公司,查找
[2021-12-28],西红柿,¥4.80,¥6.40,¥6.00,元/千克(kg) ,天津市金钟蔬菜批发市场,查找
[2021-12-28],西红柿,¥5.40,¥5.60,¥5.50,元/千克(kg) ,安徽合肥周谷堆农产品批发市场,查找
[2021-12-28],西红柿,¥6.00,¥0.00,¥6.00,元/千克(kg) ,河北省怀来县京西果菜批发市场有限责任公司,查找
[2021-12-28],西红柿,¥5.80,¥6.20,¥6.00,元/千克(kg) ,上海农产品中心批发市场经营管理有限公司,查找
[2021-12-28],西红柿,¥1.00,¥9.60,¥5.75,元/千克(kg) ,福建省福州市海峡蔬菜批发市场,查找
[2021-12-28],西红柿,¥4.00,¥6.40,¥5.20,元/千克(kg) ,石家庄桥西蔬菜中心批发市场有限公司,查找
[2021-12-28],大葱,¥4.40,¥5.20,¥5.20,元/千克(kg) ,山东威海市农副产品批发市场,查找
[2021-12-28],大葱,¥0.00,¥0.00,¥5.20,元/千克(kg) ,安徽省淮北市中瑞农产品批发市场,查找
[2021-12-28],大葱,¥8.00,¥0.00,¥9.00,元/千克(kg) ,新疆兵团第五师三和农副产品综合批发市场,查找
[2021-12-28],大葱,¥5.50,¥6.00,¥5.75,元/千克(kg) ,新疆克拉玛依农副产品批发市场,查找
[2021-12-28],大葱,¥5.00,¥5.00,¥5.00,元/千克(kg) ,内蒙包头市友谊蔬菜批发市场,查找
[2021-12-28],大葱,¥0.00,¥0.00,¥3.50,元/千克(kg) ,山东宁津县东崔蔬菜批发市场,查找
[2021-12-28],大葱,¥5.00,¥6.00,¥5.35,元/千克(kg) ,吉林省辽源市仙城物流园区有限公司,查找
[2021-12-28],大葱,¥5.20,¥6.68,¥5.71,元/千克(kg) ,浙江嘉兴蔬菜批发交易市场,查找
[2021-12-28],大葱,¥2.00,¥3.50,¥2.50,元/千克(kg) ,滕州市农副产品物流中心有限公司,查找
[2021-12-28],大葱,¥7.20,¥7.20,¥7.20,元/千克(kg) ,陕西泾云现代农业股份有限公司云阳蔬菜...,查找
[2021-12-28],大葱,¥3.00,¥3.40,¥3.20,元/千克(kg) ,河北魏县天仙果菜批发交易市场,查找
[2021-12-28],大葱,¥5.20,¥5.80,¥5.50,元/千克(kg) ,山西省太原市河西农产品有限公司,查找
[2021-12-28],大葱,¥0.00,¥0.00,¥5.20,元/千克(kg) ,山东淄博市鲁中蔬菜批发市场,查找
[2021-12-28],大葱,¥7.00,¥7.60,¥7.20,元/千克(kg) ,湖北鄂州市蟠龙蔬菜批发市场,查找
[2021-12-28],大葱,¥4.40,¥4.40,¥4.40,元/千克(kg) ,山东青岛黄河路农产品批发市场,查找
[2021-12-28],大葱,¥4.80,¥5.60,¥5.10,元/千克(kg) ,上海市江桥批发市场经营管理有限公司,查找
[2021-12-28],大葱,¥6.20,¥6.60,¥6.40,元/千克(kg) ,成都市农产品中心批发市场,查找
[2021-12-28],大葱,¥6.00,¥6.80,¥6.40,元/千克(kg) ,江西乐平市蔬菜批发大市场,查找
[2021-12-28],大葱,¥5.00,¥6.70,¥5.85,元/千克(kg) ,广东汕头农副产品批发中心市场,查找
[2021-12-28],大葱,¥6.00,¥7.20,¥6.50,元/千克(kg) ,浙江宁波市蔬菜副食品批发交易市场,查找
[2021-12-28],大葱,¥0.00,¥0.00,¥4.80,元/千克(kg) ,山西汾阳市晋阳农副产品批发市场,查找
[2021-12-28],大葱,¥5.00,¥5.00,¥5.00,元/千克(kg) ,黑龙江鹤岗市万圃源蔬菜有限责任公司,查找
[2021-12-28],大葱,¥3.00,¥5.60,¥5.20,元/千克(kg) ,天津市金钟蔬菜批发市场,查找
[2021-12-28],大葱,¥5.40,¥6.00,¥5.70,元/千克(kg) ,安徽合肥周谷堆农产品批发市场,查找
[2021-12-28],大葱,¥5.00,¥6.00,¥5.50,元/千克(kg) ,辽宁朝阳市果菜批发市场,查找
[2021-12-28],生姜,¥0.00,¥0.00,¥7.00,元/千克(kg) ,福建厦门同安闽南果蔬批发市场,查找
[2021-12-28],生姜,¥3.40,¥3.40,¥3.40,元/千克(kg) ,江苏丰县农林局,查找
[2021-12-28],生姜,¥3.00,¥7.00,¥5.00,元/千克(kg) ,北京新发地农副产品批发市场信息中心,查找
[2021-12-28],生姜,¥0.00,¥0.00,¥6.00,元/千克(kg) ,孝义市绿海蔬菜批发销售有限公司,查找
[2021-12-28],生姜,¥6.00,¥9.00,¥6.40,元/千克(kg) ,青岛抚顺路蔬菜副食品批发市场股份有限公司,查找
[2021-12-28],生姜,¥6.00,¥7.00,¥6.50,元/千克(kg) ,北京朝阳区大洋路综合市场,查找
[2021-12-28],生姜,¥5.00,¥8.00,¥6.00,元/千克(kg) ,天津市金钟蔬菜批发市场,查找
[2021-12-28],生姜,¥4.00,¥7.00,¥5.50,元/千克(kg) ,广东汕头农副产品批发中心市场,查找
[2021-12-28],生姜,¥5.80,¥6.20,¥6.00,元/千克(kg) ,黑龙江鹤岗市万圃源蔬菜有限责任公司,查找
[2021-12-28],生姜,¥3.00,¥3.80,¥3.40,元/千克(kg) ,安徽合肥周谷堆农产品批发市场,查找
[2021-12-28],生姜,¥4.00,¥0.00,¥4.00,元/千克(kg) ,河北省怀来县京西果菜批发市场有限责任公司,查找
[2021-12-28],生姜,¥4.00,¥7.80,¥5.90,元/千克(kg) ,徐州农副产品中心批发市场,查找
[2021-12-28],生姜,¥4.00,¥5.00,¥4.50,元/千克(kg) ,天津韩家墅海吉星农产品物流有限公司,查找
[2021-12-28],生姜,¥2.20,¥3.00,¥2.60,元/千克(kg) ,阜阳农产品中心批发市场,查找
[2021-12-28],生姜,¥2.00,¥3.00,¥2.80,元/千克(kg) ,山东青岛莱西市东庄头蔬菜批发市场服务...,查找
[2021-12-28],生姜,¥0.00,¥0.00,¥6.00,元/千克(kg) ,新疆绿珠九鼎农产品经营管理有限公司,查找
[2021-12-28],生姜,¥6.00,¥7.20,¥6.20,元/千克(kg) ,福建福鼎闽浙边界农贸中心市场,查找
[2021-12-28],生姜,¥7.40,¥8.20,¥7.60,元/千克(kg) ,遵义金土地绿色产品交易有限公司,查找
[2021-12-28],生姜,¥0.00,¥0.00,¥4.00,元/千克(kg) ,浙江金华农产品批发市场,查找
[2021-12-28],生姜,¥8.00,¥8.00,¥8.00,元/千克(kg) ,乐亭县冀东果菜批发市场,查找
[2021-12-28],生姜,¥0.00,¥0.00,¥4.00,元/千克(kg) ,安徽省淮北市中瑞农产品批发市场,查找
[2021-12-28],生姜,¥1.00,¥4.67,¥2.28,元/千克(kg) ,中国寿光地利农产品物流园有限公司,查找
[2021-12-28],生姜,¥0.00,¥0.00,¥5.00,元/千克(kg) ,天津碧城农产品批发市场,查找
[2021-12-28],生姜,¥3.00,¥5.00,¥4.00,元/千克(kg) ,江苏联谊农副产品批发市场,查找
[2021-12-28],生姜,¥7.00,¥7.40,¥7.20,元/千克(kg) ,山西晋城绿欣农产品批发交易中心,查找
[2021-12-28],生姜,¥4.00,¥5.00,¥4.60,元/千克(kg) ,山东德州黑马农贸水产批发市场,查找
[2021-12-28],生姜,¥5.20,¥6.00,¥6.00,元/千克(kg) ,天津何庄子鲜活农产品中心批发市场,查找
[2021-12-28],生姜,¥0.00,¥0.00,¥3.60,元/千克(kg) ,山东滨州(六街）鲁北蔬菜批发市场,查找
[2021-12-28],生姜,¥5.20,¥7.00,¥5.60,元/千克(kg) ,甘肃酒泉春光农产品市场有限责任公司,查找
[2021-12-28],生姜,¥6.00,¥7.00,¥6.50,元/千克(kg) ,新疆克拉玛依农副产品批发市场,查找
[2021-12-28],生姜,¥3.00,¥5.00,¥4.10,元/千克(kg) ,滕州市农副产品物流中心有限公司,查找
[2021-12-28],生姜,¥7.60,¥8.40,¥8.00,元/千克(kg) ,邵阳市江北农产品批发大市场,查找
[2021-12-28],生姜,¥3.00,¥6.00,¥4.50,元/千克(kg) ,北京顺鑫石门农副产品批发市场,查找
[2021-12-28],生姜,¥2.80,¥4.40,¥3.40,元/千克(kg) ,河北魏县天仙果菜批发交易市场,查找
[2021-12-28],生姜,¥6.00,¥6.00,¥6.00,元/千克(kg) ,内蒙包头市友谊蔬菜批发市场,查找
[2021-12-28],生姜,¥7.00,¥10.00,¥8.00,元/千克(kg) ,江苏凌家塘农副产品批发市场,查找
[2021-12-28],生姜,¥0.00,¥0.00,¥6.00,元/千克(kg) ,内蒙赤峰西城市场,查找
[2021-12-28],生姜,¥4.00,¥7.00,¥5.50,元/千克(kg) ,浙江嘉兴蔬菜批发交易市场,查找
[2021-12-28],生姜,¥0.00,¥0.00,¥8.00,元/千克(kg) ,四川雅安市汉源县九襄农产品批发市场,查找
[2021-12-28],生姜,¥5.60,¥5.60,¥5.60,元/千克(kg) ,陕西泾云现代农业股份有限公司云阳蔬菜...,查找
[2021-12-28],生姜,¥5.00,¥5.80,¥5.40,元/千克(kg) ,山西省太原市河西农产品有限公司,查找
[2021-12-28],生姜,¥0.00,¥0.00,¥4.60,元/千克(kg) ,山东淄博市鲁中蔬菜批发市场,查找
[2021-12-28],生姜,¥10.00,¥0.00,¥12.00,元/千克(kg) ,新疆兵团第五师三和农副产品综合批发市场,查找
[2021-12-28],生姜,¥7.00,¥7.00,¥7.00,元/千克(kg) ,山东青岛黄河路农产品批发市场,查找
[2021-12-28],生姜,¥3.00,¥5.00,¥4.00,元/千克(kg) ,石家庄桥西蔬菜中心批发市场有限公司,查找
[2021-12-28],生姜,¥5.00,¥5.40,¥5.20,元/千克(kg) ,江西乐平市蔬菜批发大市场,查找
[2021-12-28],生姜,¥0.00,¥0.00,¥4.08,元/千克(kg) ,江苏无锡朝阳农产品大市场,查找
[2021-12-28],生姜,¥6.60,¥7.00,¥6.80,元/千克(kg) ,北京八里桥农产品中心批发市场有限公司,查找
[2021-12-28],大葱,¥0.00,¥0.00,¥4.97,元/千克(kg) ,江苏无锡朝阳农产品大市场,查找
[2021-12-28],大葱,¥3.00,¥4.00,¥3.40,元/千克(kg) ,山西新绛县蔬菜批发市场,查找
[2021-12-28],莲藕,¥2.00,¥7.80,¥4.23,元/千克(kg) ,福建省福州市海峡蔬菜批发市场,查找
[2021-12-28],莲藕,¥0.00,¥0.00,¥8.00,元/千克(kg) ,浙江金华农产品批发市场,查找
[2021-12-28],莲藕,¥6.00,¥8.00,¥7.00,元/千克(kg) ,北京八里桥农产品中心批发市场有限公司,查找
[2021-12-28],莲藕,¥6.20,¥7.20,¥6.70,元/千克(kg) ,北京朝阳区大洋路综合市场,查找
[2021-12-28],莲藕,¥5.00,¥7.00,¥6.00,元/千克(kg) ,广东汕头农副产品批发中心市场,查找
[2021-12-28],莲藕,¥7.00,¥8.00,¥7.50,元/千克(kg) ,新疆九鼎恒兴蔬菜经营管理有限公司,查找
[2021-12-28],莲藕,¥6.00,¥8.00,¥7.00,元/千克(kg) ,天津市红旗农贸综合批发市场有限公司,查找
[2021-12-28],莲藕,¥4.40,¥6.00,¥5.20,元/千克(kg) ,湖南长沙马王堆农产品股份有限公司,查找
[2021-12-28],莲藕,¥5.00,¥7.20,¥6.10,元/千克(kg) ,湖北浠水农产品批发市场,查找
[2021-12-28],莲藕,¥4.00,¥5.00,¥4.60,元/千克(kg) ,江苏丰县农林局,查找
[2021-12-28],莲藕,¥6.00,¥8.00,¥7.00,元/千克(kg) ,北京新发地农副产品批发市场信息中心,查找
[2021-12-28],莲藕,¥0.00,¥0.00,¥5.00,元/千克(kg) ,蚌埠海吉星农产品物流有限公司,查找
[2021-12-28],莲藕,¥5.00,¥6.00,¥5.20,元/千克(kg) ,青岛抚顺路蔬菜副食品批发市场股份有限公司,查找
[2021-12-28],莲藕,¥5.80,¥6.00,¥5.90,元/千克(kg) ,陕西咸阳新阳光批发市场,查找
[2021-12-28],莲藕,¥3.60,¥4.40,¥4.00,元/千克(kg) ,两湖绿谷物流股份有限公司,查找
[2021-12-28],莲藕,¥4.00,¥5.00,¥4.50,元/千克(kg) ,湖南常德甘露寺蔬菜批发市场,查找
[2021-12-28],莲藕,¥5.50,¥6.50,¥6.00,元/千克(kg) ,安徽亳州农产品有限责任公司,查找
[2021-12-28],莲藕,¥0.00,¥0.00,¥8.00,元/千克(kg) ,四川广安市邻水县农产品交易中心,查找
[2021-12-28],莲藕,¥5.00,¥7.00,¥6.00,元/千克(kg) ,河北秦皇岛海阳农副产品批发市场,查找
[2021-12-28],莲藕,¥5.00,¥6.00,¥5.50,元/千克(kg) ,江苏宜兴市瑞德蔬菜果品批发市场有限公司,查找
[2021-12-28],莲藕,¥4.20,¥6.60,¥5.40,元/千克(kg) ,四川南充川北农产品交易有限公司,查找
[2021-12-28],莲藕,¥5.60,¥6.00,¥5.80,元/千克(kg) ,山西太原丈子头农产品物流园（原城东利民）,查找
[2021-12-28],莲藕,¥8.00,¥8.50,¥8.00,元/千克(kg) ,新疆乌鲁木齐凌庆蔬菜果品有限公司,查找
[2021-12-28],莲藕,¥5.00,¥9.00,¥7.00,元/千克(kg) ,江苏苏州南环桥农副产品批发市场,查找
[2021-12-28],莲藕,¥5.00,¥5.00,¥5.00,元/千克(kg) ,湖南吉首市蔬菜果品批发大市场,查找
[2021-12-28],大蒜,¥10.00,¥10.00,¥10.00,元/千克(kg) ,新疆克拉玛依农副产品批发市场,查找
[2021-12-28],大蒜,¥10.00,¥10.00,¥10.00,元/千克(kg) ,内蒙包头市友谊蔬菜批发市场,查找
[2021-12-28],大蒜,¥1.80,¥3.00,¥2.40,元/千克(kg) ,山东宁津县东崔蔬菜批发市场,查找
[2021-12-28],大蒜,¥2.00,¥3.20,¥2.50,元/千克(kg) ,滕州市农副产品物流中心有限公司,查找
[2021-12-28],大蒜,¥0.00,¥0.00,¥9.00,元/千克(kg) ,四川雅安市汉源县九襄农产品批发市场,查找
[2021-12-28],大蒜,¥8.60,¥8.60,¥8.60,元/千克(kg) ,陕西泾云现代农业股份有限公司云阳蔬菜...,查找
[2021-12-28],大蒜,¥7.00,¥9.00,¥8.00,元/千克(kg) ,山西省太原市河西农产品有限公司,查找
[2021-12-28],大蒜,¥0.00,¥0.00,¥8.00,元/千克(kg) ,山东淄博市鲁中蔬菜批发市场,查找
[2021-12-28],大蒜,¥12.00,¥0.00,¥12.00,元/千克(kg) ,新疆兵团第五师三和农副产品综合批发市场,查找
[2021-12-28],大蒜,¥7.00,¥8.00,¥8.00,元/千克(kg) ,湖北鄂州市蟠龙蔬菜批发市场,查找
[2021-12-28],大蒜,¥7.00,¥11.00,¥9.00,元/千克(kg) ,山东青岛黄河路农产品批发市场,查找
[2021-12-28],大蒜,¥3.20,¥7.00,¥6.00,元/千克(kg) ,江苏凌家塘农副产品批发市场,查找
[2021-12-28],大蒜,¥6.20,¥6.60,¥6.40,元/千克(kg) ,成都市农产品中心批发市场,查找
[2021-12-28],大蒜,¥9.00,¥20.00,¥14.50,元/千克(kg) ,武汉白沙洲农副产品大市场有限公司,查找
[2021-12-28],大蒜,¥3.60,¥4.40,¥4.00,元/千克(kg) ,江西乐平市蔬菜批发大市场,查找
[2021-12-28],大蒜,¥0.00,¥0.00,¥5.85,元/千克(kg) ,江苏无锡朝阳农产品大市场,查找
[2021-12-28],大蒜,¥7.20,¥9.80,¥8.50,元/千克(kg) ,浙江宁波市蔬菜副食品批发交易市场,查找
[2021-12-28],大蒜,¥9.80,¥12.00,¥10.00,元/千克(kg) ,呼和浩特市东瓦窑农副产品批发市场有限...,查找
[2021-12-28],大蒜,¥6.00,¥6.60,¥6.40,元/千克(kg) ,山西新绛县蔬菜批发市场,查找
[2021-12-28],大蒜,¥0.00,¥0.00,¥6.60,元/千克(kg) ,山西临汾尧丰农副产品批发市场,查找
[2021-12-28],大蒜,¥8.00,¥8.60,¥8.30,元/千克(kg) ,山西省长治市紫坊农产品综合交易市场有...,查找
[2021-12-28],大蒜,¥6.40,¥6.60,¥6.50,元/千克(kg) ,甘肃武山县蔬菜事业管理局,查找
[2021-12-28],大蒜,¥9.50,¥11.50,¥10.50,元/千克(kg) ,乌鲁木齐北园春（集团）有限责任公司北...,查找
[2021-12-28],大蒜,¥10.00,¥12.80,¥12.00,元/千克(kg) ,四川成都龙泉聚和(国际)果蔬菜交易中心,查找
[2021-12-28],大蒜,¥6.40,¥7.60,¥7.00,元/千克(kg) ,南昌深圳农产品中心批发市场有限公司,查找
[2021-12-28],大蒜,¥6.00,¥8.00,¥7.00,元/千克(kg) ,辽宁朝阳市果菜批发市场,查找
[2021-12-28],大蒜,¥6.00,¥0.00,¥6.00,元/千克(kg) ,河北省怀来县京西果菜批发市场有限责任公司,查找
[2021-12-28],大蒜,¥0.00,¥0.00,¥8.50,元/千克(kg) ,新疆绿珠九鼎农产品经营管理有限公司,查找
[2021-12-28],大蒜,¥6.40,¥7.40,¥6.90,元/千克(kg) ,北京朝阳区大洋路综合市场,查找
[2021-12-28],大蒜,¥5.80,¥8.20,¥7.00,元/千克(kg) ,徐州农副产品中心批发市场,查找
[2021-12-28],大蒜,¥6.00,¥7.00,¥6.50,元/千克(kg) ,天津韩家墅海吉星农产品物流有限公司,查找
[2021-12-28],大蒜,¥4.40,¥6.00,¥5.00,元/千克(kg) ,阜阳农产品中心批发市场,查找
[2021-12-28],大蒜,¥4.00,¥7.40,¥6.60,元/千克(kg) ,山东青岛莱西市东庄头蔬菜批发市场服务...,查找
[2021-12-28],大蒜,¥0.00,¥0.00,¥8.60,元/千克(kg) ,浙江金华农产品批发市场,查找
[2021-12-28],大蒜,¥6.00,¥7.20,¥6.80,元/千克(kg) ,福建福鼎闽浙边界农贸中心市场,查找
[2021-12-28],大蒜,¥5.00,¥8.80,¥6.90,元/千克(kg) ,石家庄桥西蔬菜中心批发市场有限公司,查找
[2021-12-28],大蒜,¥8.00,¥8.00,¥8.00,元/千克(kg) ,乐亭县冀东果菜批发市场,查找
[2021-12-28],大蒜,¥0.00,¥0.00,¥7.00,元/千克(kg) ,安徽省淮北市中瑞农产品批发市场,查找
[2021-12-28],大蒜,¥6.00,¥7.00,¥7.00,元/千克(kg) ,江苏联谊农副产品批发市场,查找
[2021-12-28],大蒜,¥9.00,¥9.20,¥9.10,元/千克(kg) ,山西晋城绿欣农产品批发交易中心,查找
[2021-12-28],大蒜,¥6.00,¥8.60,¥7.60,元/千克(kg) ,山东德州黑马农贸水产批发市场,查找
[2021-12-28],大蒜,¥6.00,¥10.00,¥8.00,元/千克(kg) ,浙江嘉兴蔬菜批发交易市场,查找
[2021-12-28],大蒜,¥0.00,¥0.00,¥7.00,元/千克(kg) ,山东滨州(六街）鲁北蔬菜批发市场,查找
[2021-12-28],大蒜,¥0.00,¥0.00,¥6.80,元/千克(kg) ,天津碧城农产品批发市场,查找
[2021-12-28],大蒜,¥4.80,¥5.60,¥5.20,元/千克(kg) ,河北魏县天仙果菜批发交易市场,查找
[2021-12-28],大蒜,¥10.00,¥12.00,¥11.00,元/千克(kg) ,甘肃酒泉春光农产品市场有限责任公司,查找
[2021-12-28],大蒜,¥6.00,¥8.00,¥7.00,元/千克(kg) ,北京顺鑫石门农副产品批发市场,查找
[2021-12-28],大蒜,¥7.50,¥8.50,¥8.00,元/千克(kg) ,邵阳市江北农产品批发大市场,查找
[2021-12-28],大蒜,¥0.00,¥0.00,¥9.00,元/千克(kg) ,福建厦门同安闽南果蔬批发市场,查找
[2021-12-28],大蒜,¥0.00,¥0.00,¥6.80,元/千克(kg) ,内蒙赤峰西城市场,查找
[2021-12-28],芋头,¥3.50,¥4.40,¥3.90,元/千克(kg) ,四川南充川北农产品交易有限公司,查找
[2021-12-28],芋头,¥6.00,¥8.00,¥6.00,元/千克(kg) ,新疆乌鲁木齐凌庆蔬菜果品有限公司,查找
[2021-12-28],芋头,¥0.00,¥0.00,¥4.40,元/千克(kg) ,绵阳市高水农副产品批发有限公司,查找
[2021-12-28],芋头,¥0.00,¥0.00,¥3.40,元/千克(kg) ,江西永丰县农产品批发中心市场,查找
[2021-12-28],芋头,¥7.00,¥8.00,¥7.50,元/千克(kg) ,辽宁鞍山宁远农产品批发市场,查找
[2021-12-28],芋头,¥12.00,¥15.00,¥12.00,元/千克(kg) ,乌鲁木齐北园春（集团）有限责任公司北...,查找
[2021-12-28],芋头,¥4.00,¥5.60,¥4.80,元/千克(kg) ,南昌深圳农产品中心批发市场有限公司,查找
[2021-12-28],芋头,¥0.00,¥0.00,¥6.00,元/千克(kg) ,绍兴市蔬菜果品批发交易市场有限公司,查找
[2021-12-28],芋头,¥2.00,¥4.00,¥3.00,元/千克(kg) ,武汉白沙洲农副产品大市场有限公司,查找
[2021-12-28],芋头,¥11.40,¥13.00,¥12.00,元/千克(kg) ,呼和浩特市东瓦窑农副产品批发市场有限...,查找
[2021-12-28],芋头,¥2.40,¥2.80,¥2.60,元/千克(kg) ,江西乐平市蔬菜批发大市场,查找
[2021-12-28],芋头,¥7.00,¥8.00,¥7.50,元/千克(kg) ,山西省长治市紫坊农产品综合交易市场有...,查找
[2021-12-28],芋头,¥2.60,¥4.54,¥3.17,元/千克(kg) ,浙江嘉兴蔬菜批发交易市场,查找
[2021-12-28],芋头,¥0.00,¥0.00,¥3.06,元/千克(kg) ,江苏无锡朝阳农产品大市场,查找
[2021-12-28],芋头,¥7.00,¥7.00,¥7.00,元/千克(kg) ,山东青岛黄河路农产品批发市场,查找
[2021-12-28],芋头,¥3.40,¥6.00,¥4.00,元/千克(kg) ,江苏凌家塘农副产品批发市场,查找
[2021-12-28],芋头,¥5.00,¥5.00,¥5.00,元/千克(kg) ,内蒙包头市友谊蔬菜批发市场,查找
[2021-12-28],芋头,¥4.50,¥8.00,¥6.25,元/千克(kg) ,新疆克拉玛依农副产品批发市场,查找
[2021-12-28],芋头,¥1.40,¥2.00,¥1.60,元/千克(kg) ,河北魏县天仙果菜批发交易市场,查找
[2021-12-28],芋头,¥5.00,¥6.20,¥5.60,元/千克(kg) ,福建福鼎闽浙边界农贸中心市场,查找
[2021-12-28],芋头,¥0.00,¥0.00,¥4.00,元/千克(kg) ,浙江金华农产品批发市场,查找
[2021-12-28],芋头,¥2.00,¥3.40,¥3.00,元/千克(kg) ,山东青岛莱西市东庄头蔬菜批发市场服务...,查找
[2021-12-28],芋头,¥3.40,¥4.40,¥3.90,元/千克(kg) ,北京朝阳区大洋路综合市场,查找
[2021-12-28],芋头,¥4.50,¥6.00,¥5.25,元/千克(kg) ,广东汕头农副产品批发中心市场,查找
[2021-12-28],芋头,¥4.80,¥7.60,¥6.20,元/千克(kg) ,天津韩家墅海吉星农产品物流有限公司,查找
[2021-12-28],葱头,¥2.40,¥3.60,¥2.80,元/千克(kg) ,青岛市城阳蔬菜水产品批发市场有限公司,查找
[2021-12-28],葱头,¥1.60,¥2.40,¥2.00,元/千克(kg) ,天津何庄子鲜活农产品中心批发市场,查找
[2021-12-28],葱头,¥1.80,¥2.92,¥2.11,元/千克(kg) ,浙江嘉兴蔬菜批发交易市场,查找
[2021-12-28],葱头,¥0.00,¥0.00,¥2.80,元/千克(kg) ,山东滨州(六街）鲁北蔬菜批发市场,查找
[2021-12-28],葱头,¥0.00,¥0.00,¥1.70,元/千克(kg) ,天津碧城农产品批发市场,查找
[2021-12-28],葱头,¥1.40,¥2.00,¥1.80,元/千克(kg) ,河北魏县天仙果菜批发交易市场,查找
[2021-12-28],葱头,¥2.40,¥3.00,¥2.60,元/千克(kg) ,甘肃酒泉春光农产品市场有限责任公司,查找
[2021-12-28],葱头,¥3.00,¥0.00,¥3.50,元/千克(kg) ,新疆兵团第五师三和农副产品综合批发市场,查找
[2021-12-28],葱头,¥1.40,¥2.50,¥1.95,元/千克(kg) ,广西新柳邕农产品批发市场有限公司,查找
[2021-12-28],葱头,¥1.50,¥2.30,¥2.00,元/千克(kg) ,广州江南果菜批发市场经营管理有限公司,查找
[2021-12-28],良薯,¥2.00,¥3.00,¥2.50,元/千克(kg) ,山西省太原市河西农产品有限公司,查找
[2021-12-28],良薯,¥1.40,¥6.00,¥2.57,元/千克(kg) ,中国寿光地利农产品物流园有限公司,查找
[2021-12-28],良薯,¥5.00,¥0.00,¥5.00,元/千克(kg) ,新疆兵团第五师三和农副产品综合批发市场,查找
[2021-12-28],良薯,¥2.00,¥2.40,¥2.20,元/千克(kg) ,武汉白沙洲农副产品大市场有限公司,查找
[2021-12-28],良薯,¥3.40,¥3.80,¥3.60,元/千克(kg) ,江西乐平市蔬菜批发大市场,查找
[2021-12-28],良薯,¥2.00,¥2.20,¥2.00,元/千克(kg) ,山西新绛县蔬菜批发市场,查找
[2021-12-28],良薯,¥1.60,¥3.20,¥2.60,元/千克(kg) ,山东青岛莱西市东庄头蔬菜批发市场服务...,查找
[2021-12-28],福鼎芋,¥10.40,¥11.60,¥10.60,元/千克(kg) ,福建福鼎闽浙边界农贸中心市场,查找
[2021-12-28],芋头,¥2.80,¥3.20,¥3.00,元/千克(kg) ,两湖绿谷物流股份有限公司,查找
[2021-12-28],芋头,¥2.00,¥4.00,¥3.60,元/千克(kg) ,青岛抚顺路蔬菜副食品批发市场股份有限公司,查找
[2021-12-28],芋头,¥5.20,¥6.00,¥5.60,元/千克(kg) ,天津市红旗农贸综合批发市场有限公司,查找
[2021-12-28],芋头,¥8.00,¥8.60,¥8.30,元/千克(kg) ,陕西咸阳新阳光批发市场,查找
[2021-12-28],芋头,¥2.60,¥3.00,¥2.80,元/千克(kg) ,湖南吉首市蔬菜果品批发大市场,查找
[2021-12-28],芋头,¥2.80,¥3.40,¥3.10,元/千克(kg) ,重庆双福国际农贸城,查找
[2021-12-28],芋头,¥5.00,¥7.00,¥6.00,元/千克(kg) ,江苏苏州南环桥农副产品批发市场,查找
[2021-12-28],大蒜,¥6.00,¥7.00,¥6.50,元/千克(kg) ,重庆双福国际农贸城,查找
[2021-12-28],大蒜,¥5.00,¥5.70,¥5.30,元/千克(kg) ,河南商丘市农产品中心批发市场,查找
[2021-12-28],大蒜,¥7.00,¥9.50,¥8.50,元/千克(kg) ,新疆九鼎恒兴蔬菜经营管理有限公司,查找
[2021-12-28],大蒜,¥8.00,¥8.60,¥8.30,元/千克(kg) ,陕西咸阳新阳光批发市场,查找
[2021-12-28],大蒜,¥7.00,¥8.60,¥8.00,元/千克(kg) ,天津市红旗农贸综合批发市场有限公司,查找
[2021-12-28],大蒜,¥6.40,¥8.20,¥6.80,元/千克(kg) ,湖北浠水农产品批发市场,查找
[2021-12-28],大蒜,¥6.60,¥6.60,¥6.60,元/千克(kg) ,江苏丰县农林局,查找
[2021-12-28],大蒜,¥6.00,¥9.20,¥7.60,元/千克(kg) ,北京新发地农副产品批发市场信息中心,查找
[2021-12-28],大蒜,¥6.00,¥12.00,¥10.00,元/千克(kg) ,青岛抚顺路蔬菜副食品批发市场股份有限公司,查找
[2021-12-28],大蒜,¥6.60,¥7.00,¥6.80,元/千克(kg) ,两湖绿谷物流股份有限公司,查找
[2021-12-28],生姜,¥8.00,¥10.00,¥10.00,元/千克(kg) ,湖北鄂州市蟠龙蔬菜批发市场,查找
[2021-12-28],生姜,¥4.00,¥8.00,¥5.00,元/千克(kg) ,呼和浩特市东瓦窑农副产品批发市场有限...,查找
[2021-12-28],生姜,¥3.00,¥4.00,¥3.60,元/千克(kg) ,山西新绛县蔬菜批发市场,查找
[2021-12-28],生姜,¥5.60,¥7.60,¥6.60,元/千克(kg) ,武汉白沙洲农副产品大市场有限公司,查找
[2021-12-28],生姜,¥0.00,¥0.00,¥4.40,元/千克(kg) ,山西临汾尧丰农副产品批发市场,查找
[2021-12-28],生姜,¥6.00,¥7.00,¥6.50,元/千克(kg) ,青藏高原农副产品集散中心,查找
[2021-12-28],生姜,¥6.00,¥7.00,¥6.50,元/千克(kg) ,山西省长治市紫坊农产品综合交易市场有...,查找
[2021-12-28],生姜,¥6.00,¥8.00,¥7.00,元/千克(kg) ,乌鲁木齐北园春（集团）有限责任公司北...,查找
[2021-12-28],生姜,¥8.20,¥10.00,¥9.40,元/千克(kg) ,四川成都龙泉聚和(国际)果蔬菜交易中心,查找
[2021-12-28],生姜,¥4.00,¥4.80,¥4.40,元/千克(kg) ,河南万邦国际农产品物流股份有限公司,查找
[2021-12-28],生姜,¥0.00,¥0.00,¥8.00,元/千克(kg) ,绍兴市蔬菜果品批发交易市场有限公司,查找
[2021-12-28],生姜,¥0.00,¥0.00,¥2.80,元/千克(kg) ,河南濮阳宏进农副产品批发市场有限公司...,查找
[2021-12-28],生姜,¥4.00,¥6.00,¥5.00,元/千克(kg) ,云南通海金山蔬菜批发市场,查找
[2021-12-28],生姜,¥4.60,¥5.40,¥5.00,元/千克(kg) ,阳泉蔬菜副食有限公司,查找
[2021-12-28],生姜,¥0.00,¥0.00,¥5.00,元/千克(kg) ,江西永丰县农产品批发中心市场,查找
[2021-12-28],大葱,¥6.50,¥6.80,¥6.65,元/千克(kg) ,武汉白沙洲农副产品大市场有限公司,查找
[2021-12-28],大葱,¥0.00,¥0.00,¥4.80,元/千克(kg) ,山西临汾尧丰农副产品批发市场,查找
[2021-12-28],大葱,¥4.80,¥5.60,¥5.40,元/千克(kg) ,呼和浩特市东瓦窑农副产品批发市场有限...,查找
[2021-12-28],大葱,¥4.00,¥5.00,¥4.60,元/千克(kg) ,江苏凌家塘农副产品批发市场,查找
[2021-12-28],大葱,¥4.60,¥4.80,¥4.60,元/千克(kg) ,甘肃武山县蔬菜事业管理局,查找
[2021-12-28],大葱,¥6.50,¥8.50,¥7.50,元/千克(kg) ,乌鲁木齐北园春（集团）有限责任公司北...,查找
[2021-12-28],大葱,¥9.00,¥11.40,¥10.60,元/千克(kg) ,四川成都龙泉聚和(国际)果蔬菜交易中心,查找
[2021-12-28],大葱,¥6.00,¥8.40,¥7.20,元/千克(kg) ,南昌深圳农产品中心批发市场有限公司,查找
[2021-12-28],大葱,¥6.00,¥8.00,¥7.00,元/千克(kg) ,云南通海金山蔬菜批发市场,查找
[2021-12-28],大葱,¥0.00,¥0.00,¥8.00,元/千克(kg) ,绍兴市蔬菜果品批发交易市场有限公司,查找
[2021-12-28],大葱,¥0.00,¥0.00,¥4.20,元/千克(kg) ,河南濮阳宏进农副产品批发市场有限公司...,查找
[2021-12-28],大葱,¥4.00,¥5.00,¥4.50,元/千克(kg) ,安徽亳州农产品有限责任公司,查找
[2021-12-28],大葱,¥5.40,¥5.80,¥5.60,元/千克(kg) ,阳泉蔬菜副食有限公司,查找
[2021-12-28],大葱,¥3.80,¥4.20,¥4.00,元/千克(kg) ,三门峡金河农产品批发交易中心,查找
[2021-12-28],大葱,¥5.00,¥5.00,¥5.00,元/千克(kg) ,辽宁鞍山宁远农产品批发市场,查找
[2021-12-28],大葱,¥0.00,¥0.00,¥5.60,元/千克(kg) ,呼和浩特市美通首府无公害农产品批发市场,查找
[2021-12-28],大葱,¥3.20,¥3.60,¥3.40,元/千克(kg) ,河南万邦国际农产品物流股份有限公司,查找
[2021-12-28],大葱,¥2.00,¥3.60,¥3.00,元/千克(kg) ,山东青岛平度南村蔬菜批发市场,查找
[2021-12-28],大葱,¥5.40,¥5.60,¥5.40,元/千克(kg) ,张北县坝上蔬菜产业有限公司,查找
[2021-12-28],大葱,¥5.00,¥5.60,¥5.20,元/千克(kg) ,北京京丰岳各庄农副产品批发市场,查找
[2021-12-28],大葱,¥0.00,¥0.00,¥6.20,元/千克(kg) ,绵阳市高水农副产品批发有限公司,查找
[2021-12-28],大葱,¥4.60,¥4.60,¥4.60,元/千克(kg) ,晋城市绿盛农工商实业有限公司农副产品...,查找
[2021-12-28],大葱,¥6.00,¥7.00,¥6.50,元/千克(kg) ,浙江嘉善曹安农产品批发有限公司,查找
[2021-12-28],大葱,¥5.60,¥6.00,¥5.80,元/千克(kg) ,湖南常德甘露寺蔬菜批发市场,查找
[2021-12-28],大葱,¥4.00,¥5.60,¥4.80,元/千克(kg) ,河北秦皇岛海阳农副产品批发市场,查找
[2021-12-28],莲藕,¥4.80,¥5.20,¥5.00,元/千克(kg) ,重庆双福国际农贸城,查找
[2021-12-28],莲藕,¥4.55,¥6.20,¥5.38,元/千克(kg) ,红星实业集团有限公司红星农副产品大市场,查找
[2021-12-28],莲藕,¥5.20,¥7.00,¥6.10,元/千克(kg) ,南昌深圳农产品中心批发市场有限公司,查找
[2021-12-28],莲藕,¥8.00,¥11.00,¥8.40,元/千克(kg) ,呼和浩特市东瓦窑农副产品批发市场有限...,查找
[2021-12-28],莲藕,¥3.60,¥4.00,¥3.80,元/千克(kg) ,河南万邦国际农产品物流股份有限公司,查找
[2021-12-28],莲藕,¥7.00,¥10.00,¥8.00,元/千克(kg) ,云南通海金山蔬菜批发市场,查找
[2021-12-28],莲藕,¥0.00,¥0.00,¥5.00,元/千克(kg) ,江西永丰县农产品批发中心市场,查找
[2021-12-28],莲藕,¥0.00,¥0.00,¥9.00,元/千克(kg) ,新疆绿珠九鼎农产品经营管理有限公司,查找
[2021-12-28],莲藕,¥5.00,¥5.40,¥5.20,元/千克(kg) ,三门峡金河农产品批发交易中心,查找
[2021-12-28],莲藕,¥8.00,¥8.00,¥8.00,元/千克(kg) ,辽宁鞍山宁远农产品批发市场,查找
[2021-12-28],莲藕,¥0.00,¥0.00,¥5.20,元/千克(kg) ,绵阳市高水农副产品批发有限公司,查找
[2021-12-28],莲藕,¥6.60,¥8.40,¥7.90,元/千克(kg) ,北京京丰岳各庄农副产品批发市场,查找
[2021-12-28],莲藕,¥0.00,¥0.00,¥6.00,元/千克(kg) ,山东淄博市鲁中蔬菜批发市场,查找
[2021-12-28],莲藕,¥6.00,¥6.60,¥6.30,元/千克(kg) ,山西省长治市紫坊农产品综合交易市场有...,查找
[2021-12-28],青笋,¥3.00,¥3.20,¥3.10,元/千克(kg) ,河南万邦国际农产品物流股份有限公司,查找
[2021-12-28],青笋,¥0.00,¥0.00,¥3.80,元/千克(kg) ,四川雅安市汉源县九襄农产品批发市场,查找
[2021-12-28],青笋,¥0.00,¥0.00,¥3.10,元/千克(kg) ,天津碧城农产品批发市场,查找
[2021-12-28],青笋,¥4.20,¥5.00,¥4.60,元/千克(kg) ,甘肃酒泉春光农产品市场有限责任公司,查找
[2021-12-28],青笋,¥4.50,¥6.30,¥5.40,元/千克(kg) ,广东汕头农副产品批发中心市场,查找
[2021-12-28],青笋,¥49.00,¥52.00,¥50.00,元/千克(kg) ,呼和浩特市东瓦窑农副产品批发市场有限...,查找
[2021-12-28],青笋,¥8.00,¥8.80,¥8.40,元/千克(kg) ,三门峡金河农产品批发交易中心,查找
[2021-12-28],莴笋,¥4.40,¥5.00,¥4.70,元/千克(kg) ,山西省长治市紫坊农产品综合交易市场有...,查找
[2021-12-28],莴笋,¥1.20,¥1.60,¥1.40,元/千克(kg) ,成都市农产品中心批发市场,查找
[2021-12-28],莴笋,¥0.00,¥0.00,¥3.40,元/千克(kg) ,山东淄博市鲁中蔬菜批发市场,查找
[2021-12-28],莴笋,¥1.80,¥2.20,¥2.00,元/千克(kg) ,江西乐平市蔬菜批发大市场,查找
[2021-12-28],莴笋,¥0.00,¥0.00,¥3.13,元/千克(kg) ,江苏无锡朝阳农产品大市场,查找
[2021-12-28],莴笋,¥0.00,¥0.00,¥2.00,元/千克(kg) ,鲁南蔬菜产业有限公司,查找
[2021-12-28],莴笋,¥6.00,¥6.00,¥6.00,元/千克(kg) ,山东青岛黄河路农产品批发市场,查找
[2021-12-28],莴笋,¥3.40,¥4.00,¥3.60,元/千克(kg) ,呼和浩特市东瓦窑农副产品批发市场有限...,查找
[2021-12-28],莴笋,¥1.80,¥2.60,¥2.20,元/千克(kg) ,武汉白沙洲农副产品大市场有限公司,查找
[2021-12-28],莴笋,¥4.00,¥4.80,¥4.40,元/千克(kg) ,邵阳市江北农产品批发大市场,查找
[2021-12-28],莴笋,¥3.20,¥4.00,¥3.60,元/千克(kg) ,北京顺鑫石门农副产品批发市场,查找
[2021-12-28],莴笋,¥6.00,¥0.00,¥7.00,元/千克(kg) ,新疆兵团第五师三和农副产品综合批发市场,查找
[2021-12-28],莴笋,¥4.00,¥4.00,¥4.00,元/千克(kg) ,新疆克拉玛依农副产品批发市场,查找
[2021-12-28],莴笋,¥2.40,¥3.40,¥2.80,元/千克(kg) ,上海市江桥批发市场经营管理有限公司,查找
[2021-12-28],莴笋,¥5.00,¥5.00,¥5.00,元/千克(kg) ,内蒙包头市友谊蔬菜批发市场,查找
[2021-12-28],莴笋,¥2.00,¥4.00,¥2.70,元/千克(kg) ,广州江南果菜批发市场经营管理有限公司,查找
[2021-12-28],莴笋,¥0.00,¥0.00,¥4.50,元/千克(kg) ,四川雅安市汉源县九襄农产品批发市场,查找
[2021-12-28],莴笋,¥4.00,¥4.00,¥4.00,元/千克(kg) ,陕西泾云现代农业股份有限公司云阳蔬菜...,查找
[2021-12-28],莴笋,¥2.60,¥3.20,¥3.00,元/千克(kg) ,河北魏县天仙果菜批发交易市场,查找
[2021-12-28],莴笋,¥2.80,¥3.40,¥3.10,元/千克(kg) ,石家庄桥西蔬菜中心批发市场有限公司,查找
[2021-12-28],莴笋,¥0.00,¥0.00,¥3.00,元/千克(kg) ,安徽省淮北市中瑞农产品批发市场,查找
[2021-12-28],莴笋,¥2.60,¥3.00,¥2.80,元/千克(kg) ,青藏高原农副产品集散中心,查找
[2021-12-28],莴笋,¥2.00,¥3.60,¥3.27,元/千克(kg) ,中国寿光地利农产品物流园有限公司,查找
[2021-12-28],莴笋,¥7.00,¥7.20,¥7.10,元/千克(kg) ,山西晋城绿欣农产品批发交易中心,查找
[2021-12-28],莴笋,¥2.40,¥4.60,¥2.92,元/千克(kg) ,浙江嘉兴蔬菜批发交易市场,查找
[2021-12-28],莴笋,¥2.20,¥4.50,¥2.80,元/千克(kg) ,安徽六安市裕安区紫竹林农产品批发市场,查找
[2021-12-28],莴笋,¥3.00,¥3.20,¥3.10,元/千克(kg) ,广西新柳邕农产品批发市场有限公司,查找
[2021-12-28],莴笋,¥5.00,¥5.00,¥5.00,元/千克(kg) ,黑龙江鹤岗市万圃源蔬菜有限责任公司,查找
[2021-12-28],莴笋,¥2.40,¥3.00,¥2.70,元/千克(kg) ,安徽合肥周谷堆农产品批发市场,查找
[2021-12-28],葱头,¥0.00,¥0.00,¥2.00,元/千克(kg) ,河南濮阳宏进农副产品批发市场有限公司...,查找
[2021-12-28],葱头,¥4.00,¥5.00,¥4.60,元/千克(kg) ,云南通海金山蔬菜批发市场,查找
[2021-12-28],葱头,¥1.50,¥1.70,¥1.60,元/千克(kg) ,阳泉蔬菜副食有限公司,查找
[2021-12-28],葱头,¥2.00,¥2.40,¥2.20,元/千克(kg) ,三门峡金河农产品批发交易中心,查找
[2021-12-28],葱头,¥2.00,¥3.00,¥2.50,元/千克(kg) ,辽宁鞍山宁远农产品批发市场,查找
[2021-12-28],葱头,¥0.00,¥0.00,¥1.80,元/千克(kg) ,呼和浩特市美通首府无公害农产品批发市场,查找
[2021-12-28],葱头,¥2.60,¥2.80,¥2.70,元/千克(kg) ,河南万邦国际农产品物流股份有限公司,查找
[2021-12-28],葱头,¥2.00,¥3.20,¥2.40,元/千克(kg) ,北京京丰岳各庄农副产品批发市场,查找
[2021-12-28],葱头,¥2.40,¥2.40,¥2.40,元/千克(kg) ,晋城市绿盛农工商实业有限公司农副产品...,查找
[2021-12-28],葱头,¥2.40,¥2.60,¥2.50,元/千克(kg) ,湖南常德甘露寺蔬菜批发市场,查找
[2021-12-28],葱头,¥2.00,¥3.00,¥2.50,元/千克(kg) ,安徽亳州农产品有限责任公司,查找
[2021-12-28],葱头,¥0.00,¥0.00,¥4.00,元/千克(kg) ,四川广安市邻水县农产品交易中心,查找
[2021-12-28],葱头,¥1.80,¥1.80,¥1.80,元/千克(kg) ,河北秦皇岛海阳农副产品批发市场,查找
[2021-12-28],葱头,¥3.00,¥3.80,¥3.40,元/千克(kg) ,四川南充川北农产品交易有限公司,查找
[2021-12-28],葱头,¥2.60,¥3.00,¥2.80,元/千克(kg) ,江苏宜兴市瑞德蔬菜果品批发市场有限公司,查找
[2021-12-28],葱头,¥1.80,¥2.20,¥2.00,元/千克(kg) ,山西太原丈子头农产品物流园（原城东利民）,查找
[2021-12-28],葱头,¥1.60,¥2.20,¥1.90,元/千克(kg) ,江苏苏州南环桥农副产品批发市场,查找
[2021-12-28],葱头,¥2.00,¥2.60,¥2.30,元/千克(kg) ,重庆双福国际农贸城,查找
[2021-12-28],葱头,¥1.20,¥1.90,¥1.50,元/千克(kg) ,河南商丘市农产品中心批发市场,查找
[2021-12-28],葱头,¥2.50,¥3.00,¥2.80,元/千克(kg) ,新疆九鼎恒兴蔬菜经营管理有限公司,查找
[2021-12-28],葱头,¥1.80,¥3.00,¥2.00,元/千克(kg) ,天津市红旗农贸综合批发市场有限公司,查找
[2021-12-28],葱头,¥1.80,¥2.00,¥1.90,元/千克(kg) ,湖南长沙马王堆农产品股份有限公司,查找
[2021-12-28],葱头,¥2.40,¥3.40,¥2.90,元/千克(kg) ,湖北浠水农产品批发市场,查找
[2021-12-28],葱头,¥2.60,¥3.00,¥2.80,元/千克(kg) ,甘肃天水市瀛池果菜批发市场,查找
[2021-12-28],葱头,¥2.00,¥2.00,¥2.00,元/千克(kg) ,江苏丰县农林局,查找
[2021-12-28],胡萝卜,¥0.00,¥0.00,¥4.20,元/千克(kg) ,福建厦门同安闽南果蔬批发市场,查找
[2021-12-28],胡萝卜,¥4.60,¥6.00,¥5.20,元/千克(kg) ,甘肃天水市瀛池果菜批发市场,查找
[2021-12-28],胡萝卜,¥2.00,¥3.60,¥2.80,元/千克(kg) ,江苏苏州南环桥农副产品批发市场,查找
[2021-12-28],胡萝卜,¥3.00,¥3.40,¥3.20,元/千克(kg) ,湖南吉首市蔬菜果品批发大市场,查找
[2021-12-28],胡萝卜,¥3.60,¥4.40,¥4.00,元/千克(kg) ,重庆双福国际农贸城,查找
[2021-12-28],胡萝卜,¥1.70,¥3.40,¥2.55,元/千克(kg) ,红星实业集团有限公司红星农副产品大市场,查找
[2021-12-28],胡萝卜,¥1.40,¥2.20,¥1.80,元/千克(kg) ,河南商丘市农产品中心批发市场,查找
[2021-12-28],胡萝卜,¥0.00,¥0.00,¥6.00,元/千克(kg) ,四川广安市邻水县农产品交易中心,查找
[2021-12-28],胡萝卜,¥2.00,¥4.00,¥3.00,元/千克(kg) ,河北秦皇岛海阳农副产品批发市场,查找
[2021-12-28],胡萝卜,¥5.00,¥6.00,¥5.30,元/千克(kg) ,四川南充川北农产品交易有限公司,查找
[2021-12-28],胡萝卜,¥3.00,¥4.00,¥3.50,元/千克(kg) ,江苏宜兴市瑞德蔬菜果品批发市场有限公司,查找
[2021-12-28],胡萝卜,¥2.20,¥2.60,¥2.40,元/千克(kg) ,山西太原丈子头农产品物流园（原城东利民）,查找
[2021-12-28],胡萝卜,¥2.00,¥2.00,¥2.00,元/千克(kg) ,江苏丰县农林局,查找
[2021-12-28],胡萝卜,¥2.40,¥3.40,¥2.90,元/千克(kg) ,北京新发地农副产品批发市场信息中心,查找
[2021-12-28],胡萝卜,¥0.00,¥0.00,¥3.00,元/千克(kg) ,蚌埠海吉星农产品物流有限公司,查找
[2021-12-28],胡萝卜,¥1.80,¥4.60,¥3.60,元/千克(kg) ,青岛抚顺路蔬菜副食品批发市场股份有限公司,查找
[2021-12-28],胡萝卜,¥2.80,¥3.20,¥3.00,元/千克(kg) ,两湖绿谷物流股份有限公司,查找
[2021-12-28],胡萝卜,¥1.30,¥2.00,¥1.80,元/千克(kg) ,新疆九鼎恒兴蔬菜经营管理有限公司,查找
[2021-12-28],胡萝卜,¥4.60,¥5.00,¥4.80,元/千克(kg) ,陕西咸阳新阳光批发市场,查找
[2021-12-28],胡萝卜,¥3.00,¥3.40,¥3.20,元/千克(kg) ,天津市红旗农贸综合批发市场有限公司,查找
[2021-12-28],胡萝卜,¥2.00,¥4.00,¥3.40,元/千克(kg) ,天津市金钟蔬菜批发市场,查找
[2021-12-28],胡萝卜,¥2.80,¥3.60,¥3.20,元/千克(kg) ,辽宁朝阳市果菜批发市场,查找
[2021-12-28],胡萝卜,¥2.00,¥2.40,¥2.20,元/千克(kg) ,黑龙江鹤岗市万圃源蔬菜有限责任公司,查找
[2021-12-28],胡萝卜,¥2.40,¥3.40,¥2.90,元/千克(kg) ,安徽合肥周谷堆农产品批发市场,查找
[2021-12-28],胡萝卜,¥3.00,¥0.00,¥3.00,元/千克(kg) ,河北省怀来县京西果菜批发市场有限责任公司,查找
[2021-12-28],大蒜,¥8.00,¥12.00,¥10.00,元/千克(kg) ,云南通海金山蔬菜批发市场,查找
[2021-12-28],大蒜,¥0.00,¥0.00,¥10.00,元/千克(kg) ,绍兴市蔬菜果品批发交易市场有限公司,查找
[2021-12-28],大蒜,¥0.00,¥0.00,¥6.60,元/千克(kg) ,河南濮阳宏进农副产品批发市场有限公司...,查找
[2021-12-28],大蒜,¥6.80,¥9.00,¥7.40,元/千克(kg) ,阳泉蔬菜副食有限公司,查找
[2021-12-28],大蒜,¥4.00,¥4.00,¥4.00,元/千克(kg) ,辽宁鞍山宁远农产品批发市场,查找
[2021-12-28],大蒜,¥0.00,¥0.00,¥6.60,元/千克(kg) ,江西永丰县农产品批发中心市场,查找
[2021-12-28],大蒜,¥5.00,¥8.00,¥5.60,元/千克(kg) ,佛山中南农产品交易中心,查找
[2021-12-28],大蒜,¥5.20,¥6.40,¥5.80,元/千克(kg) ,三门峡金河农产品批发交易中心,查找
[2021-12-28],大蒜,¥5.60,¥5.80,¥5.70,元/千克(kg) ,河南万邦国际农产品物流股份有限公司,查找
[2021-12-28],大蒜,¥6.80,¥7.00,¥6.80,元/千克(kg) ,张北县坝上蔬菜产业有限公司,查找
[2021-12-28],大蒜,¥6.40,¥10.00,¥8.00,元/千克(kg) ,北京京丰岳各庄农副产品批发市场,查找
[2021-12-28],大蒜,¥0.00,¥0.00,¥7.00,元/千克(kg) ,绵阳市高水农副产品批发有限公司,查找
[2021-12-28],大蒜,¥7.00,¥7.00,¥7.00,元/千克(kg) ,晋城市绿盛农工商实业有限公司农副产品...,查找
[2021-12-28],大蒜,¥10.00,¥12.00,¥11.00,元/千克(kg) ,浙江嘉善曹安农产品批发有限公司,查找
[2021-12-28],大蒜,¥6.00,¥7.00,¥6.50,元/千克(kg) ,湖南常德甘露寺蔬菜批发市场,查找
[2021-12-28],大蒜,¥6.00,¥8.00,¥7.00,元/千克(kg) ,安徽亳州农产品有限责任公司,查找
[2021-12-28],大蒜,¥0.00,¥0.00,¥9.00,元/千克(kg) ,四川广安市邻水县农产品交易中心,查找
[2021-12-28],大蒜,¥6.00,¥6.80,¥6.40,元/千克(kg) ,河北秦皇岛海阳农副产品批发市场,查找
[2021-12-28],大蒜,¥7.00,¥8.40,¥7.80,元/千克(kg) ,四川南充川北农产品交易有限公司,查找
[2021-12-28],大蒜,¥6.00,¥6.40,¥6.20,元/千克(kg) ,江苏宜兴市瑞德蔬菜果品批发市场有限公司,查找
[2021-12-28],大蒜,¥8.00,¥10.00,¥8.00,元/千克(kg) ,新疆乌鲁木齐凌庆蔬菜果品有限公司,查找
[2021-12-28],大蒜,¥9.00,¥10.00,¥9.60,元/千克(kg) ,甘肃天水市瀛池果菜批发市场,查找
[2021-12-28],大蒜,¥9.40,¥10.00,¥9.80,元/千克(kg) ,山西太原丈子头农产品物流园（原城东利民）,查找
[2021-12-28],大蒜,¥7.00,¥9.00,¥8.00,元/千克(kg) ,江苏苏州南环桥农副产品批发市场,查找
[2021-12-28],大蒜,¥4.00,¥6.00,¥5.00,元/千克(kg) ,湖南吉首市蔬菜果品批发大市场,查找
[2021-12-28],大葱,¥5.00,¥6.00,¥5.50,元/千克(kg) ,四川南充川北农产品交易有限公司,查找
[2021-12-28],大葱,¥5.30,¥5.50,¥5.30,元/千克(kg) ,新疆乌鲁木齐凌庆蔬菜果品有限公司,查找
[2021-12-28],大葱,¥6.00,¥6.60,¥6.20,元/千克(kg) ,甘肃天水市瀛池果菜批发市场,查找
[2021-12-28],大葱,¥4.40,¥4.60,¥4.50,元/千克(kg) ,山西太原丈子头农产品物流园（原城东利民）,查找
[2021-12-28],大葱,¥5.75,¥6.40,¥6.08,元/千克(kg) ,红星实业集团有限公司红星农副产品大市场,查找
[2021-12-28],大葱,¥5.00,¥5.80,¥5.40,元/千克(kg) ,江苏苏州南环桥农副产品批发市场,查找
[2021-12-28],大葱,¥7.40,¥7.40,¥7.40,元/千克(kg) ,湖南吉首市蔬菜果品批发大市场,查找
[2021-12-28],大葱,¥4.40,¥5.00,¥4.70,元/千克(kg) ,重庆双福国际农贸城,查找
[2021-12-28],大葱,¥3.70,¥4.40,¥4.10,元/千克(kg) ,河南商丘市农产品中心批发市场,查找
[2021-12-28],大葱,¥0.00,¥0.00,¥11.00,元/千克(kg) ,四川广安市邻水县农产品交易中心,查找
[2021-12-28],大葱,¥5.40,¥5.80,¥5.60,元/千克(kg) ,两湖绿谷物流股份有限公司,查找
[2021-12-28],大葱,¥5.00,¥5.80,¥5.50,元/千克(kg) ,新疆九鼎恒兴蔬菜经营管理有限公司,查找
[2021-12-28],大葱,¥6.40,¥6.80,¥6.70,元/千克(kg) ,陕西咸阳新阳光批发市场,查找
[2021-12-28],大葱,¥4.00,¥5.60,¥5.20,元/千克(kg) ,天津市红旗农贸综合批发市场有限公司,查找
[2021-12-28],大葱,¥5.60,¥6.20,¥5.90,元/千克(kg) ,湖南长沙马王堆农产品股份有限公司,查找
[2021-12-28],大葱,¥5.00,¥6.00,¥5.50,元/千克(kg) ,马鞍山市安民农副产品贸易有限公司,查找
[2021-12-28],大葱,¥8.40,¥11.00,¥9.70,元/千克(kg) ,湖北浠水农产品批发市场,查找
[2021-12-28],大葱,¥0.00,¥0.00,¥5.80,元/千克(kg) ,福建厦门同安闽南果蔬批发市场,查找
[2021-12-28],大葱,¥5.00,¥5.60,¥5.30,元/千克(kg) ,北京新发地农副产品批发市场信息中心,查找
[2021-12-28],大葱,¥0.00,¥0.00,¥5.00,元/千克(kg) ,孝义市绿海蔬菜批发销售有限公司,查找
[2021-12-28],大葱,¥0.00,¥0.00,¥5.00,元/千克(kg) ,蚌埠海吉星农产品物流有限公司,查找
[2021-12-28],大葱,¥4.00,¥8.00,¥6.00,元/千克(kg) ,青岛抚顺路蔬菜副食品批发市场股份有限公司,查找
[2021-12-28],大葱,¥5.20,¥0.00,¥5.20,元/千克(kg) ,河北省怀来县京西果菜批发市场有限责任公司,查找
[2021-12-28],大葱,¥0.00,¥0.00,¥5.00,元/千克(kg) ,新疆绿珠九鼎农产品经营管理有限公司,查找
[2021-12-28],大葱,¥4.00,¥6.00,¥5.00,元/千克(kg) ,上海农产品中心批发市场经营管理有限公司,查找
[2021-12-28],蒜薹,¥0.00,¥0.00,¥7.40,元/千克(kg) ,河南濮阳宏进农副产品批发市场有限公司...,查找
[2021-12-28],蒜薹,¥7.00,¥7.40,¥7.20,元/千克(kg) ,阳泉蔬菜副食有限公司,查找
[2021-12-28],蒜薹,¥7.00,¥7.80,¥7.40,元/千克(kg) ,三门峡金河农产品批发交易中心,查找
[2021-12-28],蒜薹,¥14.00,¥14.00,¥14.00,元/千克(kg) ,辽宁鞍山宁远农产品批发市场,查找
[2021-12-28],蒜薹,¥0.00,¥0.00,¥8.00,元/千克(kg) ,新疆绿珠九鼎农产品经营管理有限公司,查找
[2021-12-28],蒜薹,¥0.00,¥0.00,¥12.00,元/千克(kg) ,呼和浩特市美通首府无公害农产品批发市场,查找
[2021-12-28],蒜薹,¥8.50,¥10.50,¥9.50,元/千克(kg) ,乌鲁木齐北园春（集团）有限责任公司北...,查找
[2021-12-28],蒜薹,¥6.40,¥7.00,¥6.70,元/千克(kg) ,河南万邦国际农产品物流股份有限公司,查找
[2021-12-28],蒜薹,¥12.60,¥13.00,¥12.60,元/千克(kg) ,张北县坝上蔬菜产业有限公司,查找
[2021-12-28],蒜薹,¥7.00,¥14.00,¥9.00,元/千克(kg) ,北京京丰岳各庄农副产品批发市场,查找
[2021-12-28],蒜薹,¥12.40,¥13.00,¥12.70,元/千克(kg) ,湖南常德甘露寺蔬菜批发市场,查找
[2021-12-28],蒜薹,¥6.60,¥6.60,¥6.60,元/千克(kg) ,晋城市绿盛农工商实业有限公司农副产品...,查找
[2021-12-28],蒜薹,¥8.00,¥14.00,¥11.00,元/千克(kg) ,浙江嘉善曹安农产品批发有限公司,查找
[2021-12-28],蒜薹,¥7.00,¥9.00,¥8.00,元/千克(kg) ,安徽亳州农产品有限责任公司,查找
[2021-12-28],蒜薹,¥7.00,¥13.00,¥10.00,元/千克(kg) ,河北秦皇岛海阳农副产品批发市场,查找
[2021-12-28],蒜薹,¥8.00,¥8.50,¥8.00,元/千克(kg) ,新疆乌鲁木齐凌庆蔬菜果品有限公司,查找
[2021-12-28],蒜薹,¥12.00,¥14.00,¥13.00,元/千克(kg) ,甘肃天水市瀛池果菜批发市场,查找
[2021-12-28],蒜薹,¥6.00,¥6.40,¥6.20,元/千克(kg) ,山西太原丈子头农产品物流园（原城东利民）,查找
[2021-12-28],蒜薹,¥6.55,¥8.60,¥7.58,元/千克(kg) ,红星实业集团有限公司红星农副产品大市场,查找
[2021-12-28],蒜薹,¥7.60,¥7.60,¥7.60,元/千克(kg) ,湖南吉首市蔬菜果品批发大市场,查找
[2021-12-28],蒜薹,¥4.00,¥13.00,¥8.50,元/千克(kg) ,江苏苏州南环桥农副产品批发市场,查找
[2021-12-28],蒜薹,¥7.00,¥7.60,¥7.30,元/千克(kg) ,重庆双福国际农贸城,查找
[2021-12-28],蒜薹,¥10.00,¥13.00,¥11.50,元/千克(kg) ,陕西咸阳新阳光批发市场,查找
[2021-12-28],蒜薹,¥7.00,¥13.00,¥7.20,元/千克(kg) ,天津市红旗农贸综合批发市场有限公司,查找
[2021-12-28],蒜薹,¥6.40,¥8.40,¥7.40,元/千克(kg) ,湖南长沙马王堆农产品股份有限公司,查找
[2021-12-28],莲藕,¥7.60,¥7.60,¥7.60,元/千克(kg) ,陕西泾云现代农业股份有限公司云阳蔬菜...,查找
[2021-12-28],莲藕,¥6.00,¥6.00,¥6.00,元/千克(kg) ,石家庄桥西蔬菜中心批发市场有限公司,查找
[2021-12-28],莲藕,¥8.00,¥8.00,¥8.00,元/千克(kg) ,乐亭县冀东果菜批发市场,查找
[2021-12-28],莲藕,¥0.67,¥5.55,¥4.40,元/千克(kg) ,中国寿光地利农产品物流园有限公司,查找
[2021-12-28],莲藕,¥0.00,¥0.00,¥7.00,元/千克(kg) ,天津碧城农产品批发市场,查找
[2021-12-28],莲藕,¥7.00,¥7.20,¥7.10,元/千克(kg) ,山西晋城绿欣农产品批发交易中心,查找
[2021-12-28],莲藕,¥5.00,¥6.00,¥5.00,元/千克(kg) ,江苏联谊农副产品批发市场,查找
[2021-12-28],莲藕,¥4.40,¥5.80,¥5.00,元/千克(kg) ,山东德州黑马农贸水产批发市场,查找
[2021-12-28],莲藕,¥6.00,¥7.00,¥7.00,元/千克(kg) ,天津何庄子鲜活农产品中心批发市场,查找
[2021-12-28],莲藕,¥4.06,¥6.10,¥5.08,元/千克(kg) ,浙江嘉兴蔬菜批发交易市场,查找
[2021-12-28],莲藕,¥0.00,¥0.00,¥6.00,元/千克(kg) ,山东滨州(六街）鲁北蔬菜批发市场,查找
[2021-12-28],莲藕,¥4.00,¥8.00,¥6.50,元/千克(kg) ,安徽六安市裕安区紫竹林农产品批发市场,查找
[2021-12-28],莲藕,¥8.60,¥9.00,¥8.80,元/千克(kg) ,甘肃酒泉春光农产品市场有限责任公司,查找
[2021-12-28],莲藕,¥8.00,¥8.00,¥8.00,元/千克(kg) ,新疆克拉玛依农副产品批发市场,查找
[2021-12-28],莲藕,¥2.00,¥5.00,¥3.80,元/千克(kg) ,滕州市农副产品物流中心有限公司,查找
[2021-12-28],莲藕,¥5.00,¥7.00,¥6.00,元/千克(kg) ,广西新柳邕农产品批发市场有限公司,查找
[2021-12-28],莲藕,¥3.00,¥7.00,¥5.00,元/千克(kg) ,天津韩家墅海吉星农产品物流有限公司,查找
[2021-12-28],莲藕,¥8.00,¥8.00,¥8.00,元/千克(kg) ,黑龙江鹤岗市万圃源蔬菜有限责任公司,查找
[2021-12-28],莲藕,¥5.00,¥7.00,¥6.00,元/千克(kg) ,天津市金钟蔬菜批发市场,查找
[2021-12-28],莲藕,¥5.50,¥6.00,¥5.80,元/千克(kg) ,安徽合肥周谷堆农产品批发市场,查找
[2021-12-28],莲藕,¥6.00,¥8.00,¥7.00,元/千克(kg) ,上海农产品中心批发市场经营管理有限公司,查找
[2021-12-28],莲藕,¥6.40,¥6.80,¥6.50,元/千克(kg) ,遵义金土地绿色产品交易有限公司,查找
[2021-12-28],莲藕,¥6.00,¥7.80,¥6.90,元/千克(kg) ,徐州农副产品中心批发市场,查找
[2021-12-28],莲藕,¥4.00,¥5.00,¥4.50,元/千克(kg) ,阜阳农产品中心批发市场,查找
[2021-12-28],莲藕,¥12.20,¥13.20,¥12.60,元/千克(kg) ,福建福鼎闽浙边界农贸中心市场,查找
[2021-12-28],白萝卜,¥2.00,¥2.80,¥2.40,元/千克(kg) ,邵阳市江北农产品批发大市场,查找
[2021-12-28],白萝卜,¥1.40,¥2.00,¥1.60,元/千克(kg) ,北京京丰岳各庄农副产品批发市场,查找
[2021-12-28],白萝卜,¥0.00,¥0.00,¥1.20,元/千克(kg) ,绵阳市高水农副产品批发有限公司,查找
[2021-12-28],白萝卜,¥1.60,¥1.80,¥1.70,元/千克(kg) ,浙江嘉善曹安农产品批发有限公司,查找
[2021-12-28],白萝卜,¥2.00,¥2.00,¥2.00,元/千克(kg) ,晋城市绿盛农工商实业有限公司农副产品...,查找
[2021-12-28],白萝卜,¥1.90,¥2.10,¥2.00,元/千克(kg) ,阳泉蔬菜副食有限公司,查找
[2021-12-28],白萝卜,¥2.80,¥2.80,¥2.80,元/千克(kg) ,辽宁鞍山宁远农产品批发市场,查找
[2021-12-28],白萝卜,¥0.00,¥0.00,¥1.40,元/千克(kg) ,江西永丰县农产品批发中心市场,查找
[2021-12-28],白萝卜,¥0.00,¥0.00,¥2.00,元/千克(kg) ,呼和浩特市美通首府无公害农产品批发市场,查找
[2021-12-28],白萝卜,¥3.80,¥5.80,¥4.80,元/千克(kg) ,乌鲁木齐北园春（集团）有限责任公司北...,查找
[2021-12-28],白萝卜,¥1.20,¥2.40,¥1.80,元/千克(kg) ,三门峡金河农产品批发交易中心,查找
[2021-12-28],白萝卜,¥1.60,¥1.80,¥1.60,元/千克(kg) ,甘肃武山县蔬菜事业管理局,查找
[2021-12-28],白萝卜,¥0.00,¥0.00,¥1.60,元/千克(kg) ,浙江金华农产品批发市场,查找
[2021-12-28],白萝卜,¥2.00,¥2.80,¥2.40,元/千克(kg) ,福建福鼎闽浙边界农贸中心市场,查找
[2021-12-28],白萝卜,¥1.40,¥1.60,¥1.50,元/千克(kg) ,石家庄桥西蔬菜中心批发市场有限公司,查找
[2021-12-28],白萝卜,¥1.40,¥1.60,¥1.50,元/千克(kg) ,上海农产品中心批发市场经营管理有限公司,查找
[2021-12-28],白萝卜,¥0.42,¥5.76,¥1.18,元/千克(kg) ,福建省福州市海峡蔬菜批发市场,查找
[2021-12-28],白萝卜,¥1.60,¥3.20,¥2.40,元/千克(kg) ,徐州农副产品中心批发市场,查找
[2021-12-28],白萝卜,¥1.80,¥2.80,¥2.30,元/千克(kg) ,北京朝阳区大洋路综合市场,查找
[2021-12-28],白萝卜,¥0.60,¥1.40,¥1.20,元/千克(kg) ,山东青岛莱西市东庄头蔬菜批发市场服务...,查找
[2021-12-28],白萝卜,¥0.00,¥0.00,¥3.50,元/千克(kg) ,新疆绿珠九鼎农产品经营管理有限公司,查找
[2021-12-28],白萝卜,¥1.40,¥1.80,¥1.60,元/千克(kg) ,北京八里桥农产品中心批发市场有限公司,查找
[2021-12-28],白萝卜,¥0.00,¥0.00,¥1.60,元/千克(kg) ,山西汾阳市晋阳农副产品批发市场,查找
[2021-12-28],白萝卜,¥1.60,¥2.00,¥1.80,元/千克(kg) ,广东汕头农副产品批发中心市场,查找
[2021-12-28],白萝卜,¥1.80,¥2.00,¥1.90,元/千克(kg) ,辽宁朝阳市果菜批发市场,查找
[2021-12-28],生姜,¥0.00,¥0.00,¥4.40,元/千克(kg) ,呼和浩特市美通首府无公害农产品批发市场,查找
[2021-12-28],生姜,¥3.50,¥6.50,¥4.00,元/千克(kg) ,佛山中南农产品交易中心,查找
[2021-12-28],生姜,¥5.60,¥5.60,¥5.60,元/千克(kg) ,辽宁鞍山宁远农产品批发市场,查找
[2021-12-28],生姜,¥6.00,¥7.60,¥7.00,元/千克(kg) ,北京京丰岳各庄农副产品批发市场,查找
[2021-12-28],生姜,¥6.00,¥6.00,¥6.00,元/千克(kg) ,晋城市绿盛农工商实业有限公司农副产品...,查找
[2021-12-28],生姜,¥6.00,¥7.00,¥6.50,元/千克(kg) ,浙江嘉善曹安农产品批发有限公司,查找
[2021-12-28],生姜,¥4.00,¥5.00,¥4.50,元/千克(kg) ,安徽亳州农产品有限责任公司,查找
[2021-12-28],生姜,¥0.00,¥0.00,¥9.00,元/千克(kg) ,四川广安市邻水县农产品交易中心,查找
[2021-12-28],生姜,¥3.00,¥4.60,¥3.80,元/千克(kg) ,河北秦皇岛海阳农副产品批发市场,查找
[2021-12-28],生姜,¥5.60,¥9.00,¥7.80,元/千克(kg) ,四川南充川北农产品交易有限公司,查找
[2021-12-28],生姜,¥6.00,¥7.00,¥6.50,元/千克(kg) ,江苏宜兴市瑞德蔬菜果品批发市场有限公司,查找
[2021-12-28],生姜,¥6.00,¥8.00,¥6.00,元/千克(kg) ,新疆乌鲁木齐凌庆蔬菜果品有限公司,查找
[2021-12-28],生姜,¥6.00,¥6.00,¥6.00,元/千克(kg) ,甘肃天水市瀛池果菜批发市场,查找
[2021-12-28],生姜,¥5.40,¥6.00,¥5.80,元/千克(kg) ,山西太原丈子头农产品物流园（原城东利民）,查找
[2021-12-28],生姜,¥5.00,¥5.00,¥5.00,元/千克(kg) ,湖南吉首市蔬菜果品批发大市场,查找
[2021-12-28],生姜,¥6.00,¥6.40,¥6.20,元/千克(kg) ,重庆双福国际农贸城,查找
[2021-12-28],生姜,¥1.60,¥7.00,¥4.30,元/千克(kg) ,江苏苏州南环桥农副产品批发市场,查找
[2021-12-28],生姜,¥13.80,¥16.20,¥15.00,元/千克(kg) ,红星实业集团有限公司红星农副产品大市场,查找
[2021-12-28],生姜,¥2.40,¥2.80,¥2.60,元/千克(kg) ,两湖绿谷物流股份有限公司,查找
[2021-12-28],生姜,¥4.50,¥5.50,¥5.00,元/千克(kg) ,新疆九鼎恒兴蔬菜经营管理有限公司,查找
[2021-12-28],生姜,¥5.00,¥5.60,¥5.50,元/千克(kg) ,陕西咸阳新阳光批发市场,查找
[2021-12-28],生姜,¥4.00,¥5.60,¥5.40,元/千克(kg) ,天津市红旗农贸综合批发市场有限公司,查找
[2021-12-28],生姜,¥5.00,¥8.00,¥6.50,元/千克(kg) ,马鞍山市安民农副产品贸易有限公司,查找
[2021-12-28],生姜,¥0.00,¥0.00,¥2.80,元/千克(kg) ,蚌埠海吉星农产品物流有限公司,查找
[2021-12-28],生姜,¥8.00,¥10.00,¥9.00,元/千克(kg) ,湖北浠水农产品批发市场,查找
[2021-12-28],大葱,¥4.00,¥4.60,¥4.30,元/千克(kg) ,天津武清大沙河批发市场,查找
[2021-12-28],大葱,¥4.00,¥6.00,¥5.00,元/千克(kg) ,徐州农副产品中心批发市场,查找
[2021-12-28],大葱,¥4.40,¥5.40,¥4.90,元/千克(kg) ,天津韩家墅海吉星农产品物流有限公司,查找
[2021-12-28],大葱,¥4.00,¥4.40,¥4.20,元/千克(kg) ,阜阳农产品中心批发市场,查找
[2021-12-28],大葱,¥2.00,¥5.40,¥4.80,元/千克(kg) ,山东青岛莱西市东庄头蔬菜批发市场服务...,查找
[2021-12-28],大葱,¥4.60,¥5.60,¥5.00,元/千克(kg) ,北京八里桥农产品中心批发市场有限公司,查找
[2021-12-28],大葱,¥0.00,¥0.00,¥6.00,元/千克(kg) ,浙江金华农产品批发市场,查找
[2021-12-28],大葱,¥5.20,¥6.40,¥5.60,元/千克(kg) ,福建福鼎闽浙边界农贸中心市场,查找
[2021-12-28],大葱,¥1.00,¥8.36,¥6.08,元/千克(kg) ,福建省福州市海峡蔬菜批发市场,查找
[2021-12-28],大葱,¥5.80,¥6.80,¥6.30,元/千克(kg) ,北京朝阳区大洋路综合市场,查找
[2021-12-28],大葱,¥4.40,¥5.40,¥4.90,元/千克(kg) ,石家庄桥西蔬菜中心批发市场有限公司,查找
[2021-12-28],大葱,¥5.40,¥5.60,¥5.50,元/千克(kg) ,青藏高原农副产品集散中心,查找
[2021-12-28],大葱,¥4.40,¥5.80,¥4.98,元/千克(kg) ,中国寿光地利农产品物流园有限公司,查找
[2021-12-28],大葱,¥3.00,¥3.00,¥3.00,元/千克(kg) ,江苏联谊农副产品批发市场,查找
[2021-12-28],大葱,¥6.00,¥6.20,¥6.10,元/千克(kg) ,山西晋城绿欣农产品批发交易中心,查找
[2021-12-28],大葱,¥3.40,¥6.00,¥4.50,元/千克(kg) ,山东德州黑马农贸水产批发市场,查找
[2021-12-28],大葱,¥4.60,¥6.00,¥5.40,元/千克(kg) ,青岛市城阳蔬菜水产品批发市场有限公司,查找
[2021-12-28],大葱,¥4.00,¥5.40,¥4.40,元/千克(kg) ,天津何庄子鲜活农产品中心批发市场,查找
[2021-12-28],大葱,¥0.00,¥0.00,¥4.00,元/千克(kg) ,山东滨州(六街）鲁北蔬菜批发市场,查找
[2021-12-28],大葱,¥3.00,¥7.00,¥5.20,元/千克(kg) ,安徽六安市裕安区紫竹林农产品批发市场,查找
[2021-12-28],大葱,¥0.00,¥0.00,¥4.50,元/千克(kg) ,天津碧城农产品批发市场,查找
[2021-12-28],大葱,¥5.20,¥6.00,¥5.60,元/千克(kg) ,甘肃酒泉春光农产品市场有限责任公司,查找
[2021-12-28],大葱,¥7.60,¥7.60,¥7.60,元/千克(kg) ,广西新柳邕农产品批发市场有限公司,查找
[2021-12-28],大葱,¥5.00,¥7.00,¥6.30,元/千克(kg) ,广州江南果菜批发市场经营管理有限公司,查找
[2021-12-28],大葱,¥3.60,¥5.00,¥4.30,元/千克(kg) ,北京顺鑫石门农副产品批发市场,查找
[2021-12-28],莴笋,¥3.60,¥4.20,¥3.90,元/千克(kg) ,山西省太原市河西农产品有限公司,查找
[2021-12-28],莴笋,¥1.60,¥3.00,¥2.00,元/千克(kg) ,江苏凌家塘农副产品批发市场,查找
[2021-12-28],莴笋,¥2.40,¥4.00,¥3.60,元/千克(kg) ,湖北鄂州市蟠龙蔬菜批发市场,查找
[2021-12-28],西洋芹,¥3.20,¥4.00,¥3.60,元/千克(kg) ,广东汕头农副产品批发中心市场,查找
[2021-12-28],西洋芹,¥6.00,¥7.00,¥6.50,元/千克(kg) ,陕西咸阳新阳光批发市场,查找
[2021-12-28],西洋芹,¥4.60,¥5.00,¥4.80,元/千克(kg) ,湖南常德甘露寺蔬菜批发市场,查找
[2021-12-28],西洋芹,¥5.00,¥6.00,¥5.50,元/千克(kg) ,江苏宜兴市瑞德蔬菜果品批发市场有限公司,查找
[2021-12-28],西洋芹,¥8.00,¥9.00,¥8.40,元/千克(kg) ,四川南充川北农产品交易有限公司,查找
[2021-12-28],西洋芹,¥3.60,¥4.80,¥4.20,元/千克(kg) ,江苏苏州南环桥农副产品批发市场,查找
[2021-12-28],西洋芹,¥7.00,¥7.00,¥7.00,元/千克(kg) ,湖南吉首市蔬菜果品批发大市场,查找
[2021-12-28],西洋芹,¥3.00,¥3.20,¥3.10,元/千克(kg) ,河南万邦国际农产品物流股份有限公司,查找
[2021-12-28],西洋芹,¥5.00,¥12.00,¥7.00,元/千克(kg) ,乌鲁木齐北园春（集团）有限责任公司北...,查找
[2021-12-28],西洋芹,¥0.00,¥0.00,¥5.30,元/千克(kg) ,绍兴市蔬菜果品批发交易市场有限公司,查找
[2021-12-28],西洋芹,¥4.00,¥4.00,¥4.00,元/千克(kg) ,辽宁鞍山宁远农产品批发市场,查找
[2021-12-28],西洋芹,¥0.00,¥0.00,¥7.60,元/千克(kg) ,绵阳市高水农副产品批发有限公司,查找
[2021-12-28],西洋芹,¥6.00,¥6.60,¥6.40,元/千克(kg) ,湖北鄂州市蟠龙蔬菜批发市场,查找
[2021-12-28],西洋芹,¥1.40,¥3.60,¥3.00,元/千克(kg) ,江苏凌家塘农副产品批发市场,查找
[2021-12-28],西洋芹,¥9.60,¥10.00,¥10.00,元/千克(kg) ,呼和浩特市东瓦窑农副产品批发市场有限...,查找
[2021-12-28],西洋芹,¥3.40,¥3.60,¥3.50,元/千克(kg) ,武汉白沙洲农副产品大市场有限公司,查找
[2021-12-28],西洋芹,¥6.00,¥8.00,¥7.60,元/千克(kg) ,山东德州黑马农贸水产批发市场,查找
[2021-12-28],西洋芹,¥10.00,¥12.00,¥11.00,元/千克(kg) ,新疆克拉玛依农副产品批发市场,查找
[2021-12-28],西洋芹,¥5.00,¥5.00,¥5.00,元/千克(kg) ,陕西泾云现代农业股份有限公司云阳蔬菜...,查找
[2021-12-28],西洋芹,¥2.20,¥3.00,¥2.60,元/千克(kg) ,河北魏县天仙果菜批发交易市场,查找
[2021-12-28],西洋芹,¥4.00,¥6.00,¥5.06,元/千克(kg) ,中国寿光地利农产品物流园有限公司,查找
[2021-12-28],西洋芹,¥4.00,¥6.00,¥5.60,元/千克(kg) ,江苏联谊农副产品批发市场,查找
[2021-12-28],韭菜,¥5.00,¥6.00,¥6.00,元/千克(kg) ,湖北鄂州市蟠龙蔬菜批发市场,查找
[2021-12-28],韭菜,¥10.00,¥10.00,¥10.00,元/千克(kg) ,山东青岛黄河路农产品批发市场,查找
[2021-12-28],韭菜,¥6.40,¥7.60,¥7.00,元/千克(kg) ,成都市农产品中心批发市场,查找
[2021-12-28],韭菜,¥0.00,¥0.00,¥5.00,元/千克(kg) ,河南濮阳宏进农副产品批发市场有限公司...,查找
[2021-12-28],韭菜,¥0.00,¥0.00,¥6.00,元/千克(kg) ,绍兴市蔬菜果品批发交易市场有限公司,查找
[2021-12-28],韭菜,¥5.60,¥6.00,¥5.80,元/千克(kg) ,山西新绛县蔬菜批发市场,查找
[2021-12-28],韭菜,¥5.20,¥6.00,¥5.60,元/千克(kg) ,三门峡金河农产品批发交易中心,查找
[2021-12-28],韭菜,¥5.40,¥5.60,¥5.60,元/千克(kg) ,甘肃武山县蔬菜事业管理局,查找
[2021-12-28],韭菜,¥5.50,¥7.50,¥6.50,元/千克(kg) ,乌鲁木齐北园春（集团）有限责任公司北...,查找
[2021-12-28],韭菜,¥9.00,¥11.00,¥10.00,元/千克(kg) ,四川成都龙泉聚和(国际)果蔬菜交易中心,查找
[2021-12-28],韭菜,¥5.00,¥6.40,¥5.70,元/千克(kg) ,南昌深圳农产品中心批发市场有限公司,查找
[2021-12-28],韭菜,¥3.60,¥4.40,¥4.00,元/千克(kg) ,河南万邦国际农产品物流股份有限公司,查找
[2021-12-28],韭菜,¥3.00,¥5.00,¥4.00,元/千克(kg) ,云南通海金山蔬菜批发市场,查找
[2021-12-28],韭菜,¥4.00,¥6.80,¥6.40,元/千克(kg) ,山东青岛莱西市东庄头蔬菜批发市场服务...,查找
[2021-12-28],韭菜,¥5.00,¥7.00,¥6.00,元/千克(kg) ,安徽亳州农产品有限责任公司,查找
[2021-12-28],韭菜,¥4.60,¥5.40,¥5.00,元/千克(kg) ,阳泉蔬菜副食有限公司,查找
[2021-12-28],韭菜,¥6.00,¥7.00,¥6.50,元/千克(kg) ,辽宁鞍山宁远农产品批发市场,查找
[2021-12-28],韭菜,¥0.00,¥0.00,¥8.00,元/千克(kg) ,呼和浩特市美通首府无公害农产品批发市场,查找
[2021-12-28],韭菜,¥9.00,¥10.00,¥9.20,元/千克(kg) ,呼和浩特市东瓦窑农副产品批发市场有限...,查找
[2021-12-28],韭菜,¥0.00,¥0.00,¥6.60,元/千克(kg) ,绵阳市高水农副产品批发有限公司,查找
[2021-12-28],韭菜,¥3.00,¥5.00,¥4.00,元/千克(kg) ,浙江嘉善曹安农产品批发有限公司,查找
[2021-12-28],韭菜,¥5.00,¥6.00,¥5.50,元/千克(kg) ,湖南常德甘露寺蔬菜批发市场,查找
[2021-12-28],韭菜,¥6.00,¥6.00,¥6.00,元/千克(kg) ,晋城市绿盛农工商实业有限公司农副产品...,查找
[2021-12-28],韭菜,¥4.50,¥7.50,¥4.50,元/千克(kg) ,新疆乌鲁木齐凌庆蔬菜果品有限公司,查找
[2021-12-28],韭菜,¥6.60,¥6.80,¥6.60,元/千克(kg) ,张北县坝上蔬菜产业有限公司,查找
[2021-12-28],莴笋,¥2.60,¥3.00,¥2.80,元/千克(kg) ,湖南常德甘露寺蔬菜批发市场,查找
[2021-12-28],莴笋,¥0.00,¥0.00,¥4.00,元/千克(kg) ,四川广安市邻水县农产品交易中心,查找
[2021-12-28],莴笋,¥3.00,¥4.40,¥3.60,元/千克(kg) ,四川南充川北农产品交易有限公司,查找
[2021-12-28],莴笋,¥2.00,¥2.40,¥2.20,元/千克(kg) ,江苏宜兴市瑞德蔬菜果品批发市场有限公司,查找
[2021-12-28],莴笋,¥3.50,¥4.00,¥3.50,元/千克(kg) ,新疆乌鲁木齐凌庆蔬菜果品有限公司,查找
[2021-12-28],莴笋,¥4.20,¥4.40,¥4.30,元/千克(kg) ,山西太原丈子头农产品物流园（原城东利民）,查找
[2021-12-28],莴笋,¥2.30,¥3.40,¥2.85,元/千克(kg) ,红星实业集团有限公司红星农副产品大市场,查找
[2021-12-28],莴笋,¥2.40,¥3.20,¥2.80,元/千克(kg) ,江苏苏州南环桥农副产品批发市场,查找
[2021-12-28],莴笋,¥2.20,¥2.80,¥2.50,元/千克(kg) ,重庆双福国际农贸城,查找
[2021-12-28],莴笋,¥3.20,¥4.00,¥3.60,元/千克(kg) ,河北秦皇岛海阳农副产品批发市场,查找
[2021-12-28],莴笋,¥2.20,¥4.40,¥3.80,元/千克(kg) ,四川成都龙泉聚和(国际)果蔬菜交易中心,查找
[2021-12-28],莴笋,¥2.40,¥3.00,¥2.70,元/千克(kg) ,南昌深圳农产品中心批发市场有限公司,查找
[2021-12-28],莴笋,¥3.00,¥3.80,¥3.40,元/千克(kg) ,河南万邦国际农产品物流股份有限公司,查找
[2021-12-28],莴笋,¥1.30,¥2.00,¥1.70,元/千克(kg) ,云南通海金山蔬菜批发市场,查找
[2021-12-28],莴笋,¥0.00,¥0.00,¥3.00,元/千克(kg) ,绍兴市蔬菜果品批发交易市场有限公司,查找
[2021-12-28],莴笋,¥0.00,¥0.00,¥3.60,元/千克(kg) ,河南濮阳宏进农副产品批发市场有限公司...,查找
[2021-12-28],莴笋,¥5.00,¥5.00,¥5.00,元/千克(kg) ,辽宁鞍山宁远农产品批发市场,查找
[2021-12-28],莴笋,¥0.00,¥0.00,¥3.20,元/千克(kg) ,江西永丰县农产品批发中心市场,查找
[2021-12-28],莴笋,¥4.00,¥6.00,¥5.00,元/千克(kg) ,乌鲁木齐北园春（集团）有限责任公司北...,查找
[2021-12-28],莴笋,¥2.70,¥4.60,¥2.80,元/千克(kg) ,佛山中南农产品交易中心,查找
[2021-12-28],莴笋,¥3.60,¥4.00,¥3.80,元/千克(kg) ,三门峡金河农产品批发交易中心,查找
[2021-12-28],莴笋,¥3.00,¥3.20,¥3.00,元/千克(kg) ,甘肃武山县蔬菜事业管理局,查找
[2021-12-28],莴笋,¥3.60,¥4.00,¥3.60,元/千克(kg) ,张北县坝上蔬菜产业有限公司,查找
[2021-12-28],莴笋,¥0.00,¥0.00,¥2.20,元/千克(kg) ,绵阳市高水农副产品批发有限公司,查找
[2021-12-28],莴笋,¥3.00,¥4.00,¥3.40,元/千克(kg) ,北京京丰岳各庄农副产品批发市场,查找
[2021-12-28],西洋芹,¥5.00,¥6.00,¥5.20,元/千克(kg) ,甘肃酒泉春光农产品市场有限责任公司,查找
[2021-12-28],西洋芹,¥2.00,¥6.00,¥5.00,元/千克(kg) ,滕州市农副产品物流中心有限公司,查找
[2021-12-28],西洋芹,¥7.00,¥7.00,¥7.00,元/千克(kg) ,黑龙江鹤岗市万圃源蔬菜有限责任公司,查找
[2021-12-28],西洋芹,¥8.00,¥10.00,¥9.00,元/千克(kg) ,北京八里桥农产品中心批发市场有限公司,查找
[2021-12-28],西洋芹,¥2.80,¥4.60,¥3.70,元/千克(kg) ,湖北浠水农产品批发市场,查找
[2021-12-28],芹菜,¥2.40,¥3.20,¥2.80,元/千克(kg) ,河南商丘市农产品中心批发市场,查找
[2021-12-28],芹菜,¥2.20,¥2.80,¥2.60,元/千克(kg) ,新疆九鼎恒兴蔬菜经营管理有限公司,查找
[2021-12-28],芹菜,¥3.00,¥5.00,¥4.00,元/千克(kg) ,马鞍山市安民农副产品贸易有限公司,查找
[2021-12-28],芹菜,¥3.20,¥4.00,¥3.60,元/千克(kg) ,天津市红旗农贸综合批发市场有限公司,查找
[2021-12-28],芹菜,¥3.80,¥4.20,¥4.00,元/千克(kg) ,湖南长沙马王堆农产品股份有限公司,查找
[2021-12-28],芹菜,¥0.00,¥0.00,¥2.60,元/千克(kg) ,蚌埠海吉星农产品物流有限公司,查找
[2021-12-28],芹菜,¥5.40,¥7.00,¥6.20,元/千克(kg) ,湖北浠水农产品批发市场,查找
[2021-12-28],芹菜,¥4.60,¥5.00,¥4.80,元/千克(kg) ,湖南吉首市蔬菜果品批发大市场,查找
[2021-12-28],芹菜,¥3.20,¥4.40,¥3.80,元/千克(kg) ,江苏苏州南环桥农副产品批发市场,查找
[2021-12-28],芹菜,¥0.00,¥0.00,¥5.80,元/千克(kg) ,福建厦门同安闽南果蔬批发市场,查找
[2021-12-28],芹菜,¥3.80,¥4.00,¥3.80,元/千克(kg) ,江苏丰县农林局,查找
[2021-12-28],芹菜,¥2.80,¥3.20,¥3.00,元/千克(kg) ,北京新发地农副产品批发市场信息中心,查找
[2021-12-28],芹菜,¥0.00,¥0.00,¥4.00,元/千克(kg) ,孝义市绿海蔬菜批发销售有限公司,查找
[2021-12-28],芹菜,¥3.00,¥6.00,¥3.80,元/千克(kg) ,青岛抚顺路蔬菜副食品批发市场股份有限公司,查找
[2021-12-28],芹菜,¥5.00,¥5.40,¥5.20,元/千克(kg) ,陕西咸阳新阳光批发市场,查找
[2021-12-28],芹菜,¥3.20,¥3.60,¥3.40,元/千克(kg) ,两湖绿谷物流股份有限公司,查找
[2021-12-28],芹菜,¥3.00,¥3.00,¥3.00,元/千克(kg) ,晋城市绿盛农工商实业有限公司农副产品...,查找
[2021-12-28],芹菜,¥6.00,¥8.00,¥7.00,元/千克(kg) ,浙江嘉善曹安农产品批发有限公司,查找
[2021-12-28],芹菜,¥0.00,¥0.00,¥7.60,元/千克(kg) ,四川广安市邻水县农产品交易中心,查找
[2021-12-28],芹菜,¥4.00,¥5.00,¥4.30,元/千克(kg) ,四川南充川北农产品交易有限公司,查找
[2021-12-28],白萝卜,¥1.00,¥3.00,¥2.10,元/千克(kg) ,安徽六安市裕安区紫竹林农产品批发市场,查找
[2021-12-28],白萝卜,¥1.10,¥2.24,¥1.31,元/千克(kg) ,浙江嘉兴蔬菜批发交易市场,查找
[2021-12-28],白萝卜,¥0.00,¥0.00,¥2.00,元/千克(kg) ,安徽省淮北市中瑞农产品批发市场,查找
[2021-12-28],白萝卜,¥0.00,¥0.00,¥2.00,元/千克(kg) ,山东滨州(六街）鲁北蔬菜批发市场,查找
[2021-12-28],白萝卜,¥0.00,¥0.00,¥1.80,元/千克(kg) ,天津碧城农产品批发市场,查找
[2021-12-28],白萝卜,¥2.00,¥2.00,¥2.00,元/千克(kg) ,乐亭县冀东果菜批发市场,查找
[2021-12-28],白萝卜,¥0.66,¥1.50,¥1.06,元/千克(kg) ,中国寿光地利农产品物流园有限公司,查找
[2021-12-28],白萝卜,¥1.60,¥2.00,¥1.80,元/千克(kg) ,江苏联谊农副产品批发市场,查找
[2021-12-28],白萝卜,¥2.00,¥3.10,¥2.60,元/千克(kg) ,浙江宁波市蔬菜副食品批发交易市场,查找
[2021-12-28],白萝卜,¥2.60,¥3.00,¥2.80,元/千克(kg) ,山西省长治市紫坊农产品综合交易市场有...,查找
[2021-12-28],白萝卜,¥0.60,¥1.40,¥1.00,元/千克(kg) ,江苏凌家塘农副产品批发市场,查找
[2021-12-28],白萝卜,¥3.00,¥3.00,¥3.00,元/千克(kg) ,山东青岛黄河路农产品批发市场,查找
[2021-12-28],白萝卜,¥0.80,¥1.00,¥0.90,元/千克(kg) ,武汉白沙洲农副产品大市场有限公司,查找
[2021-12-28],白萝卜,¥0.00,¥0.00,¥1.50,元/千克(kg) ,山西临汾尧丰农副产品批发市场,查找
[2021-12-28],白萝卜,¥1.00,¥2.20,¥1.60,元/千克(kg) ,湖北鄂州市蟠龙蔬菜批发市场,查找
[2021-12-28],白萝卜,¥0.00,¥0.00,¥1.18,元/千克(kg) ,江苏无锡朝阳农产品大市场,查找
[2021-12-28],白萝卜,¥0.80,¥1.20,¥1.00,元/千克(kg) ,江西乐平市蔬菜批发大市场,查找
[2021-12-28],白萝卜,¥1.40,¥1.60,¥1.50,元/千克(kg) ,山西省太原市河西农产品有限公司,查找
[2021-12-28],白萝卜,¥0.00,¥0.00,¥2.40,元/千克(kg) ,内蒙赤峰西城市场,查找
[2021-12-28],白萝卜,¥0.00,¥0.00,¥2.50,元/千克(kg) ,四川雅安市汉源县九襄农产品批发市场,查找
[2021-12-28],白萝卜,¥0.00,¥0.00,¥2.00,元/千克(kg) ,山东淄博市鲁中蔬菜批发市场,查找
[2021-12-28],白萝卜,¥0.80,¥2.00,¥1.40,元/千克(kg) ,广州江南果菜批发市场经营管理有限公司,查找
[2021-12-28],白萝卜,¥1.60,¥2.00,¥1.80,元/千克(kg) ,吉林省辽源市仙城物流园区有限公司,查找
[2021-12-28],白萝卜,¥3.00,¥0.00,¥3.50,元/千克(kg) ,新疆兵团第五师三和农副产品综合批发市场,查找
[2021-12-28],白萝卜,¥3.00,¥3.00,¥3.00,元/千克(kg) ,新疆克拉玛依农副产品批发市场,查找
[2021-12-28],茴香,¥10.00,¥11.00,¥10.60,元/千克(kg) ,甘肃酒泉春光农产品市场有限责任公司,查找
[2021-12-28],茴香,¥8.00,¥8.00,¥8.00,元/千克(kg) ,内蒙包头市友谊蔬菜批发市场,查找
[2021-12-28],茴香,¥5.60,¥7.80,¥6.40,元/千克(kg) ,河北魏县天仙果菜批发交易市场,查找
[2021-12-28],茴香,¥0.00,¥0.00,¥7.00,元/千克(kg) ,内蒙赤峰西城市场,查找
[2021-12-28],茴香,¥0.00,¥0.00,¥11.00,元/千克(kg) ,山东淄博市鲁中蔬菜批发市场,查找
[2021-12-28],茴香,¥10.00,¥11.00,¥10.50,元/千克(kg) ,山西省长治市紫坊农产品综合交易市场有...,查找
[2021-12-28],茴香,¥6.00,¥10.00,¥7.60,元/千克(kg) ,天津市金钟蔬菜批发市场,查找
[2021-12-28],茴香,¥11.00,¥0.00,¥11.00,元/千克(kg) ,河北省怀来县京西果菜批发市场有限责任公司,查找
[2021-12-28],茴香,¥7.00,¥8.00,¥7.50,元/千克(kg) ,北京朝阳区大洋路综合市场,查找
[2021-12-28],茴香,¥6.00,¥8.00,¥7.00,元/千克(kg) ,天津武清大沙河批发市场,查找
[2021-12-28],茴香,¥5.00,¥8.00,¥6.50,元/千克(kg) ,天津韩家墅海吉星农产品物流有限公司,查找
[2021-12-28],茴香,¥8.60,¥9.00,¥8.80,元/千克(kg) ,石家庄桥西蔬菜中心批发市场有限公司,查找
[2021-12-28],茴香,¥6.00,¥8.00,¥7.00,元/千克(kg) ,北京八里桥农产品中心批发市场有限公司,查找
[2021-12-28],茴香,¥8.00,¥9.00,¥8.50,元/千克(kg) ,山西晋城绿欣农产品批发交易中心,查找
[2021-12-28],蒜苗,¥6.00,¥6.00,¥6.00,元/千克(kg) ,晋城市绿盛农工商实业有限公司农副产品...,查找
[2021-12-28],蒜苗,¥5.00,¥5.60,¥5.20,元/千克(kg) ,甘肃天水市瀛池果菜批发市场,查找
[2021-12-28],蒜苗,¥6.00,¥7.00,¥6.60,元/千克(kg) ,四川南充川北农产品交易有限公司,查找
[2021-12-28],蒜苗,¥7.00,¥9.00,¥8.00,元/千克(kg) ,北京京丰岳各庄农副产品批发市场,查找
[2021-12-28],蒜苗,¥9.00,¥10.00,¥9.50,元/千克(kg) ,江苏宜兴市瑞德蔬菜果品批发市场有限公司,查找
[2021-12-28],蒜苗,¥3.00,¥5.60,¥4.30,元/千克(kg) ,江苏苏州南环桥农副产品批发市场,查找
[2021-12-28],蒜苗,¥7.60,¥8.00,¥7.80,元/千克(kg) ,陕西咸阳新阳光批发市场,查找
[2021-12-28],蒜苗,¥4.00,¥4.80,¥4.40,元/千克(kg) ,两湖绿谷物流股份有限公司,查找
[2021-12-28],蒜苗,¥6.60,¥13.00,¥9.80,元/千克(kg) ,北京新发地农副产品批发市场信息中心,查找
[2021-12-28],蒜苗,¥0.00,¥0.00,¥7.00,元/千克(kg) ,天津碧城农产品批发市场,查找
[2021-12-28],蒜苗,¥7.00,¥7.00,¥7.00,元/千克(kg) ,乐亭县冀东果菜批发市场,查找
[2021-12-28],茼蒿,¥3.60,¥4.40,¥4.00,元/千克(kg) ,湖北鄂州市蟠龙蔬菜批发市场,查找
[2021-12-28],茼蒿,¥4.50,¥6.50,¥5.50,元/千克(kg) ,乌鲁木齐北园春（集团）有限责任公司北...,查找
[2021-12-28],茼蒿,¥5.00,¥8.00,¥6.50,元/千克(kg) ,新疆克拉玛依农副产品批发市场,查找
[2021-12-28],茼蒿,¥5.00,¥6.00,¥5.50,元/千克(kg) ,山西省长治市紫坊农产品综合交易市场有...,查找
[2021-12-28],茼蒿,¥2.00,¥5.00,¥4.00,元/千克(kg) ,江苏凌家塘农副产品批发市场,查找
[2021-12-28],茼蒿,¥5.00,¥5.00,¥5.00,元/千克(kg) ,山东青岛黄河路农产品批发市场,查找
[2021-12-28],茼蒿,¥3.60,¥5.40,¥4.20,元/千克(kg) ,河北魏县天仙果菜批发交易市场,查找
[2021-12-28],茼蒿,¥4.00,¥4.00,¥4.00,元/千克(kg) ,内蒙包头市友谊蔬菜批发市场,查找
[2021-12-28],茼蒿,¥0.00,¥0.00,¥5.20,元/千克(kg) ,内蒙赤峰西城市场,查找
[2021-12-28],茼蒿,¥0.00,¥0.00,¥5.60,元/千克(kg) ,山东淄博市鲁中蔬菜批发市场,查找
[2021-12-28],茼蒿,¥4.00,¥5.40,¥4.80,元/千克(kg) ,山东德州黑马农贸水产批发市场,查找
[2021-12-28],茼蒿,¥3.40,¥3.80,¥3.79,元/千克(kg) ,中国寿光地利农产品物流园有限公司,查找
[2021-12-28],茼蒿,¥5.00,¥6.60,¥5.50,元/千克(kg) ,甘肃酒泉春光农产品市场有限责任公司,查找
[2021-12-28],茼蒿,¥10.00,¥0.00,¥15.00,元/千克(kg) ,新疆兵团第五师三和农副产品综合批发市场,查找
[2021-12-28],茼蒿,¥5.00,¥13.00,¥5.50,元/千克(kg) ,滕州市农副产品物流中心有限公司,查找
[2021-12-28],茼蒿,¥3.00,¥4.00,¥3.60,元/千克(kg) ,江苏联谊农副产品批发市场,查找
[2021-12-28],茼蒿,¥2.00,¥6.00,¥3.50,元/千克(kg) ,安徽六安市裕安区紫竹林农产品批发市场,查找
[2021-12-28],茼蒿,¥4.90,¥6.24,¥5.57,元/千克(kg) ,浙江嘉兴蔬菜批发交易市场,查找
[2021-12-28],茼蒿,¥0.00,¥0.00,¥3.00,元/千克(kg) ,天津碧城农产品批发市场,查找
[2021-12-28],茼蒿,¥4.00,¥4.00,¥4.00,元/千克(kg) ,乐亭县冀东果菜批发市场,查找
[2021-12-28],茼蒿,¥5.60,¥6.00,¥5.80,元/千克(kg) ,石家庄桥西蔬菜中心批发市场有限公司,查找
[2021-12-28],茼蒿,¥7.00,¥8.00,¥7.50,元/千克(kg) ,北京八里桥农产品中心批发市场有限公司,查找
[2021-12-28],茼蒿,¥3.00,¥4.00,¥3.50,元/千克(kg) ,徐州农副产品中心批发市场,查找
[2021-12-28],茼蒿,¥8.60,¥9.00,¥8.80,元/千克(kg) ,山西晋城绿欣农产品批发交易中心,查找
[2021-12-28],茼蒿,¥7.00,¥8.00,¥7.50,元/千克(kg) ,北京朝阳区大洋路综合市场,查找
[2021-12-28],生菜,¥0.00,¥0.00,¥2.60,元/千克(kg) ,山西汾阳市晋阳农副产品批发市场,查找
[2021-12-28],生菜,¥2.20,¥2.50,¥2.30,元/千克(kg) ,遵义金土地绿色产品交易有限公司,查找
[2021-12-28],生菜,¥2.00,¥8.36,¥5.90,元/千克(kg) ,福建省福州市海峡蔬菜批发市场,查找
[2021-12-28],生菜,¥5.00,¥8.00,¥8.00,元/千克(kg) ,黑龙江鹤岗市万圃源蔬菜有限责任公司,查找
[2021-12-28],生菜,¥5.00,¥6.60,¥6.00,元/千克(kg) ,天津市金钟蔬菜批发市场,查找
[2021-12-28],生菜,¥4.00,¥5.00,¥4.50,元/千克(kg) ,辽宁朝阳市果菜批发市场,查找
[2021-12-28],生菜,¥0.00,¥0.00,¥5.00,元/千克(kg) ,蚌埠海吉星农产品物流有限公司,查找
[2021-12-28],生菜,¥4.00,¥4.40,¥4.20,元/千克(kg) ,两湖绿谷物流股份有限公司,查找
[2021-12-28],生菜,¥6.00,¥6.00,¥6.00,元/千克(kg) ,江苏丰县农林局,查找
[2021-12-28],生菜,¥4.00,¥5.60,¥4.80,元/千克(kg) ,北京新发地农副产品批发市场信息中心,查找
[2021-12-28],生菜,¥0.00,¥0.00,¥2.60,元/千克(kg) ,福建厦门同安闽南果蔬批发市场,查找
[2021-12-28],生菜,¥3.00,¥3.20,¥3.10,元/千克(kg) ,山西太原丈子头农产品物流园（原城东利民）,查找
[2021-12-28],生菜,¥2.60,¥3.40,¥3.00,元/千克(kg) ,江苏苏州南环桥农副产品批发市场,查找
[2021-12-28],生菜,¥4.00,¥4.40,¥4.20,元/千克(kg) ,湖南吉首市蔬菜果品批发大市场,查找
[2021-12-28],生菜,¥3.90,¥4.60,¥4.20,元/千克(kg) ,河南商丘市农产品中心批发市场,查找
[2021-12-28],生菜,¥2.40,¥3.00,¥2.70,元/千克(kg) ,重庆双福国际农贸城,查找
[2021-12-28],生菜,¥5.00,¥6.00,¥5.50,元/千克(kg) ,陕西咸阳新阳光批发市场,查找
[2021-12-28],生菜,¥5.60,¥6.60,¥6.00,元/千克(kg) ,天津市红旗农贸综合批发市场有限公司,查找
[2021-12-28],生菜,¥3.00,¥4.00,¥3.50,元/千克(kg) ,新疆九鼎恒兴蔬菜经营管理有限公司,查找
[2021-12-28],生菜,¥3.00,¥4.00,¥3.00,元/千克(kg) ,新疆乌鲁木齐凌庆蔬菜果品有限公司,查找
[2021-12-28],生菜,¥6.60,¥7.00,¥6.60,元/千克(kg) ,张北县坝上蔬菜产业有限公司,查找
[2021-12-28],生菜,¥4.00,¥7.20,¥5.60,元/千克(kg) ,河北秦皇岛海阳农副产品批发市场,查找
[2021-12-28],生菜,¥0.00,¥0.00,¥7.00,元/千克(kg) ,四川广安市邻水县农产品交易中心,查找
[2021-12-28],生菜,¥4.60,¥5.40,¥4.90,元/千克(kg) ,四川南充川北农产品交易有限公司,查找
[2021-12-28],生菜,¥5.00,¥6.00,¥5.60,元/千克(kg) ,甘肃天水市瀛池果菜批发市场,查找
[2021-12-28],蒜苗,¥6.40,¥8.00,¥7.00,元/千克(kg) ,山东德州黑马农贸水产批发市场,查找
[2021-12-28],蒜苗,¥7.00,¥9.00,¥8.00,元/千克(kg) ,甘肃酒泉春光农产品市场有限责任公司,查找
[2021-12-28],蒜苗,¥6.00,¥10.00,¥8.20,元/千克(kg) ,滕州市农副产品物流中心有限公司,查找
[2021-12-28],蒜苗,¥6.00,¥10.00,¥8.00,元/千克(kg) ,北京顺鑫石门农副产品批发市场,查找
[2021-12-28],蒜苗,¥5.00,¥6.00,¥5.40,元/千克(kg) ,河北魏县天仙果菜批发交易市场,查找
[2021-12-28],蒜苗,¥9.00,¥0.00,¥10.00,元/千克(kg) ,新疆兵团第五师三和农副产品综合批发市场,查找
[2021-12-28],蒜苗,¥6.50,¥9.00,¥7.75,元/千克(kg) ,新疆克拉玛依农副产品批发市场,查找
[2021-12-28],蒜苗,¥0.00,¥0.00,¥7.00,元/千克(kg) ,四川雅安市汉源县九襄农产品批发市场,查找
[2021-12-28],蒜苗,¥3.60,¥12.00,¥7.00,元/千克(kg) ,江苏凌家塘农副产品批发市场,查找
[2021-12-28],蒜苗,¥6.60,¥7.00,¥6.80,元/千克(kg) ,江西乐平市蔬菜批发大市场,查找
[2021-12-28],蒜苗,¥5.40,¥6.00,¥5.70,元/千克(kg) ,山西省长治市紫坊农产品综合交易市场有...,查找
[2021-12-28],蒜苗,¥4.00,¥5.00,¥5.00,元/千克(kg) ,湖北鄂州市蟠龙蔬菜批发市场,查找
[2021-12-28],蒜苗,¥6.00,¥7.00,¥6.40,元/千克(kg) ,成都市农产品中心批发市场,查找
[2021-12-28],蒜苗,¥6.50,¥9.00,¥7.75,元/千克(kg) ,武汉白沙洲农副产品大市场有限公司,查找
[2021-12-28],蒜苗,¥7.50,¥9.50,¥8.50,元/千克(kg) ,乌鲁木齐北园春（集团）有限责任公司北...,查找
[2021-12-28],蒜苗,¥0.00,¥0.00,¥10.00,元/千克(kg) ,绍兴市蔬菜果品批发交易市场有限公司,查找
[2021-12-28],蒜苗,¥6.00,¥6.80,¥6.40,元/千克(kg) ,三门峡金河农产品批发交易中心,查找
[2021-12-28],蒜苗,¥6.00,¥7.00,¥6.50,元/千克(kg) ,辽宁朝阳市果菜批发市场,查找
[2021-12-28],蒜苗,¥10.00,¥10.00,¥10.00,元/千克(kg) ,黑龙江鹤岗市万圃源蔬菜有限责任公司,查找
[2021-12-28],蒜苗,¥7.60,¥13.80,¥10.80,元/千克(kg) ,北京八里桥农产品中心批发市场有限公司,查找
[2021-12-28],蒜苗,¥7.50,¥8.50,¥8.00,元/千克(kg) ,北京朝阳区大洋路综合市场,查找
[2021-12-28],蒜苗,¥5.00,¥7.00,¥6.00,元/千克(kg) ,石家庄桥西蔬菜中心批发市场有限公司,查找
[2021-12-28],蒜苗,¥0.00,¥0.00,¥4.00,元/千克(kg) ,浙江金华农产品批发市场,查找
[2021-12-28],蒜苗,¥11.00,¥15.00,¥13.00,元/千克(kg) ,上海农产品中心批发市场经营管理有限公司,查找
[2021-12-28],蒜苗,¥6.60,¥9.00,¥7.77,元/千克(kg) ,中国寿光地利农产品物流园有限公司,查找
[2021-12-28],菠菜,¥0.00,¥0.00,¥5.00,元/千克(kg) ,山东淄博市鲁中蔬菜批发市场,查找
[2021-12-28],菠菜,¥5.00,¥6.00,¥5.50,元/千克(kg) ,北京顺鑫石门农副产品批发市场,查找
[2021-12-28],菠菜,¥7.00,¥8.00,¥7.50,元/千克(kg) ,新疆克拉玛依农副产品批发市场,查找
[2021-12-28],菠菜,¥7.00,¥7.00,¥7.00,元/千克(kg) ,内蒙包头市友谊蔬菜批发市场,查找
[2021-12-28],菠菜,¥6.00,¥8.00,¥7.00,元/千克(kg) ,大连双兴商品城有限公司,查找
[2021-12-28],菠菜,¥2.80,¥7.60,¥6.00,元/千克(kg) ,广州江南果菜批发市场经营管理有限公司,查找
[2021-12-28],菠菜,¥6.20,¥7.00,¥6.60,元/千克(kg) ,甘肃酒泉春光农产品市场有限责任公司,查找
[2021-12-28],菠菜,¥5.00,¥7.00,¥5.60,元/千克(kg) ,吉林省辽源市仙城物流园区有限公司,查找
[2021-12-28],菠菜,¥0.00,¥0.00,¥8.20,元/千克(kg) ,内蒙赤峰西城市场,查找
[2021-12-28],菠菜,¥2.60,¥4.00,¥3.00,元/千克(kg) ,山东德州黑马农贸水产批发市场,查找
[2021-12-28],菠菜,¥3.60,¥5.80,¥4.32,元/千克(kg) ,中国寿光地利农产品物流园有限公司,查找
[2021-12-28],菠菜,¥3.60,¥9.00,¥6.00,元/千克(kg) ,青岛市城阳蔬菜水产品批发市场有限公司,查找
[2021-12-28],菠菜,¥0.00,¥0.00,¥4.60,元/千克(kg) ,天津碧城农产品批发市场,查找
[2021-12-28],菠菜,¥5.00,¥6.00,¥6.00,元/千克(kg) ,天津何庄子鲜活农产品中心批发市场,查找
[2021-12-28],菠菜,¥2.50,¥3.60,¥3.00,元/千克(kg) ,滕州市农副产品物流中心有限公司,查找
[2021-12-28],菠菜,¥5.00,¥5.00,¥5.00,元/千克(kg) ,广西新柳邕农产品批发市场有限公司,查找
[2021-12-28],菠菜,¥0.00,¥0.00,¥5.00,元/千克(kg) ,山东滨州(六街）鲁北蔬菜批发市场,查找
[2021-12-28],菠菜,¥6.63,¥9.17,¥7.90,元/千克(kg) ,浙江嘉兴蔬菜批发交易市场,查找
[2021-12-28],菠菜,¥4.00,¥4.40,¥4.20,元/千克(kg) ,山西晋城绿欣农产品批发交易中心,查找
[2021-12-28],菠菜,¥4.00,¥6.00,¥5.00,元/千克(kg) ,江苏联谊农副产品批发市场,查找
[2021-12-28],菠菜,¥0.00,¥0.00,¥4.80,元/千克(kg) ,安徽省淮北市中瑞农产品批发市场,查找
[2021-12-28],菠菜,¥2.70,¥4.50,¥4.00,元/千克(kg) ,乐亭县冀东果菜批发市场,查找
[2021-12-28],菠菜,¥5.00,¥6.00,¥5.50,元/千克(kg) ,武汉白沙洲农副产品大市场有限公司,查找
[2021-12-28],菠菜,¥5.00,¥5.60,¥5.30,元/千克(kg) ,石家庄桥西蔬菜中心批发市场有限公司,查找
[2021-12-28],菠菜,¥0.00,¥0.00,¥7.80,元/千克(kg) ,新疆绿珠九鼎农产品经营管理有限公司,查找
[2021-12-28],红萝卜,¥1.00,¥1.00,¥1.00,元/千克(kg) ,乐亭县冀东果菜批发市场,查找
[2021-12-28],红萝卜,¥3.00,¥4.00,¥3.20,元/千克(kg) ,湖北鄂州市蟠龙蔬菜批发市场,查找
[2021-12-28],红萝卜,¥1.60,¥2.40,¥2.00,元/千克(kg) ,江苏凌家塘农副产品批发市场,查找
[2021-12-28],红萝卜,¥1.80,¥2.60,¥1.90,元/千克(kg) ,河北魏县天仙果菜批发交易市场,查找
[2021-12-28],红萝卜,¥2.40,¥3.00,¥2.70,元/千克(kg) ,山西省太原市河西农产品有限公司,查找
[2021-12-28],红萝卜,¥0.00,¥0.00,¥1.80,元/千克(kg) ,绵阳市高水农副产品批发有限公司,查找
[2021-12-28],红萝卜,¥1.00,¥2.00,¥1.75,元/千克(kg) ,安徽亳州农产品有限责任公司,查找
[2021-12-28],红萝卜,¥1.60,¥1.60,¥1.60,元/千克(kg) ,辽宁鞍山宁远农产品批发市场,查找
[2021-12-28],红萝卜,¥0.00,¥0.00,¥3.20,元/千克(kg) ,呼和浩特市美通首府无公害农产品批发市场,查找
[2021-12-28],红萝卜,¥2.60,¥3.60,¥3.00,元/千克(kg) ,三门峡金河农产品批发交易中心,查找
[2021-12-28],红萝卜,¥3.80,¥5.00,¥4.60,元/千克(kg) ,福建福鼎闽浙边界农贸中心市场,查找
[2021-12-28],红萝卜,¥2.00,¥2.40,¥2.20,元/千克(kg) ,徐州农副产品中心批发市场,查找
[2021-12-28],红萝卜,¥3.80,¥4.20,¥4.00,元/千克(kg) ,上海农产品中心批发市场经营管理有限公司,查找
[2021-12-28],红萝卜,¥2.30,¥4.30,¥3.30,元/千克(kg) ,广东汕头农副产品批发中心市场,查找
[2021-12-28],红萝卜,¥1.40,¥1.80,¥1.60,元/千克(kg) ,黑龙江鹤岗市万圃源蔬菜有限责任公司,查找
[2021-12-28],红萝卜,¥1.80,¥2.00,¥1.90,元/千克(kg) ,河南万邦国际农产品物流股份有限公司,查找
[2021-12-28],红萝卜,¥1.00,¥2.50,¥1.50,元/千克(kg) ,滕州市农副产品物流中心有限公司,查找
[2021-12-28],萝卜,¥0.00,¥0.00,¥4.30,元/千克(kg) ,天津碧城农产品批发市场,查找
[2021-12-28],萝卜,¥1.70,¥2.00,¥1.80,元/千克(kg) ,遵义金土地绿色产品交易有限公司,查找
[2021-12-28],萝卜,¥1.60,¥3.20,¥2.80,元/千克(kg) ,山东青岛莱西市东庄头蔬菜批发市场服务...,查找
[2021-12-28],萝卜,¥3.20,¥5.00,¥4.10,元/千克(kg) ,天津武清大沙河批发市场,查找
[2021-12-28],萝卜,¥2.20,¥2.80,¥2.40,元/千克(kg) ,甘肃酒泉春光农产品市场有限责任公司,查找
[2021-12-28],萝卜,¥2.60,¥3.00,¥3.00,元/千克(kg) ,山东威海市农副产品批发市场,查找
[2021-12-28],萝卜,¥3.00,¥0.00,¥4.00,元/千克(kg) ,新疆兵团第五师三和农副产品综合批发市场,查找
[2021-12-28],萝卜,¥1.50,¥1.50,¥1.50,元/千克(kg) ,新疆克拉玛依农副产品批发市场,查找
[2021-12-28],绿豆芽,¥2.40,¥3.20,¥2.80,元/千克(kg) ,湖北浠水农产品批发市场,查找
[2021-12-28],绿豆芽,¥0.00,¥0.00,¥2.00,元/千克(kg) ,福建厦门同安闽南果蔬批发市场,查找
[2021-12-28],冬笋,¥0.00,¥0.00,¥19.00,元/千克(kg) ,绍兴市蔬菜果品批发交易市场有限公司,查找
[2021-12-28],冬笋,¥17.00,¥26.00,¥21.50,元/千克(kg) ,浙江嘉兴蔬菜批发交易市场,查找
[2021-12-28],冬笋,¥16.00,¥30.00,¥24.00,元/千克(kg) ,江苏凌家塘农副产品批发市场,查找
[2021-12-28],冬笋,¥6.00,¥7.00,¥6.50,元/千克(kg) ,北京朝阳区大洋路综合市场,查找
[2021-12-28],冬笋,¥32.00,¥36.00,¥34.00,元/千克(kg) ,呼和浩特市东瓦窑农副产品批发市场有限...,查找
[2021-12-28],冬笋,¥20.00,¥32.00,¥26.00,元/千克(kg) ,江苏苏州南环桥农副产品批发市场,查找
[2021-12-28],冬笋,¥21.00,¥23.00,¥22.00,元/千克(kg) ,江苏宜兴市瑞德蔬菜果品批发市场有限公司,查找
[2021-12-28],竹笋,¥18.00,¥37.00,¥27.50,元/千克(kg) ,浙江嘉兴蔬菜批发交易市场,查找
[2021-12-28],竹笋,¥14.00,¥28.00,¥20.00,元/千克(kg) ,江苏凌家塘农副产品批发市场,查找
[2021-12-28],竹笋,¥10.00,¥10.00,¥10.00,元/千克(kg) ,辽宁鞍山宁远农产品批发市场,查找
[2021-12-28],竹笋,¥20.00,¥26.00,¥23.00,元/千克(kg) ,江苏苏州南环桥农副产品批发市场,查找
[2021-12-28],儿菜,¥4.20,¥6.00,¥5.00,元/千克(kg) ,四川南充川北农产品交易有限公司,查找
[2021-12-28],儿菜,¥1.80,¥3.24,¥2.22,元/千克(kg) ,浙江嘉兴蔬菜批发交易市场,查找
[2021-12-28],蒜薹,¥6.00,¥7.00,¥6.50,元/千克(kg) ,石家庄桥西蔬菜中心批发市场有限公司,查找
[2021-12-28],蒜薹,¥5.00,¥9.00,¥7.00,元/千克(kg) ,山东青岛黄河路农产品批发市场,查找
[2021-12-28],蒜薹,¥13.40,¥14.00,¥13.80,元/千克(kg) ,呼和浩特市东瓦窑农副产品批发市场有限...,查找
[2021-12-28],蒜薹,¥7.00,¥8.00,¥7.40,元/千克(kg) ,山西新绛县蔬菜批发市场,查找
[2021-12-28],蒜薹,¥3.60,¥12.00,¥7.00,元/千克(kg) ,江苏凌家塘农副产品批发市场,查找
[2021-12-28],蒜薹,¥6.50,¥13.50,¥10.00,元/千克(kg) ,武汉白沙洲农副产品大市场有限公司,查找
[2021-12-28],蒜薹,¥0.00,¥0.00,¥8.80,元/千克(kg) ,山西临汾尧丰农副产品批发市场,查找
[2021-12-28],蒜薹,¥7.20,¥7.60,¥7.40,元/千克(kg) ,山西省长治市紫坊农产品综合交易市场有...,查找
[2021-12-28],蒜薹,¥7.00,¥7.40,¥7.00,元/千克(kg) ,甘肃武山县蔬菜事业管理局,查找
[2021-12-28],蒜薹,¥8.00,¥10.20,¥9.20,元/千克(kg) ,四川成都龙泉聚和(国际)果蔬菜交易中心,查找
[2021-12-28],小白菜,¥2.20,¥2.80,¥2.50,元/千克(kg) ,天津武清大沙河批发市场,查找
[2021-12-28],小白菜,¥0.00,¥0.00,¥4.50,元/千克(kg) ,新疆绿珠九鼎农产品经营管理有限公司,查找
[2021-12-28],小白菜,¥3.00,¥4.00,¥3.50,元/千克(kg) ,北京朝阳区大洋路综合市场,查找
[2021-12-28],小白菜,¥6.00,¥6.00,¥6.00,元/千克(kg) ,黑龙江鹤岗市万圃源蔬菜有限责任公司,查找
[2021-12-28],小白菜,¥2.20,¥4.00,¥3.00,元/千克(kg) ,天津市金钟蔬菜批发市场,查找
[2021-12-28],小白菜,¥3.00,¥4.00,¥3.50,元/千克(kg) ,辽宁朝阳市果菜批发市场,查找
[2021-12-28],油菜,¥3.00,¥4.00,¥3.50,元/千克(kg) ,山东青岛黄河路农产品批发市场,查找
[2021-12-28],油菜,¥1.60,¥4.20,¥2.40,元/千克(kg) ,上海市江桥批发市场经营管理有限公司,查找
[2021-12-28],油菜,¥0.00,¥0.00,¥2.00,元/千克(kg) ,河南濮阳宏进农副产品批发市场有限公司...,查找
[2021-12-28],油菜,¥3.00,¥3.60,¥3.20,元/千克(kg) ,呼和浩特市东瓦窑农副产品批发市场有限...,查找
[2021-12-28],油菜,¥5.00,¥7.00,¥6.20,元/千克(kg) ,四川成都龙泉聚和(国际)果蔬菜交易中心,查找
[2021-12-28],油菜,¥1.60,¥2.00,¥2.00,元/千克(kg) ,河北魏县天仙果菜批发交易市场,查找
[2021-12-28],油菜,¥2.60,¥3.00,¥2.80,元/千克(kg) ,山西省太原市河西农产品有限公司,查找
[2021-12-28],油菜,¥0.00,¥0.00,¥2.00,元/千克(kg) ,山西临汾尧丰农副产品批发市场,查找
[2021-12-28],油菜,¥0.00,¥0.00,¥1.66,元/千克(kg) ,江苏无锡朝阳农产品大市场,查找
[2021-12-28],油菜,¥0.00,¥0.00,¥3.00,元/千克(kg) ,山东淄博市鲁中蔬菜批发市场,查找
[2021-12-28],油菜,¥2.40,¥3.00,¥2.70,元/千克(kg) ,北京顺鑫石门农副产品批发市场,查找
[2021-12-28],油菜,¥2.60,¥3.00,¥3.00,元/千克(kg) ,山东威海市农副产品批发市场,查找
[2021-12-28],油菜,¥5.00,¥5.00,¥5.00,元/千克(kg) ,内蒙包头市友谊蔬菜批发市场,查找
[2021-12-28],油菜,¥3.00,¥4.00,¥3.50,元/千克(kg) ,大连双兴商品城有限公司,查找
[2021-12-28],油菜,¥1.30,¥5.00,¥2.90,元/千克(kg) ,广州江南果菜批发市场经营管理有限公司,查找
[2021-12-28],油菜,¥4.00,¥5.00,¥4.40,元/千克(kg) ,甘肃酒泉春光农产品市场有限责任公司,查找
[2021-12-28],油菜,¥0.00,¥0.00,¥5.00,元/千克(kg) ,内蒙赤峰西城市场,查找
[2021-12-28],油菜,¥1.40,¥3.00,¥2.20,元/千克(kg) ,滕州市农副产品物流中心有限公司,查找
[2021-12-28],油菜,¥2.00,¥3.00,¥2.40,元/千克(kg) ,山东德州黑马农贸水产批发市场,查找
[2021-12-28],油菜,¥2.60,¥3.60,¥3.00,元/千克(kg) ,天津市金钟蔬菜批发市场,查找
[2021-12-28],油菜,¥4.00,¥5.00,¥4.50,元/千克(kg) ,辽宁朝阳市果菜批发市场,查找
[2021-12-28],油菜,¥2.60,¥0.00,¥2.60,元/千克(kg) ,河北省怀来县京西果菜批发市场有限责任公司,查找
[2021-12-28],油菜,¥4.00,¥5.00,¥4.50,元/千克(kg) ,湖南长沙马王堆农产品股份有限公司,查找
[2021-12-28],油菜,¥2.00,¥2.40,¥2.20,元/千克(kg) ,北京新发地农副产品批发市场信息中心,查找
[2021-12-28],油菜,¥0.00,¥0.00,¥3.00,元/千克(kg) ,孝义市绿海蔬菜批发销售有限公司,查找
[2021-12-28],油菜,¥3.00,¥6.00,¥3.60,元/千克(kg) ,青岛抚顺路蔬菜副食品批发市场股份有限公司,查找
[2021-12-28],油菜,¥2.20,¥2.60,¥2.40,元/千克(kg) ,两湖绿谷物流股份有限公司,查找
[2021-12-28],油菜,¥3.00,¥4.00,¥3.60,元/千克(kg) ,江苏丰县农林局,查找
[2021-12-28],油菜,¥0.00,¥0.00,¥2.80,元/千克(kg) ,福建厦门同安闽南果蔬批发市场,查找
[2021-12-28],油菜,¥1.60,¥2.60,¥2.10,元/千克(kg) ,江苏苏州南环桥农副产品批发市场,查找
[2021-12-28],油菜,¥2.40,¥3.00,¥2.70,元/千克(kg) ,重庆双福国际农贸城,查找
[2021-12-28],油菜,¥3.20,¥4.00,¥3.60,元/千克(kg) ,天津市红旗农贸综合批发市场有限公司,查找
[2021-12-28],油菜,¥3.00,¥4.00,¥3.50,元/千克(kg) ,新疆九鼎恒兴蔬菜经营管理有限公司,查找
[2021-12-28],油菜,¥2.80,¥3.00,¥2.90,元/千克(kg) ,山西太原丈子头农产品物流园（原城东利民）,查找
[2021-12-28],油菜,¥3.50,¥4.00,¥3.50,元/千克(kg) ,新疆乌鲁木齐凌庆蔬菜果品有限公司,查找
[2021-12-28],油菜,¥3.60,¥4.00,¥3.60,元/千克(kg) ,张北县坝上蔬菜产业有限公司,查找
[2021-12-28],油菜,¥4.00,¥5.60,¥4.80,元/千克(kg) ,河北秦皇岛海阳农副产品批发市场,查找
[2021-12-28],油菜,¥2.00,¥2.40,¥2.20,元/千克(kg) ,江苏宜兴市瑞德蔬菜果品批发市场有限公司,查找
[2021-12-28],油菜,¥0.00,¥0.00,¥5.00,元/千克(kg) ,四川广安市邻水县农产品交易中心,查找
[2021-12-28],油菜,¥5.00,¥7.00,¥6.00,元/千克(kg) ,甘肃天水市瀛池果菜批发市场,查找
[2021-12-28],油菜,¥3.20,¥3.40,¥3.20,元/千克(kg) ,甘肃武山县蔬菜事业管理局,查找
[2021-12-28],油菜,¥0.00,¥0.00,¥3.40,元/千克(kg) ,呼和浩特市美通首府无公害农产品批发市场,查找
[2021-12-28],油菜,¥3.00,¥4.20,¥3.10,元/千克(kg) ,佛山中南农产品交易中心,查找
[2021-12-28],油菜,¥2.20,¥3.60,¥2.60,元/千克(kg) ,北京京丰岳各庄农副产品批发市场,查找
[2021-12-28],洋白菜,¥1.60,¥2.60,¥2.10,元/千克(kg) ,广西新柳邕农产品批发市场有限公司,查找
[2021-12-28],洋白菜,¥2.20,¥2.80,¥2.40,元/千克(kg) ,乐亭县冀东果菜批发市场,查找
[2021-12-28],洋白菜,¥2.40,¥2.80,¥2.60,元/千克(kg) ,山西晋城绿欣农产品批发交易中心,查找
[2021-12-28],洋白菜,¥0.00,¥0.00,¥4.40,元/千克(kg) ,山东滨州(六街）鲁北蔬菜批发市场,查找
[2021-12-28],洋白菜,¥1.80,¥2.50,¥2.05,元/千克(kg) ,浙江嘉兴蔬菜批发交易市场,查找
[2021-12-28],洋白菜,¥3.80,¥4.20,¥4.00,元/千克(kg) ,新疆克拉玛依农副产品批发市场,查找
[2021-12-28],洋白菜,¥2.60,¥4.00,¥3.30,元/千克(kg) ,北京八里桥农产品中心批发市场有限公司,查找
[2021-12-28],洋白菜,¥3.00,¥4.20,¥3.40,元/千克(kg) ,福建福鼎闽浙边界农贸中心市场,查找
[2021-12-28],洋白菜,¥1.80,¥2.00,¥1.90,元/千克(kg) ,上海农产品中心批发市场经营管理有限公司,查找
[2021-12-28],洋白菜,¥2.00,¥4.20,¥3.10,元/千克(kg) ,徐州农副产品中心批发市场,查找
[2021-12-28],洋白菜,¥2.00,¥2.20,¥2.10,元/千克(kg) ,青藏高原农副产品集散中心,查找
[2021-12-28],洋白菜,¥2.60,¥0.00,¥2.60,元/千克(kg) ,河北省怀来县京西果菜批发市场有限责任公司,查找
[2021-12-28],洋白菜,¥1.90,¥2.40,¥2.15,元/千克(kg) ,广东汕头农副产品批发中心市场,查找
[2021-12-28],洋白菜,¥2.60,¥4.60,¥3.60,元/千克(kg) ,天津韩家墅海吉星农产品物流有限公司,查找
[2021-12-28],洋白菜,¥1.00,¥2.20,¥1.60,元/千克(kg) ,山东青岛莱西市东庄头蔬菜批发市场服务...,查找
[2021-12-28],洋白菜,¥2.60,¥4.00,¥3.30,元/千克(kg) ,天津武清大沙河批发市场,查找
[2021-12-28],洋白菜,¥0.60,¥4.00,¥1.25,元/千克(kg) ,福建省福州市海峡蔬菜批发市场,查找
[2021-12-28],洋白菜,¥2.60,¥3.60,¥3.10,元/千克(kg) ,北京朝阳区大洋路综合市场,查找
[2021-12-28],洋白菜,¥2.00,¥2.60,¥2.30,元/千克(kg) ,安徽合肥周谷堆农产品批发市场,查找
[2021-12-28],洋白菜,¥3.00,¥3.60,¥3.30,元/千克(kg) ,辽宁朝阳市果菜批发市场,查找
[2021-12-28],洋白菜,¥2.60,¥3.40,¥2.80,元/千克(kg) ,天津市红旗农贸综合批发市场有限公司,查找
[2021-12-28],洋白菜,¥4.20,¥5.80,¥5.00,元/千克(kg) ,湖北浠水农产品批发市场,查找
[2021-12-28],洋白菜,¥3.60,¥4.40,¥4.00,元/千克(kg) ,北京新发地农副产品批发市场信息中心,查找
[2021-12-28],洋白菜,¥0.00,¥0.00,¥3.60,元/千克(kg) ,孝义市绿海蔬菜批发销售有限公司,查找
[2021-12-28],洋白菜,¥4.00,¥6.00,¥4.00,元/千克(kg) ,青岛抚顺路蔬菜副食品批发市场股份有限公司,查找
[2021-12-28],大白菜,¥1.70,¥2.00,¥1.85,元/千克(kg) ,青藏高原农副产品集散中心,查找
[2021-12-28],大白菜,¥2.00,¥2.80,¥2.40,元/千克(kg) ,广东汕头农副产品批发中心市场,查找
[2021-12-28],大白菜,¥2.00,¥2.20,¥2.10,元/千克(kg) ,天津韩家墅海吉星农产品物流有限公司,查找
[2021-12-28],大白菜,¥1.40,¥1.80,¥1.60,元/千克(kg) ,阜阳农产品中心批发市场,查找
[2021-12-28],大白菜,¥0.80,¥1.60,¥1.20,元/千克(kg) ,山东青岛莱西市东庄头蔬菜批发市场服务...,查找
[2021-12-28],大白菜,¥1.20,¥2.00,¥1.60,元/千克(kg) ,天津武清大沙河批发市场,查找
[2021-12-28],大白菜,¥1.50,¥2.70,¥2.10,元/千克(kg) ,浙江宁波市蔬菜副食品批发交易市场,查找
[2021-12-28],大白菜,¥0.00,¥0.00,¥1.80,元/千克(kg) ,山西汾阳市晋阳农副产品批发市场,查找
[2021-12-28],大白菜,¥1.80,¥2.00,¥1.90,元/千克(kg) ,遵义金土地绿色产品交易有限公司,查找
[2021-12-28],大白菜,¥0.60,¥4.36,¥1.40,元/千克(kg) ,福建省福州市海峡蔬菜批发市场,查找
[2021-12-28],大白菜,¥2.00,¥2.40,¥2.20,元/千克(kg) ,黑龙江鹤岗市万圃源蔬菜有限责任公司,查找
[2021-12-28],大白菜,¥1.80,¥2.20,¥2.00,元/千克(kg) ,天津市金钟蔬菜批发市场,查找
[2021-12-28],大白菜,¥1.20,¥1.60,¥1.40,元/千克(kg) ,安徽合肥周谷堆农产品批发市场,查找
[2021-12-28],大白菜,¥1.80,¥2.40,¥2.00,元/千克(kg) ,辽宁朝阳市果菜批发市场,查找
[2021-12-28],大白菜,¥1.80,¥0.00,¥1.80,元/千克(kg) ,河北省怀来县京西果菜批发市场有限责任公司,查找
[2021-12-28],大白菜,¥2.40,¥2.60,¥2.40,元/千克(kg) ,张北县坝上蔬菜产业有限公司,查找
[2021-12-28],大白菜,¥1.40,¥2.00,¥1.70,元/千克(kg) ,河北秦皇岛海阳农副产品批发市场,查找
[2021-12-28],大白菜,¥1.60,¥2.00,¥1.80,元/千克(kg) ,江苏宜兴市瑞德蔬菜果品批发市场有限公司,查找
[2021-12-28],大白菜,¥1.60,¥2.00,¥1.80,元/千克(kg) ,山西太原丈子头农产品物流园（原城东利民）,查找
[2021-12-28],大白菜,¥2.70,¥4.00,¥3.20,元/千克(kg) ,四川南充川北农产品交易有限公司,查找
[2021-12-28],大白菜,¥2.00,¥2.40,¥2.20,元/千克(kg) ,甘肃天水市瀛池果菜批发市场,查找
[2021-12-28],大白菜,¥2.00,¥2.40,¥2.20,元/千克(kg) ,甘肃武山县蔬菜事业管理局,查找
[2021-12-28],大白菜,¥0.00,¥0.00,¥1.60,元/千克(kg) ,江西永丰县农产品批发中心市场,查找
[2021-12-28],大白菜,¥0.00,¥0.00,¥2.00,元/千克(kg) ,呼和浩特市美通首府无公害农产品批发市场,查找
[2021-12-28],大白菜,¥3.00,¥5.40,¥4.20,元/千克(kg) ,佛山中南农产品交易中心,查找
[2021-12-28],菠菜,¥5.00,¥7.00,¥6.00,元/千克(kg) ,北京八里桥农产品中心批发市场有限公司,查找
[2021-12-28],菠菜,¥0.00,¥0.00,¥4.00,元/千克(kg) ,浙江金华农产品批发市场,查找
[2021-12-28],菠菜,¥10.20,¥11.00,¥10.60,元/千克(kg) ,福建福鼎闽浙边界农贸中心市场,查找
[2021-12-28],菠菜,¥6.00,¥8.00,¥7.00,元/千克(kg) ,上海农产品中心批发市场经营管理有限公司,查找
[2021-12-28],菠菜,¥3.60,¥5.00,¥4.30,元/千克(kg) ,徐州农副产品中心批发市场,查找
[2021-12-28],菠菜,¥6.80,¥7.00,¥6.90,元/千克(kg) ,青藏高原农副产品集散中心,查找
[2021-12-28],菠菜,¥6.00,¥0.00,¥6.00,元/千克(kg) ,河北省怀来县京西果菜批发市场有限责任公司,查找
[2021-12-28],菠菜,¥5.00,¥6.80,¥5.90,元/千克(kg) ,广东汕头农副产品批发中心市场,查找
[2021-12-28],菠菜,¥4.00,¥5.00,¥4.50,元/千克(kg) ,天津韩家墅海吉星农产品物流有限公司,查找
[2021-12-28],菠菜,¥4.00,¥5.20,¥4.60,元/千克(kg) ,天津武清大沙河批发市场,查找
[2021-12-28],菠菜,¥5.00,¥7.00,¥6.00,元/千克(kg) ,浙江宁波市蔬菜副食品批发交易市场,查找
[2021-12-28],菠菜,¥0.00,¥0.00,¥5.60,元/千克(kg) ,山西汾阳市晋阳农副产品批发市场,查找
[2021-12-28],菠菜,¥1.00,¥6.36,¥3.10,元/千克(kg) ,福建省福州市海峡蔬菜批发市场,查找
[2021-12-28],菠菜,¥5.00,¥6.00,¥5.50,元/千克(kg) ,北京朝阳区大洋路综合市场,查找
[2021-12-28],菠菜,¥3.60,¥4.00,¥3.80,元/千克(kg) ,黑龙江鹤岗市万圃源蔬菜有限责任公司,查找
[2021-12-28],菠菜,¥4.00,¥7.00,¥4.80,元/千克(kg) ,天津市金钟蔬菜批发市场,查找
[2021-12-28],菠菜,¥5.40,¥7.00,¥6.20,元/千克(kg) ,安徽合肥周谷堆农产品批发市场,查找
[2021-12-28],菠菜,¥4.00,¥5.00,¥4.50,元/千克(kg) ,辽宁朝阳市果菜批发市场,查找
[2021-12-28],菠菜,¥3.60,¥4.00,¥3.80,元/千克(kg) ,两湖绿谷物流股份有限公司,查找
[2021-12-28],菠菜,¥3.00,¥6.00,¥4.00,元/千克(kg) ,青岛抚顺路蔬菜副食品批发市场股份有限公司,查找
[2021-12-28],菠菜,¥2.60,¥3.00,¥3.00,元/千克(kg) ,江苏丰县农林局,查找
[2021-12-28],菠菜,¥3.40,¥4.00,¥3.70,元/千克(kg) ,北京新发地农副产品批发市场信息中心,查找
[2021-12-28],菠菜,¥6.00,¥8.00,¥7.00,元/千克(kg) ,甘肃天水市瀛池果菜批发市场,查找
[2021-12-28],菠菜,¥0.00,¥0.00,¥5.20,元/千克(kg) ,福建厦门同安闽南果蔬批发市场,查找
[2021-12-28],菠菜,¥0.00,¥0.00,¥5.00,元/千克(kg) ,蚌埠海吉星农产品物流有限公司,查找
[2021-12-28],空心菜,¥6.00,¥7.00,¥6.50,元/千克(kg) ,徐州农副产品中心批发市场,查找
[2021-12-28],空心菜,¥4.00,¥5.50,¥4.70,元/千克(kg) ,乐亭县冀东果菜批发市场,查找
[2021-12-28],空心菜,¥4.50,¥5.00,¥4.75,元/千克(kg) ,新疆克拉玛依农副产品批发市场,查找
[2021-12-28],空心菜,¥7.00,¥7.00,¥7.00,元/千克(kg) ,广西新柳邕农产品批发市场有限公司,查找
[2021-12-28],空心菜,¥15.00,¥0.00,¥16.00,元/千克(kg) ,新疆兵团第五师三和农副产品综合批发市场,查找
[2021-12-28],空心菜,¥5.00,¥8.00,¥7.00,元/千克(kg) ,滕州市农副产品物流中心有限公司,查找
[2021-12-28],空心菜,¥2.40,¥3.00,¥2.60,元/千克(kg) ,吉林省辽源市仙城物流园区有限公司,查找
[2021-12-28],空心菜,¥4.00,¥4.40,¥4.20,元/千克(kg) ,安徽合肥周谷堆农产品批发市场,查找
[2021-12-28],空心菜,¥5.00,¥6.00,¥5.50,元/千克(kg) ,北京朝阳区大洋路综合市场,查找
[2021-12-28],空心菜,¥10.00,¥12.00,¥11.00,元/千克(kg) ,广东汕头农副产品批发中心市场,查找
[2021-12-28],空心菜,¥0.00,¥0.00,¥9.50,元/千克(kg) ,新疆绿珠九鼎农产品经营管理有限公司,查找
[2021-12-28],芥菜,¥3.00,¥0.00,¥3.00,元/千克(kg) ,河北省怀来县京西果菜批发市场有限责任公司,查找
[2021-12-28],芥菜,¥2.00,¥2.40,¥2.20,元/千克(kg) ,江苏宜兴市瑞德蔬菜果品批发市场有限公司,查找
[2021-12-28],芥菜,¥4.00,¥5.00,¥4.50,元/千克(kg) ,陕西咸阳新阳光批发市场,查找
[2021-12-28],芥菜,¥6.00,¥6.50,¥6.50,元/千克(kg) ,新疆九鼎恒兴蔬菜经营管理有限公司,查找
[2021-12-28],芥菜,¥15.00,¥17.00,¥16.00,元/千克(kg) ,乌鲁木齐北园春（集团）有限责任公司北...,查找
[2021-12-28],芥菜,¥7.00,¥7.80,¥7.40,元/千克(kg) ,河南万邦国际农产品物流股份有限公司,查找
[2021-12-28],芥菜,¥2.50,¥4.50,¥2.80,元/千克(kg) ,佛山中南农产品交易中心,查找
[2021-12-28],芥菜,¥8.40,¥9.60,¥9.00,元/千克(kg) ,福建福鼎闽浙边界农贸中心市场,查找
[2021-12-28],芥菜,¥7.00,¥7.00,¥7.00,元/千克(kg) ,新疆乌鲁木齐凌庆蔬菜果品有限公司,查找
[2021-12-28],油麦菜,¥0.00,¥0.00,¥5.60,元/千克(kg) ,新疆绿珠九鼎农产品经营管理有限公司,查找
[2021-12-28],油麦菜,¥7.00,¥9.00,¥8.00,元/千克(kg) ,天津市金钟蔬菜批发市场,查找
[2021-12-28],油麦菜,¥8.00,¥8.00,¥8.00,元/千克(kg) ,黑龙江鹤岗市万圃源蔬菜有限责任公司,查找
[2021-12-28],油麦菜,¥4.00,¥4.40,¥4.20,元/千克(kg) ,安徽合肥周谷堆农产品批发市场,查找
[2021-12-28],油麦菜,¥7.00,¥10.00,¥8.50,元/千克(kg) ,天津韩家墅海吉星农产品物流有限公司,查找
[2021-12-28],大白菜,¥1.80,¥2.20,¥2.00,元/千克(kg) ,北京京丰岳各庄农副产品批发市场,查找
[2021-12-28],大白菜,¥0.00,¥0.00,¥1.60,元/千克(kg) ,绵阳市高水农副产品批发有限公司,查找
[2021-12-28],大白菜,¥1.60,¥2.00,¥1.80,元/千克(kg) ,浙江嘉善曹安农产品批发有限公司,查找
[2021-12-28],大白菜,¥1.60,¥2.00,¥1.80,元/千克(kg) ,湖南常德甘露寺蔬菜批发市场,查找
[2021-12-28],大白菜,¥1.60,¥1.60,¥1.60,元/千克(kg) ,晋城市绿盛农工商实业有限公司农副产品...,查找
[2021-12-28],大白菜,¥1.50,¥2.00,¥1.60,元/千克(kg) ,山西新绛县蔬菜批发市场,查找
[2021-12-28],大白菜,¥2.40,¥4.40,¥3.40,元/千克(kg) ,乌鲁木齐北园春（集团）有限责任公司北...,查找
[2021-12-28],大白菜,¥1.40,¥2.00,¥1.70,元/千克(kg) ,南昌深圳农产品中心批发市场有限公司,查找
[2021-12-28],大白菜,¥0.80,¥1.40,¥1.30,元/千克(kg) ,山东青岛平度南村蔬菜批发市场,查找
[2021-12-28],大白菜,¥1.20,¥2.40,¥2.20,元/千克(kg) ,四川成都龙泉聚和(国际)果蔬菜交易中心,查找
[2021-12-28],大白菜,¥1.20,¥1.40,¥1.30,元/千克(kg) ,河南万邦国际农产品物流股份有限公司,查找
[2021-12-28],大白菜,¥0.30,¥1.20,¥0.50,元/千克(kg) ,云南通海金山蔬菜批发市场,查找
[2021-12-28],大白菜,¥2.00,¥2.00,¥2.00,元/千克(kg) ,辽宁鞍山宁远农产品批发市场,查找
[2021-12-28],大白菜,¥1.00,¥1.50,¥1.25,元/千克(kg) ,安徽亳州农产品有限责任公司,查找
[2021-12-28],大白菜,¥1.60,¥2.20,¥2.00,元/千克(kg) ,呼和浩特市东瓦窑农副产品批发市场有限...,查找
[2021-12-28],大白菜,¥1.50,¥1.70,¥1.60,元/千克(kg) ,阳泉蔬菜副食有限公司,查找
[2021-12-28],大白菜,¥0.60,¥1.40,¥1.00,元/千克(kg) ,江西乐平市蔬菜批发大市场,查找
[2021-12-28],大白菜,¥2.00,¥2.40,¥2.20,元/千克(kg) ,山西省长治市紫坊农产品综合交易市场有...,查找
[2021-12-28],大白菜,¥1.00,¥1.80,¥1.40,元/千克(kg) ,江苏凌家塘农副产品批发市场,查找
[2021-12-28],大白菜,¥1.60,¥2.00,¥1.80,元/千克(kg) ,湖北鄂州市蟠龙蔬菜批发市场,查找
[2021-12-28],大白菜,¥2.60,¥2.60,¥2.60,元/千克(kg) ,山东青岛黄河路农产品批发市场,查找
[2021-12-28],大白菜,¥1.20,¥1.60,¥1.40,元/千克(kg) ,成都市农产品中心批发市场,查找
[2021-12-28],大白菜,¥0.00,¥0.00,¥1.80,元/千克(kg) ,河南濮阳宏进农副产品批发市场有限公司...,查找
[2021-12-28],大白菜,¥0.00,¥0.00,¥2.20,元/千克(kg) ,绍兴市蔬菜果品批发交易市场有限公司,查找
[2021-12-28],大白菜,¥0.90,¥1.20,¥1.05,元/千克(kg) ,武汉白沙洲农副产品大市场有限公司,查找
[2021-12-28],生菜,¥0.00,¥0.00,¥5.00,元/千克(kg) ,绍兴市蔬菜果品批发交易市场有限公司,查找
[2021-12-28],生菜,¥0.00,¥0.00,¥2.00,元/千克(kg) ,河南濮阳宏进农副产品批发市场有限公司...,查找
[2021-12-28],生菜,¥4.00,¥5.00,¥4.50,元/千克(kg) ,湖南长沙马王堆农产品股份有限公司,查找
[2021-12-28],小白菜,¥2.40,¥2.80,¥2.60,元/千克(kg) ,北京新发地农副产品批发市场信息中心,查找
[2021-12-28],小白菜,¥1.20,¥1.60,¥1.40,元/千克(kg) ,两湖绿谷物流股份有限公司,查找
[2021-12-28],小白菜,¥2.40,¥2.80,¥2.60,元/千克(kg) ,湖南吉首市蔬菜果品批发大市场,查找
[2021-12-28],小白菜,¥1.00,¥1.40,¥1.20,元/千克(kg) ,江苏苏州南环桥农副产品批发市场,查找
[2021-12-28],小白菜,¥4.31,¥4.49,¥4.40,元/千克(kg) ,红星实业集团有限公司红星农副产品大市场,查找
[2021-12-28],小白菜,¥2.00,¥2.40,¥2.20,元/千克(kg) ,重庆双福国际农贸城,查找
[2021-12-28],小白菜,¥5.00,¥6.00,¥5.50,元/千克(kg) ,陕西咸阳新阳光批发市场,查找
[2021-12-28],小白菜,¥2.60,¥3.20,¥3.00,元/千克(kg) ,天津市红旗农贸综合批发市场有限公司,查找
[2021-12-28],小白菜,¥4.80,¥5.00,¥4.80,元/千克(kg) ,张北县坝上蔬菜产业有限公司,查找
[2021-12-28],小白菜,¥3.40,¥4.00,¥3.70,元/千克(kg) ,河北秦皇岛海阳农副产品批发市场,查找
[2021-12-28],小白菜,¥3.60,¥4.00,¥3.80,元/千克(kg) ,甘肃武山县蔬菜事业管理局,查找
[2021-12-28],小白菜,¥0.00,¥0.00,¥3.60,元/千克(kg) ,江西永丰县农产品批发中心市场,查找
[2021-12-28],小白菜,¥0.00,¥0.00,¥3.00,元/千克(kg) ,呼和浩特市美通首府无公害农产品批发市场,查找
[2021-12-28],小白菜,¥3.20,¥4.40,¥3.60,元/千克(kg) ,北京京丰岳各庄农副产品批发市场,查找
[2021-12-28],小白菜,¥0.00,¥0.00,¥1.80,元/千克(kg) ,绵阳市高水农副产品批发有限公司,查找
[2021-12-28],小白菜,¥3.00,¥4.00,¥3.50,元/千克(kg) ,辽宁鞍山宁远农产品批发市场,查找
[2021-12-28],小白菜,¥0.80,¥1.00,¥0.90,元/千克(kg) ,四川南充川北农产品交易有限公司,查找
[2021-12-28],小白菜,¥2.80,¥3.00,¥2.90,元/千克(kg) ,山西太原丈子头农产品物流园（原城东利民）,查找
[2021-12-28],小白菜,¥3.20,¥3.60,¥3.40,元/千克(kg) ,三门峡金河农产品批发交易中心,查找
[2021-12-28],小白菜,¥2.00,¥2.60,¥2.30,元/千克(kg) ,河南万邦国际农产品物流股份有限公司,查找
[2021-12-28],小白菜,¥3.00,¥5.00,¥4.00,元/千克(kg) ,云南通海金山蔬菜批发市场,查找
[2021-12-28],小白菜,¥2.00,¥3.00,¥2.50,元/千克(kg) ,安徽亳州农产品有限责任公司,查找
[2021-11-12],冬瓜,¥1.40,¥1.60,¥1.50,元/千克(kg) ,石家庄桥西蔬菜中心批发市场有限公司,查找
[2021-11-12],冬瓜,¥1.60,¥3.40,¥2.40,元/千克(kg) ,上海市江桥批发市场经营管理有限公司,查找
[2021-11-12],冬瓜,¥0.00,¥0.00,¥3.40,元/千克(kg) ,四川广安市邻水县农产品交易中心,查找
[2021-11-12],冬瓜,¥1.80,¥2.20,¥2.00,元/千克(kg) ,上海农产品中心批发市场经营管理有限公司,查找
[2021-11-12],冬瓜,¥3.60,¥4.00,¥3.90,元/千克(kg) ,甘肃酒泉春光农产品市场有限责任公司,查找
[2021-11-12],冬瓜,¥2.40,¥4.40,¥3.40,元/千克(kg) ,乌鲁木齐北园春（集团）有限责任公司北...,查找
[2021-11-12],冬瓜,¥2.80,¥3.40,¥3.20,元/千克(kg) ,呼和浩特市东瓦窑农副产品批发市场有限...,查找
[2021-11-12],冬瓜,¥0.00,¥0.00,¥1.40,元/千克(kg) ,福建厦门同安闽南果蔬批发市场,查找
[2021-11-12],冬瓜,¥4.00,¥4.00,¥4.00,元/千克(kg) ,邯郸市(馆陶)金凤禽蛋农贸批发市场,查找
[2021-11-12],冬瓜,¥0.00,¥0.00,¥2.70,元/千克(kg) ,天津碧城农产品批发市场,查找
[2021-11-12],冬瓜,¥0.00,¥0.00,¥1.60,元/千克(kg) ,四川南充川北农产品交易有限公司,查找
[2021-11-12],冬瓜,¥0.00,¥0.00,¥2.00,元/千克(kg) ,山东滨州(六街）鲁北蔬菜批发市场,查找
[2021-11-12],辣椒干,¥40.00,¥0.00,¥40.00,元/千克(kg) ,新疆兵团第五师三和农副产品综合批发市场,查找
[2021-11-12],冬瓜,¥1.60,¥2.00,¥1.80,元/千克(kg) ,北京水屯农副产品批发市场中心,查找
[2021-11-12],冬瓜,¥0.00,¥0.00,¥3.60,元/千克(kg) ,绵阳市高水农副产品批发有限公司,查找
[2021-11-12],冬瓜,¥1.60,¥2.00,¥1.80,元/千克(kg) ,山西晋城绿欣农产品批发交易中心,查找
[2021-11-12],冬瓜,¥2.00,¥2.00,¥2.00,元/千克(kg) ,新疆克拉玛依农副产品批发市场,查找
[2021-11-12],冬瓜,¥1.40,¥2.80,¥2.10,元/千克(kg) ,湖南长沙马王堆农产品股份有限公司,查找
[2021-11-12],南瓜,¥0.00,¥0.00,¥2.80,元/千克(kg) ,四川广安市邻水县农产品交易中心,查找
[2021-11-12],南瓜,¥2.80,¥3.20,¥3.00,元/千克(kg) ,上海农产品中心批发市场经营管理有限公司,查找
[2021-11-12],南瓜,¥4.00,¥4.60,¥4.20,元/千克(kg) ,甘肃酒泉春光农产品市场有限责任公司,查找
[2021-11-12],南瓜,¥2.50,¥5.00,¥3.50,元/千克(kg) ,乌鲁木齐北园春（集团）有限责任公司北...,查找
[2021-11-12],南瓜,¥4.00,¥0.00,¥4.00,元/千克(kg) ,新疆兵团第五师三和农副产品综合批发市场,查找
[2021-11-12],南瓜,¥2.40,¥4.00,¥2.60,元/千克(kg) ,呼和浩特市东瓦窑农副产品批发市场有限...,查找
[2021-11-12],南瓜,¥1.80,¥2.00,¥1.90,元/千克(kg) ,山西晋城绿欣农产品批发交易中心,查找
[2021-11-12],豇豆,¥22.00,¥0.00,¥25.00,元/千克(kg) ,新疆兵团第五师三和农副产品综合批发市场,查找
[2021-11-12],豇豆,¥15.00,¥17.00,¥16.00,元/千克(kg) ,呼和浩特市东瓦窑农副产品批发市场有限...,查找
[2021-11-12],豇豆,¥0.00,¥0.00,¥10.00,元/千克(kg) ,四川南充川北农产品交易有限公司,查找
[2021-11-12],荷兰豆,¥0.00,¥0.00,¥18.00,元/千克(kg) ,福建厦门同安闽南果蔬批发市场,查找
[2021-11-12],荷兰豆,¥18.00,¥24.00,¥21.00,元/千克(kg) ,乌鲁木齐北园春（集团）有限责任公司北...,查找
[2021-11-12],荷兰豆,¥20.00,¥24.00,¥22.00,元/千克(kg) ,呼和浩特市东瓦窑农副产品批发市场有限...,查找
[2021-11-12],豆角,¥8.00,¥9.00,¥8.40,元/千克(kg) ,上海市江桥批发市场经营管理有限公司,查找
[2021-11-12],豆角,¥4.00,¥6.00,¥5.00,元/千克(kg) ,北京水屯农副产品批发市场中心,查找
[2021-11-12],豆角,¥0.00,¥0.00,¥9.60,元/千克(kg) ,山东滨州(六街）鲁北蔬菜批发市场,查找
[2021-11-12],豆角,¥8.00,¥8.00,¥8.00,元/千克(kg) ,邯郸市(馆陶)金凤禽蛋农贸批发市场,查找
[2021-11-12],豆角,¥9.80,¥10.00,¥9.90,元/千克(kg) ,山西晋城绿欣农产品批发交易中心,查找
[2021-11-12],豆角,¥22.00,¥0.00,¥25.00,元/千克(kg) ,新疆兵团第五师三和农副产品综合批发市场,查找
[2021-11-12],豆角,¥18.00,¥19.00,¥18.50,元/千克(kg) ,新疆克拉玛依农副产品批发市场,查找
[2021-11-12],豆角,¥0.00,¥0.00,¥12.00,元/千克(kg) ,天津碧城农产品批发市场,查找
[2021-11-12],豆角,¥7.40,¥10.00,¥8.00,元/千克(kg) ,四川南充川北农产品交易有限公司,查找
[2021-11-12],豆角,¥7.00,¥11.00,¥9.00,元/千克(kg) ,石家庄桥西蔬菜中心批发市场有限公司,查找
[2021-11-12],豆角,¥11.00,¥14.00,¥13.30,元/千克(kg) ,天津韩家墅海吉星农产品物流有限公司,查找
[2021-11-12],豆角,¥0.00,¥0.00,¥11.00,元/千克(kg) ,四川广安市邻水县农产品交易中心,查找
[2021-11-12],豆角,¥14.00,¥18.00,¥16.00,元/千克(kg) ,上海农产品中心批发市场经营管理有限公司,查找
[2021-11-12],豆角,¥10.00,¥12.00,¥11.00,元/千克(kg) ,甘肃酒泉春光农产品市场有限责任公司,查找
[2021-11-12],豆角,¥13.50,¥15.50,¥14.50,元/千克(kg) ,乌鲁木齐北园春（集团）有限责任公司北...,查找
[2021-11-12],豆角,¥15.00,¥28.00,¥21.50,元/千克(kg) ,大连双兴商品城有限公司,查找
[2021-11-12],豆角,¥6.80,¥8.40,¥7.60,元/千克(kg) ,湖南长沙马王堆农产品股份有限公司,查找
[2021-11-12],豆角,¥12.00,¥16.00,¥14.00,元/千克(kg) ,呼和浩特市东瓦窑农副产品批发市场有限...,查找
[2021-11-12],豆角,¥0.00,¥0.00,¥11.00,元/千克(kg) ,安徽省淮北市中瑞农产品批发市场,查找
[2021-12-28],大白菜,¥1.40,¥2.10,¥1.70,元/千克(kg) ,河南商丘市农产品中心批发市场,查找
[2021-12-28],大白菜,¥1.40,¥1.80,¥1.60,元/千克(kg) ,重庆双福国际农贸城,查找
[2021-12-28],大白菜,¥0.00,¥0.00,¥3.00,元/千克(kg) ,四川广安市邻水县农产品交易中心,查找
[2021-12-28],大白菜,¥1.60,¥4.40,¥2.40,元/千克(kg) ,青岛抚顺路蔬菜副食品批发市场股份有限公司,查找
[2021-12-28],大白菜,¥2.80,¥3.00,¥2.90,元/千克(kg) ,陕西咸阳新阳光批发市场,查找
[2021-12-28],大白菜,¥2.20,¥2.40,¥2.30,元/千克(kg) ,天津市红旗农贸综合批发市场有限公司,查找
[2021-12-28],大白菜,¥2.00,¥2.20,¥2.10,元/千克(kg) ,湖南长沙马王堆农产品股份有限公司,查找
[2021-12-28],大白菜,¥1.20,¥1.60,¥1.40,元/千克(kg) ,新疆九鼎恒兴蔬菜经营管理有限公司,查找
[2021-12-28],大白菜,¥1.60,¥1.70,¥1.60,元/千克(kg) ,新疆乌鲁木齐凌庆蔬菜果品有限公司,查找
[2021-11-12],哈密瓜,¥2.00,¥5.00,¥3.50,元/千克(kg) ,徐州农副产品中心批发市场,查找
[2021-11-12],哈密瓜,¥4.40,¥4.80,¥4.60,元/千克(kg) ,遵义金土地绿色产品交易有限公司,查找
[2021-11-12],哈密瓜,¥0.00,¥0.00,¥4.40,元/千克(kg) ,蚌埠海吉星农产品物流有限公司,查找
[2021-11-12],哈密瓜,¥10.00,¥11.00,¥10.50,元/千克(kg) ,北京朝阳区大洋路综合市场,查找
[2021-11-12],哈密瓜,¥5.40,¥5.60,¥5.50,元/千克(kg) ,马鞍山市安民农副产品贸易有限公司,查找
[2021-11-12],哈密瓜,¥4.00,¥0.00,¥5.00,元/千克(kg) ,新疆兵团第五师三和农副产品综合批发市场,查找
[2021-11-12],哈密瓜,¥4.00,¥8.00,¥4.50,元/千克(kg) ,山西长治市金鑫瓜果批发市场,查找
[2021-11-12],哈密瓜,¥5.00,¥5.60,¥5.30,元/千克(kg) ,河南万邦国际农产品物流股份有限公司,查找
[2021-11-12],哈密瓜,¥5.20,¥5.80,¥5.50,元/千克(kg) ,湖北省孝感市南大农产品批发市场,查找
[2021-11-12],哈密瓜,¥0.00,¥0.00,¥4.50,元/千克(kg) ,江苏无锡朝阳农产品大市场,查找
[2021-11-12],哈密瓜,¥2.50,¥9.00,¥4.00,元/千克(kg) ,滕州市农副产品物流中心有限公司,查找
[2021-11-12],哈密瓜,¥4.40,¥7.60,¥6.00,元/千克(kg) ,山西省太原市河西农产品有限公司,查找
[2021-11-12],哈密瓜,¥5.00,¥6.00,¥5.00,元/千克(kg) ,北京京丰岳各庄农副产品批发市场,查找
[2021-11-12],哈密瓜,¥0.00,¥0.00,¥4.00,元/千克(kg) ,新疆绿珠九鼎农产品经营管理有限公司,查找
[2021-11-12],哈密瓜,¥6.00,¥10.00,¥8.00,元/千克(kg) ,天津韩家墅海吉星农产品物流有限公司,查找
[2021-11-12],哈密瓜,¥3.00,¥4.00,¥3.40,元/千克(kg) ,河南南阳果品批发交易中心,查找
[2021-12-28],胡萝卜,¥0.96,¥6.96,¥3.70,元/千克(kg) ,福建省福州市海峡蔬菜批发市场,查找
[2021-12-28],胡萝卜,¥4.00,¥5.00,¥4.50,元/千克(kg) ,徐州农副产品中心批发市场,查找
[2021-12-28],胡萝卜,¥4.00,¥4.00,¥4.00,元/千克(kg) ,内蒙包头市友谊蔬菜批发市场,查找
[2021-12-28],胡萝卜,¥3.00,¥4.60,¥4.00,元/千克(kg) ,甘肃酒泉春光农产品市场有限责任公司,查找
[2021-12-28],胡萝卜,¥1.80,¥4.30,¥3.00,元/千克(kg) ,广州江南果菜批发市场经营管理有限公司,查找
[2021-12-28],胡萝卜,¥2.00,¥3.00,¥2.50,元/千克(kg) ,辽宁鞍山宁远农产品批发市场,查找
[2021-12-28],胡萝卜,¥2.00,¥2.20,¥2.00,元/千克(kg) ,甘肃武山县蔬菜事业管理局,查找
[2021-12-28],胡萝卜,¥4.40,¥6.00,¥5.20,元/千克(kg) ,四川成都龙泉聚和(国际)果蔬菜交易中心,查找
[2021-12-28],胡萝卜,¥2.40,¥3.40,¥2.90,元/千克(kg) ,南昌深圳农产品中心批发市场有限公司,查找
[2021-12-28],胡萝卜,¥2.60,¥3.20,¥2.90,元/千克(kg) ,河南万邦国际农产品物流股份有限公司,查找
[2021-12-28],胡萝卜,¥0.00,¥0.00,¥2.60,元/千克(kg) ,绍兴市蔬菜果品批发交易市场有限公司,查找
[2021-12-28],胡萝卜,¥4.00,¥6.00,¥5.00,元/千克(kg) ,云南通海金山蔬菜批发市场,查找
[2021-12-28],胡萝卜,¥2.00,¥2.60,¥2.20,元/千克(kg) ,山西新绛县蔬菜批发市场,查找
[2021-12-28],胡萝卜,¥2.60,¥3.60,¥3.10,元/千克(kg) ,武汉白沙洲农副产品大市场有限公司,查找
[2021-12-28],胡萝卜,¥4.00,¥5.60,¥5.40,元/千克(kg) ,青岛市城阳蔬菜水产品批发市场有限公司,查找
[2021-12-28],胡萝卜,¥2.00,¥2.50,¥2.00,元/千克(kg) ,新疆乌鲁木齐凌庆蔬菜果品有限公司,查找
[2021-12-28],胡萝卜,¥2.20,¥2.40,¥2.20,元/千克(kg) ,张北县坝上蔬菜产业有限公司,查找
[2021-12-28],胡萝卜,¥0.00,¥0.00,¥4.60,元/千克(kg) ,绵阳市高水农副产品批发有限公司,查找
[2021-12-28],胡萝卜,¥3.00,¥4.40,¥3.40,元/千克(kg) ,北京京丰岳各庄农副产品批发市场,查找
[2021-12-28],胡萝卜,¥3.00,¥3.00,¥3.00,元/千克(kg) ,晋城市绿盛农工商实业有限公司农副产品...,查找
[2021-12-28],胡萝卜,¥3.00,¥4.00,¥3.50,元/千克(kg) ,浙江嘉善曹安农产品批发有限公司,查找
[2021-12-28],胡萝卜,¥2.80,¥3.20,¥3.00,元/千克(kg) ,湖南常德甘露寺蔬菜批发市场,查找
[2021-12-28],胡萝卜,¥3.00,¥4.00,¥3.50,元/千克(kg) ,安徽亳州农产品有限责任公司,查找
[2021-12-28],胡萝卜,¥2.20,¥3.40,¥2.50,元/千克(kg) ,佛山中南农产品交易中心,查找
[2021-12-28],胡萝卜,¥3.30,¥5.30,¥4.30,元/千克(kg) ,乌鲁木齐北园春（集团）有限责任公司北...,查找
[2021-11-12],茼蒿,¥4.00,¥4.00,¥4.00,元/千克(kg) ,邯郸市(馆陶)金凤禽蛋农贸批发市场,查找
[2021-11-12],大葱,¥6.20,¥6.80,¥6.60,元/千克(kg) ,呼和浩特市东瓦窑农副产品批发市场有限...,查找
[2021-11-12],大葱,¥8.80,¥9.20,¥9.00,元/千克(kg) ,两湖绿谷物流股份有限公司,查找
[2021-11-12],木耳菜,¥24.00,¥28.00,¥26.00,元/千克(kg) ,呼和浩特市东瓦窑农副产品批发市场有限...,查找
[2021-11-12],大葱,¥0.00,¥0.00,¥5.20,元/千克(kg) ,天津碧城农产品批发市场,查找
[2021-11-12],菠菜,¥7.00,¥7.00,¥7.00,元/千克(kg) ,邯郸市(馆陶)金凤禽蛋农贸批发市场,查找
[2021-11-12],大葱,¥5.00,¥6.00,¥5.50,元/千克(kg) ,北京水屯农副产品批发市场中心,查找
[2021-11-12],大葱,¥6.00,¥6.00,¥6.00,元/千克(kg) ,邯郸市(馆陶)金凤禽蛋农贸批发市场,查找
[2021-11-12],菠菜,¥13.00,¥14.00,¥13.60,元/千克(kg) ,呼和浩特市东瓦窑农副产品批发市场有限...,查找
[2021-11-12],菠菜,¥0.00,¥0.00,¥5.60,元/千克(kg) ,天津碧城农产品批发市场,查找
[2021-11-12],菠菜,¥6.80,¥7.20,¥7.00,元/千克(kg) ,两湖绿谷物流股份有限公司,查找
[2021-11-12],生菜,¥12.00,¥13.00,¥12.40,元/千克(kg) ,呼和浩特市东瓦窑农副产品批发市场有限...,查找
[2021-11-12],生菜,¥0.00,¥0.00,¥5.10,元/千克(kg) ,天津碧城农产品批发市场,查找
[2021-11-12],生菜,¥5.60,¥6.40,¥6.00,元/千克(kg) ,两湖绿谷物流股份有限公司,查找
[2021-11-12],葱头,¥0.00,¥0.00,¥2.30,元/千克(kg) ,天津碧城农产品批发市场,查找
[2021-11-12],葱头,¥2.00,¥3.00,¥2.30,元/千克(kg) ,北京水屯农副产品批发市场中心,查找
[2021-11-12],葱头,¥2.00,¥2.00,¥2.00,元/千克(kg) ,邯郸市(馆陶)金凤禽蛋农贸批发市场,查找
[2021-11-12],小白菜,¥0.00,¥0.00,¥2.20,元/千克(kg) ,天津碧城农产品批发市场,查找
[2021-11-12],小白菜,¥2.60,¥2.60,¥2.60,元/千克(kg) ,邯郸市(馆陶)金凤禽蛋农贸批发市场,查找
[2021-11-12],山药,¥0.00,¥0.00,¥6.90,元/千克(kg) ,天津碧城农产品批发市场,查找
[2021-11-12],油菜,¥0.00,¥0.00,¥4.30,元/千克(kg) ,天津碧城农产品批发市场,查找
[2021-11-12],油菜,¥4.00,¥4.00,¥4.00,元/千克(kg) ,邯郸市(馆陶)金凤禽蛋农贸批发市场,查找
[2021-11-12],土豆,¥0.00,¥0.00,¥1.90,元/千克(kg) ,天津碧城农产品批发市场,查找
[2021-11-12],土豆,¥1.60,¥2.00,¥1.80,元/千克(kg) ,北京水屯农副产品批发市场中心,查找
[2021-11-12],土豆,¥2.20,¥2.20,¥2.20,元/千克(kg) ,邯郸市(馆陶)金凤禽蛋农贸批发市场,查找
[2021-11-12],小葱,¥19.00,¥22.00,¥20.00,元/千克(kg) ,呼和浩特市东瓦窑农副产品批发市场有限...,查找
[2021-11-12],小葱,¥7.40,¥7.80,¥7.60,元/千克(kg) ,两湖绿谷物流股份有限公司,查找
[2021-11-12],小葱,¥3.00,¥3.00,¥3.00,元/千克(kg) ,邯郸市(馆陶)金凤禽蛋农贸批发市场,查找
[2021-11-12],洋白菜,¥4.60,¥6.00,¥5.40,元/千克(kg) ,呼和浩特市东瓦窑农副产品批发市场有限...,查找
[2021-11-12],韭苔,¥22.00,¥26.00,¥24.00,元/千克(kg) ,呼和浩特市东瓦窑农副产品批发市场有限...,查找
[2021-11-12],大白菜,¥2.60,¥3.20,¥3.00,元/千克(kg) ,呼和浩特市东瓦窑农副产品批发市场有限...,查找
[2021-11-12],大白菜,¥2.00,¥2.40,¥2.20,元/千克(kg) ,两湖绿谷物流股份有限公司,查找
[2021-11-12],韭菜,¥4.00,¥4.00,¥4.00,元/千克(kg) ,邯郸市(馆陶)金凤禽蛋农贸批发市场,查找
[2021-11-12],韭菜,¥8.00,¥9.00,¥8.40,元/千克(kg) ,呼和浩特市东瓦窑农副产品批发市场有限...,查找
[2021-11-12],韭菜,¥0.00,¥0.00,¥6.30,元/千克(kg) ,天津碧城农产品批发市场,查找
[2021-11-12],韭菜,¥4.40,¥4.80,¥4.60,元/千克(kg) ,两湖绿谷物流股份有限公司,查找
[2021-11-12],空心菜,¥15.00,¥17.00,¥16.00,元/千克(kg) ,呼和浩特市东瓦窑农副产品批发市场有限...,查找
[2021-11-12],空心菜,¥0.00,¥0.00,¥6.00,元/千克(kg) ,天津碧城农产品批发市场,查找
[2021-11-12],空心菜,¥2.20,¥2.60,¥2.40,元/千克(kg) ,两湖绿谷物流股份有限公司,查找
[2021-11-12],芥菜,¥0.00,¥0.00,¥1.80,元/千克(kg) ,天津碧城农产品批发市场,查找
[2021-11-12],油麦菜,¥0.00,¥0.00,¥5.20,元/千克(kg) ,天津碧城农产品批发市场,查找
[2021-11-12],油麦菜,¥6.80,¥7.20,¥7.00,元/千克(kg) ,两湖绿谷物流股份有限公司,查找
[2021-11-12],油麦菜,¥5.00,¥5.00,¥5.00,元/千克(kg) ,邯郸市(馆陶)金凤禽蛋农贸批发市场,查找
[2021-11-12],香菜,¥16.00,¥18.00,¥17.00,元/千克(kg) ,呼和浩特市东瓦窑农副产品批发市场有限...,查找
[2021-11-12],香菜,¥0.00,¥0.00,¥8.50,元/千克(kg) ,天津碧城农产品批发市场,查找
[2021-11-12],香菜,¥8.00,¥8.00,¥8.00,元/千克(kg) ,邯郸市(馆陶)金凤禽蛋农贸批发市场,查找
[2021-11-12],香菜,¥15.00,¥17.00,¥16.00,元/千克(kg) ,两湖绿谷物流股份有限公司,查找
[2021-11-12],茼蒿,¥4.80,¥5.20,¥5.00,元/千克(kg) ,两湖绿谷物流股份有限公司,查找
[2021-11-12],茼蒿,¥10.00,¥11.00,¥10.40,元/千克(kg) ,呼和浩特市东瓦窑农副产品批发市场有限...,查找
[2021-11-12],茼蒿,¥0.00,¥0.00,¥5.40,元/千克(kg) ,天津碧城农产品批发市场,查找
[2021-11-12],苦瓜,¥0.00,¥0.00,¥8.00,元/千克(kg) ,天津碧城农产品批发市场,查找
[2021-11-12],苦瓜,¥6.00,¥10.00,¥8.00,元/千克(kg) ,四川南充川北农产品交易有限公司,查找
[2021-11-12],苦瓜,¥5.00,¥7.00,¥6.00,元/千克(kg) ,北京水屯农副产品批发市场中心,查找
[2021-11-12],苦瓜,¥0.00,¥0.00,¥10.40,元/千克(kg) ,绵阳市高水农副产品批发有限公司,查找
[2021-11-12],西红柿,¥2.00,¥3.00,¥2.60,元/千克(kg) ,北京水屯农副产品批发市场中心,查找
[2021-11-12],西红柿,¥0.00,¥0.00,¥4.40,元/千克(kg) ,绵阳市高水农副产品批发有限公司,查找
[2021-11-12],西葫芦,¥0.00,¥0.00,¥10.40,元/千克(kg) ,四川广安市邻水县农产品交易中心,查找
[2021-11-12],西葫芦,¥7.00,¥9.00,¥8.00,元/千克(kg) ,上海农产品中心批发市场经营管理有限公司,查找
[2021-11-12],西葫芦,¥3.00,¥4.60,¥4.30,元/千克(kg) ,甘肃酒泉春光农产品市场有限责任公司,查找
[2021-11-12],西葫芦,¥6.00,¥8.00,¥7.00,元/千克(kg) ,乌鲁木齐北园春（集团）有限责任公司北...,查找
[2021-11-12],西葫芦,¥10.00,¥13.00,¥11.50,元/千克(kg) ,大连双兴商品城有限公司,查找
[2021-11-12],西葫芦,¥4.00,¥6.00,¥5.00,元/千克(kg) ,湖南长沙马王堆农产品股份有限公司,查找
[2021-11-12],西葫芦,¥4.00,¥0.00,¥5.00,元/千克(kg) ,新疆兵团第五师三和农副产品综合批发市场,查找
[2021-11-12],西葫芦,¥6.40,¥7.00,¥6.80,元/千克(kg) ,呼和浩特市东瓦窑农副产品批发市场有限...,查找
[2021-11-12],西葫芦,¥6.20,¥6.40,¥6.30,元/千克(kg) ,山西晋城绿欣农产品批发交易中心,查找
[2021-11-12],西葫芦,¥2.80,¥3.20,¥3.00,元/千克(kg) ,两湖绿谷物流股份有限公司,查找
[2021-11-12],西葫芦,¥6.00,¥6.20,¥6.10,元/千克(kg) ,新疆克拉玛依农副产品批发市场,查找
[2021-11-12],西红柿,¥0.00,¥0.00,¥9.20,元/千克(kg) ,四川广安市邻水县农产品交易中心,查找
[2021-11-12],西葫芦,¥4.00,¥8.80,¥6.40,元/千克(kg) ,天津韩家墅海吉星农产品物流有限公司,查找
[2021-11-12],西葫芦,¥6.00,¥9.00,¥7.40,元/千克(kg) ,四川南充川北农产品交易有限公司,查找
[2021-11-12],西葫芦,¥3.60,¥4.00,¥3.80,元/千克(kg) ,石家庄桥西蔬菜中心批发市场有限公司,查找
[2021-11-12],西葫芦,¥0.00,¥0.00,¥5.80,元/千克(kg) ,天津碧城农产品批发市场,查找
[2021-11-12],西葫芦,¥0.00,¥0.00,¥6.40,元/千克(kg) ,山东滨州(六街）鲁北蔬菜批发市场,查找
[2021-11-12],西葫芦,¥5.00,¥5.00,¥5.00,元/千克(kg) ,邯郸市(馆陶)金凤禽蛋农贸批发市场,查找
[2021-11-12],西葫芦,¥0.00,¥0.00,¥6.40,元/千克(kg) ,绵阳市高水农副产品批发有限公司,查找
[2021-11-12],西瓜,¥0.00,¥0.00,¥3.00,元/千克(kg) ,新疆绿珠九鼎农产品经营管理有限公司,查找
[2021-11-12],西瓜,¥7.00,¥7.40,¥7.20,元/千克(kg) ,山西太原丈子头农产品物流园（原城东利民）,查找
[2021-11-12],西瓜,¥4.00,¥4.00,¥4.00,元/千克(kg) ,邯郸市(馆陶)金凤禽蛋农贸批发市场,查找
[2021-11-12],西瓜,¥6.60,¥0.00,¥6.60,元/千克(kg) ,河北省怀来县京西果菜批发市场有限责任公司,查找
[2021-11-12],西瓜,¥3.80,¥4.20,¥4.00,元/千克(kg) ,湖北省孝感市南大农产品批发市场,查找
[2021-11-12],西瓜,¥2.50,¥6.29,¥4.39,元/千克(kg) ,广州江南果菜批发市场经营管理有限公司,查找
[2021-11-12],西瓜,¥5.60,¥6.00,¥5.80,元/千克(kg) ,石家庄桥西蔬菜中心批发市场有限公司,查找
[2021-11-12],西瓜,¥4.80,¥5.60,¥5.20,元/千克(kg) ,河北魏县天仙果菜批发交易市场,查找
[2021-11-12],西瓜,¥1.50,¥2.00,¥1.75,元/千克(kg) ,新疆克拉玛依农副产品批发市场,查找
[2021-11-12],西瓜,¥8.00,¥10.00,¥9.00,元/千克(kg) ,天津韩家墅海吉星农产品物流有限公司,查找
[2021-11-12],木瓜,¥9.00,¥11.00,¥10.00,元/千克(kg) ,河南南阳果品批发交易中心,查找
[2021-11-12],木瓜,¥7.00,¥9.00,¥9.00,元/千克(kg) ,济南堤口果品批发发展有限责任公司,查找
[2021-11-12],木瓜,¥0.00,¥0.00,¥8.80,元/千克(kg) ,蚌埠海吉星农产品物流有限公司,查找
[2021-11-12],木瓜,¥5.00,¥6.00,¥5.50,元/千克(kg) ,山西长治市金鑫瓜果批发市场,查找
[2021-11-12],木瓜,¥6.00,¥6.00,¥6.00,元/千克(kg) ,河南万邦国际农产品物流股份有限公司,查找
[2021-11-12],鸡腿菇,¥15.00,¥15.00,¥15.00,元/千克(kg) ,新疆乌鲁木齐凌庆蔬菜果品有限公司,查找
[2021-11-12],香菇,¥10.00,¥10.00,¥10.00,元/千克(kg) ,新疆乌鲁木齐凌庆蔬菜果品有限公司,查找
[2021-11-12],平菇,¥10.00,¥10.00,¥10.00,元/千克(kg) ,新疆乌鲁木齐凌庆蔬菜果品有限公司,查找
[2021-11-12],草莓,¥28.00,¥52.00,¥40.00,元/千克(kg) ,石家庄桥西蔬菜中心批发市场有限公司,查找
[2021-11-12],草莓,¥50.00,¥120.00,¥70.00,元/千克(kg) ,济南堤口果品批发发展有限责任公司,查找
[2021-11-12],草莓,¥16.00,¥20.00,¥18.00,元/千克(kg) ,河北魏县天仙果菜批发交易市场,查找
[2021-11-12],草莓,¥32.00,¥36.00,¥34.00,元/千克(kg) ,北京京丰岳各庄农副产品批发市场,查找
[2021-11-12],草莓,¥12.00,¥40.00,¥20.00,元/千克(kg) ,滕州市农副产品物流中心有限公司,查找
[2021-11-12],豇豆,¥5.20,¥7.80,¥6.50,元/千克(kg) ,湖北浠水农产品批发市场,查找
[2021-11-12],草莓,¥17.00,¥19.00,¥18.00,元/千克(kg) ,北京朝阳区大洋路综合市场,查找
[2021-11-12],菠菜,¥3.00,¥5.00,¥4.00,元/千克(kg) ,石家庄桥西蔬菜中心批发市场有限公司,查找
[2021-11-12],菜花,¥0.00,¥0.00,¥7.20,元/千克(kg) ,绵阳市高水农副产品批发有限公司,查找
[2021-11-12],菜花,¥6.00,¥7.00,¥6.50,元/千克(kg) ,石家庄桥西蔬菜中心批发市场有限公司,查找
[2021-11-12],菜花,¥9.00,¥9.00,¥9.00,元/千克(kg) ,辽宁鞍山宁远农产品批发市场,查找
[2021-11-12],菜花,¥0.00,¥0.00,¥7.00,元/千克(kg) ,山东滨州(六街）鲁北蔬菜批发市场,查找
[2021-11-12],菜花,¥4.00,¥4.50,¥4.25,元/千克(kg) ,新疆克拉玛依农副产品批发市场,查找
[2021-11-12],菜花,¥6.00,¥6.40,¥6.10,元/千克(kg) ,四川南充川北农产品交易有限公司,查找
[2021-11-12],韭黄,¥28.00,¥29.00,¥28.50,元/千克(kg) ,新疆克拉玛依农副产品批发市场,查找
[2021-11-12],韭黄,¥0.00,¥0.00,¥11.60,元/千克(kg) ,绵阳市高水农副产品批发有限公司,查找
[2021-11-12],韭黄,¥8.00,¥16.00,¥12.00,元/千克(kg) ,四川南充川北农产品交易有限公司,查找
[2021-11-12],韭黄,¥10.00,¥13.00,¥11.50,元/千克(kg) ,江苏苏州南环桥农副产品批发市场,查找
[2021-11-12],黄豆芽,¥2.50,¥2.50,¥2.50,元/千克(kg) ,新疆克拉玛依农副产品批发市场,查找
[2021-11-12],黄豆芽,¥2.40,¥3.00,¥2.50,元/千克(kg) ,甘肃酒泉春光农产品市场有限责任公司,查找
[2021-11-12],黄豆芽,¥0.00,¥0.00,¥3.60,元/千克(kg) ,绵阳市高水农副产品批发有限公司,查找
[2021-11-12],黄豆芽,¥2.00,¥2.00,¥2.00,元/千克(kg) ,石家庄桥西蔬菜中心批发市场有限公司,查找
[2021-11-12],黄豆芽,¥0.00,¥0.00,¥2.00,元/千克(kg) ,四川南充川北农产品交易有限公司,查找
[2021-11-12],黄豆芽,¥2.00,¥2.20,¥2.10,元/千克(kg) ,江苏苏州南环桥农副产品批发市场,查找
[2021-11-12],绿豆芽,¥2.50,¥2.50,¥2.50,元/千克(kg) ,新疆克拉玛依农副产品批发市场,查找
[2021-11-12],绿豆芽,¥2.80,¥3.00,¥2.90,元/千克(kg) ,甘肃酒泉春光农产品市场有限责任公司,查找
[2021-11-12],绿豆芽,¥0.00,¥0.00,¥2.00,元/千克(kg) ,福建厦门同安闽南果蔬批发市场,查找
[2021-11-12],绿豆芽,¥2.00,¥2.00,¥2.00,元/千克(kg) ,石家庄桥西蔬菜中心批发市场有限公司,查找
[2021-11-12],绿豆芽,¥0.00,¥0.00,¥2.00,元/千克(kg) ,四川南充川北农产品交易有限公司,查找
[2021-11-12],绿豆芽,¥2.20,¥2.40,¥2.30,元/千克(kg) ,江苏苏州南环桥农副产品批发市场,查找
[2021-11-12],竹笋,¥10.00,¥10.00,¥10.00,元/千克(kg) ,辽宁鞍山宁远农产品批发市场,查找
[2021-11-12],蒜薹,¥8.00,¥14.00,¥8.60,元/千克(kg) ,甘肃酒泉春光农产品市场有限责任公司,查找
[2021-11-12],茄子,¥3.00,¥4.00,¥3.00,元/千克(kg) ,北京水屯农副产品批发市场中心,查找
[2021-11-12],红椒,¥10.80,¥15.00,¥11.00,元/千克(kg) ,呼和浩特市东瓦窑农副产品批发市场有限...,查找
[2021-11-12],红椒,¥12.00,¥14.00,¥13.00,元/千克(kg) ,山西晋城绿欣农产品批发交易中心,查找
[2021-11-12],红椒,¥5.80,¥6.20,¥6.00,元/千克(kg) ,新疆克拉玛依农副产品批发市场,查找
[2021-11-12],红椒,¥5.50,¥6.50,¥6.00,元/千克(kg) ,武汉白沙洲农副产品大市场有限公司,查找
[2021-11-12],青椒,¥0.00,¥0.00,¥10.00,元/千克(kg) ,四川广安市邻水县农产品交易中心,查找
[2021-11-12],青椒,¥6.00,¥7.00,¥6.50,元/千克(kg) ,湖南长沙马王堆农产品股份有限公司,查找
[2021-11-12],青椒,¥8.00,¥10.00,¥9.00,元/千克(kg) ,乌鲁木齐北园春（集团）有限责任公司北...,查找
[2021-11-12],青椒,¥6.00,¥7.00,¥6.50,元/千克(kg) ,甘肃酒泉春光农产品市场有限责任公司,查找
[2021-11-12],青椒,¥4.80,¥5.20,¥5.00,元/千克(kg) ,两湖绿谷物流股份有限公司,查找
[2021-11-12],青椒,¥8.40,¥8.60,¥8.50,元/千克(kg) ,山西晋城绿欣农产品批发交易中心,查找
[2021-11-12],青椒,¥9.40,¥12.00,¥10.00,元/千克(kg) ,呼和浩特市东瓦窑农副产品批发市场有限...,查找
[2021-11-12],青椒,¥0.00,¥0.00,¥7.90,元/千克(kg) ,天津碧城农产品批发市场,查找
[2021-11-12],青椒,¥4.00,¥6.40,¥5.20,元/千克(kg) ,天津韩家墅海吉星农产品物流有限公司,查找
[2021-11-12],青椒,¥7.00,¥8.00,¥7.40,元/千克(kg) ,上海市江桥批发市场经营管理有限公司,查找
[2021-11-12],茭白,¥4.00,¥4.60,¥4.30,元/千克(kg) ,上海市江桥批发市场经营管理有限公司,查找
[2021-11-12],青椒,¥6.00,¥6.20,¥6.10,元/千克(kg) ,新疆克拉玛依农副产品批发市场,查找
[2021-11-12],青椒,¥0.00,¥0.00,¥7.00,元/千克(kg) ,山东滨州(六街）鲁北蔬菜批发市场,查找
[2021-11-12],青椒,¥8.00,¥9.00,¥8.40,元/千克(kg) ,四川南充川北农产品交易有限公司,查找
[2021-11-12],青椒,¥0.00,¥0.00,¥8.00,元/千克(kg) ,山西汾阳市晋阳农副产品批发市场,查找
[2021-11-12],青椒,¥6.00,¥6.00,¥6.00,元/千克(kg) ,邯郸市(馆陶)金凤禽蛋农贸批发市场,查找
[2021-11-12],青椒,¥0.00,¥0.00,¥7.50,元/千克(kg) ,福建厦门同安闽南果蔬批发市场,查找
[2021-11-12],青椒,¥0.00,¥0.00,¥7.80,元/千克(kg) ,绵阳市高水农副产品批发有限公司,查找
[2021-11-12],青椒,¥2.00,¥4.00,¥3.00,元/千克(kg) ,北京水屯农副产品批发市场中心,查找
[2021-11-12],青椒,¥8.00,¥10.00,¥9.00,元/千克(kg) ,上海农产品中心批发市场经营管理有限公司,查找
[2021-11-12],金针菇,¥9.00,¥11.00,¥10.00,元/千克(kg) ,四川成都龙泉聚和(国际)果蔬菜交易中心,查找
[2021-11-12],金针菇,¥0.00,¥0.00,¥10.00,元/千克(kg) ,新疆绿珠九鼎农产品经营管理有限公司,查找
[2021-11-12],金针菇,¥3.00,¥3.33,¥3.14,元/千克(kg) ,中国寿光地利农产品物流园有限公司,查找
[2021-11-12],金针菇,¥8.00,¥8.00,¥8.00,元/千克(kg) ,黑龙江鹤岗市万圃源蔬菜有限责任公司,查找
[2021-11-12],金针菇,¥4.20,¥6.80,¥5.50,元/千克(kg) ,广东汕头农副产品批发中心市场,查找
[2021-11-12],金针菇,¥7.60,¥8.00,¥7.80,元/千克(kg) ,陕西咸阳新阳光批发市场,查找
[2021-11-12],金针菇,¥8.00,¥8.00,¥8.00,元/千克(kg) ,山东青岛黄河路农产品批发市场,查找
[2021-11-12],金针菇,¥7.40,¥8.00,¥7.70,元/千克(kg) ,徐州农副产品中心批发市场,查找
[2021-11-12],金针菇,¥5.80,¥6.20,¥6.00,元/千克(kg) ,江西乐平市蔬菜批发大市场,查找
[2021-11-12],金针菇,¥0.00,¥0.00,¥8.00,元/千克(kg) ,山东淄博市鲁中蔬菜批发市场,查找
[2021-11-12],金针菇,¥8.00,¥9.00,¥8.50,元/千克(kg) ,江苏宜兴市瑞德蔬菜果品批发市场有限公司,查找
[2021-11-12],金针菇,¥8.36,¥9.24,¥8.80,元/千克(kg) ,红星实业集团有限公司红星农副产品大市场,查找
[2021-11-12],金针菇,¥6.60,¥8.60,¥7.60,元/千克(kg) ,湖北省洪湖农贸市场,查找
[2021-11-12],金针菇,¥7.00,¥8.00,¥7.50,元/千克(kg) ,北京朝阳区大洋路综合市场,查找
[2021-11-12],金针菇,¥6.50,¥7.50,¥7.00,元/千克(kg) ,武汉白沙洲农副产品大市场有限公司,查找
[2021-11-12],金针菇,¥7.00,¥10.00,¥8.50,元/千克(kg) ,河南万邦国际农产品物流股份有限公司,查找
[2021-11-12],金针菇,¥0.00,¥0.00,¥8.40,元/千克(kg) ,安徽省淮北市中瑞农产品批发市场,查找
[2021-11-12],金针菇,¥8.00,¥8.00,¥8.00,元/千克(kg) ,湖北鄂州市蟠龙蔬菜批发市场,查找
[2021-11-12],金针菇,¥5.60,¥6.00,¥5.80,元/千克(kg) ,山西太原丈子头农产品物流园（原城东利民）,查找
[2021-11-12],香菇,¥0.00,¥0.00,¥6.50,元/千克(kg) ,四川雅安市汉源县九襄农产品批发市场,查找
[2021-11-12],香菇,¥11.66,¥13.14,¥12.40,元/千克(kg) ,红星实业集团有限公司红星农副产品大市场,查找
[2021-11-12],香菇,¥10.00,¥13.00,¥11.60,元/千克(kg) ,甘肃天水市瀛池果菜批发市场,查找
[2021-11-12],香菇,¥7.00,¥8.00,¥7.50,元/千克(kg) ,辽宁朝阳市果菜批发市场,查找
[2021-11-12],香菇,¥10.00,¥13.00,¥12.30,元/千克(kg) ,安徽六安市裕安区紫竹林农产品批发市场,查找
[2021-11-12],香菇,¥9.00,¥13.00,¥11.00,元/千克(kg) ,广西新柳邕农产品批发市场有限公司,查找
[2021-12-28],油麦菜,¥4.50,¥6.50,¥5.50,元/千克(kg) ,乌鲁木齐北园春（集团）有限责任公司北...,查找
[2021-12-28],油麦菜,¥3.00,¥3.20,¥3.00,元/千克(kg) ,山西新绛县蔬菜批发市场,查找
[2021-12-28],油麦菜,¥3.80,¥4.00,¥3.80,元/千克(kg) ,甘肃武山县蔬菜事业管理局,查找
[2021-12-28],油麦菜,¥4.00,¥4.60,¥4.30,元/千克(kg) ,河南万邦国际农产品物流股份有限公司,查找
[2021-12-28],油麦菜,¥6.80,¥7.60,¥7.20,元/千克(kg) ,三门峡金河农产品批发交易中心,查找
[2021-12-28],油麦菜,¥5.00,¥5.00,¥5.00,元/千克(kg) ,辽宁鞍山宁远农产品批发市场,查找
[2021-12-28],油麦菜,¥0.00,¥0.00,¥7.00,元/千克(kg) ,呼和浩特市美通首府无公害农产品批发市场,查找
[2021-12-28],油麦菜,¥6.00,¥8.00,¥7.00,元/千克(kg) ,北京京丰岳各庄农副产品批发市场,查找
[2021-12-28],油麦菜,¥4.00,¥5.00,¥4.50,元/千克(kg) ,湖南常德甘露寺蔬菜批发市场,查找
[2021-12-28],油麦菜,¥4.00,¥4.00,¥4.00,元/千克(kg) ,晋城市绿盛农工商实业有限公司农副产品...,查找
[2021-12-28],油麦菜,¥3.50,¥4.50,¥3.50,元/千克(kg) ,新疆乌鲁木齐凌庆蔬菜果品有限公司,查找
[2021-12-28],油麦菜,¥7.60,¥8.00,¥7.80,元/千克(kg) ,张北县坝上蔬菜产业有限公司,查找
[2021-12-28],油麦菜,¥6.00,¥7.20,¥6.60,元/千克(kg) ,河北秦皇岛海阳农副产品批发市场,查找
[2021-12-28],油麦菜,¥3.00,¥4.00,¥3.50,元/千克(kg) ,江苏宜兴市瑞德蔬菜果品批发市场有限公司,查找
[2021-12-28],油麦菜,¥5.60,¥6.00,¥5.80,元/千克(kg) ,山西太原丈子头农产品物流园（原城东利民）,查找
[2021-12-28],油麦菜,¥3.60,¥5.00,¥4.30,元/千克(kg) ,江苏苏州南环桥农副产品批发市场,查找
[2021-12-28],油麦菜,¥4.00,¥4.00,¥4.00,元/千克(kg) ,湖南吉首市蔬菜果品批发大市场,查找
[2021-12-28],油麦菜,¥6.00,¥8.00,¥7.00,元/千克(kg) ,陕西咸阳新阳光批发市场,查找
[2021-12-28],油麦菜,¥7.00,¥9.00,¥8.00,元/千克(kg) ,天津市红旗农贸综合批发市场有限公司,查找
[2021-12-28],油麦菜,¥3.00,¥4.00,¥3.50,元/千克(kg) ,新疆九鼎恒兴蔬菜经营管理有限公司,查找
[2021-12-28],油麦菜,¥4.20,¥6.00,¥5.10,元/千克(kg) ,湖北浠水农产品批发市场,查找
[2021-12-28],油麦菜,¥4.00,¥4.40,¥4.20,元/千克(kg) ,两湖绿谷物流股份有限公司,查找
[2021-12-28],油麦菜,¥5.60,¥6.00,¥6.00,元/千克(kg) ,江苏丰县农林局,查找
[2021-12-28],油麦菜,¥5.40,¥6.00,¥5.70,元/千克(kg) ,北京新发地农副产品批发市场信息中心,查找
[2021-12-28],香菜,¥0.00,¥0.00,¥10.00,元/千克(kg) ,内蒙赤峰西城市场,查找
[2021-11-12],平菇,¥12.00,¥13.00,¥12.50,元/千克(kg) ,新疆克拉玛依农副产品批发市场,查找
[2021-11-12],平菇,¥0.00,¥0.00,¥6.50,元/千克(kg) ,天津碧城农产品批发市场,查找
[2021-11-12],平菇,¥7.60,¥9.00,¥8.40,元/千克(kg) ,四川南充川北农产品交易有限公司,查找
[2021-11-12],平菇,¥6.00,¥8.00,¥7.00,元/千克(kg) ,北京水屯农副产品批发市场中心,查找
[2021-11-12],平菇,¥0.00,¥0.00,¥9.40,元/千克(kg) ,四川广安市邻水县农产品交易中心,查找
[2021-11-12],平菇,¥7.00,¥9.00,¥8.00,元/千克(kg) ,上海农产品中心批发市场经营管理有限公司,查找
[2021-11-12],平菇,¥5.00,¥5.00,¥5.00,元/千克(kg) ,邯郸市(馆陶)金凤禽蛋农贸批发市场,查找
[2021-11-12],蘑菇,¥5.60,¥6.00,¥5.80,元/千克(kg) ,石家庄桥西蔬菜中心批发市场有限公司,查找
[2021-11-12],蘑菇,¥5.40,¥12.00,¥6.00,元/千克(kg) ,上海市江桥批发市场经营管理有限公司,查找
[2021-11-12],黄瓜,¥9.00,¥13.00,¥11.00,元/千克(kg) ,大连双兴商品城有限公司,查找
[2021-11-12],蘑菇,¥9.00,¥10.00,¥9.50,元/千克(kg) ,甘肃酒泉春光农产品市场有限责任公司,查找
[2021-11-12],鲜食玉米,¥0.00,¥0.00,¥4.20,元/千克(kg) ,福建厦门同安闽南果蔬批发市场,查找
[2021-11-12],鲜食玉米,¥4.00,¥5.40,¥4.60,元/千克(kg) ,上海市江桥批发市场经营管理有限公司,查找
[2021-11-12],毛豆,¥9.00,¥11.00,¥10.00,元/千克(kg) ,呼和浩特市东瓦窑农副产品批发市场有限...,查找
[2021-11-12],毛豆,¥0.00,¥0.00,¥10.00,元/千克(kg) ,天津碧城农产品批发市场,查找
[2021-11-12],毛豆,¥0.00,¥0.00,¥6.00,元/千克(kg) ,四川南充川北农产品交易有限公司,查找
[2021-11-12],豌豆尖,¥12.00,¥18.00,¥14.00,元/千克(kg) ,四川南充川北农产品交易有限公司,查找
[2021-11-12],豌豆尖,¥20.00,¥0.00,¥25.00,元/千克(kg) ,新疆兵团第五师三和农副产品综合批发市场,查找
[2021-11-12],豇豆,¥6.00,¥8.00,¥7.00,元/千克(kg) ,北京水屯农副产品批发市场中心,查找
[2021-11-12],豇豆,¥7.00,¥9.20,¥8.00,元/千克(kg) ,上海市江桥批发市场经营管理有限公司,查找
[2021-11-12],豇豆,¥0.00,¥0.00,¥12.00,元/千克(kg) ,天津碧城农产品批发市场,查找
[2021-11-12],豇豆,¥8.20,¥8.60,¥8.40,元/千克(kg) ,两湖绿谷物流股份有限公司,查找
[2021-11-12],豇豆,¥18.00,¥19.00,¥18.50,元/千克(kg) ,新疆克拉玛依农副产品批发市场,查找
[2021-11-12],豇豆,¥10.00,¥12.00,¥11.00,元/千克(kg) ,甘肃酒泉春光农产品市场有限责任公司,查找
[2021-11-12],豇豆,¥13.80,¥15.80,¥14.80,元/千克(kg) ,乌鲁木齐北园春（集团）有限责任公司北...,查找
[2021-12-28],红椒,¥9.60,¥10.00,¥9.80,元/千克(kg) ,湖南吉首市蔬菜果品批发大市场,查找
[2021-12-28],红椒,¥11.00,¥12.00,¥11.50,元/千克(kg) ,陕西咸阳新阳光批发市场,查找
[2021-12-28],红椒,¥7.10,¥8.30,¥7.70,元/千克(kg) ,红星实业集团有限公司红星农副产品大市场,查找
[2021-12-28],红椒,¥6.00,¥7.00,¥7.00,元/千克(kg) ,江苏丰县农林局,查找
[2021-12-28],青椒,¥5.40,¥6.00,¥5.80,元/千克(kg) ,呼和浩特市东瓦窑农副产品批发市场有限...,查找
[2021-12-28],青椒,¥4.00,¥5.20,¥4.40,元/千克(kg) ,山西新绛县蔬菜批发市场,查找
[2021-12-28],青椒,¥6.00,¥7.60,¥7.00,元/千克(kg) ,青岛市城阳蔬菜水产品批发市场有限公司,查找
[2021-12-28],青椒,¥4.80,¥5.20,¥5.00,元/千克(kg) ,山西省长治市紫坊农产品综合交易市场有...,查找
[2021-12-28],青椒,¥4.00,¥6.00,¥5.00,元/千克(kg) ,江苏凌家塘农副产品批发市场,查找
[2021-12-28],青椒,¥0.00,¥0.00,¥5.00,元/千克(kg) ,山西临汾尧丰农副产品批发市场,查找
[2021-12-28],青椒,¥0.00,¥0.00,¥4.80,元/千克(kg) ,呼和浩特市美通首府无公害农产品批发市场,查找
[2021-12-28],青椒,¥7.50,¥9.50,¥8.50,元/千克(kg) ,乌鲁木齐北园春（集团）有限责任公司北...,查找
[2021-12-28],青椒,¥3.00,¥6.60,¥4.50,元/千克(kg) ,佛山中南农产品交易中心,查找
[2021-12-28],青椒,¥5.60,¥7.00,¥6.30,元/千克(kg) ,南昌深圳农产品中心批发市场有限公司,查找
[2021-12-28],青椒,¥4.00,¥6.00,¥5.00,元/千克(kg) ,三门峡金河农产品批发交易中心,查找
[2021-12-28],青椒,¥4.00,¥4.40,¥4.40,元/千克(kg) ,甘肃武山县蔬菜事业管理局,查找
[2021-12-28],青椒,¥3.20,¥4.80,¥4.00,元/千克(kg) ,河南万邦国际农产品物流股份有限公司,查找
[2021-12-28],青椒,¥6.00,¥7.00,¥6.60,元/千克(kg) ,四川成都龙泉聚和(国际)果蔬菜交易中心,查找
[2021-12-28],青椒,¥0.00,¥0.00,¥10.00,元/千克(kg) ,绍兴市蔬菜果品批发交易市场有限公司,查找
[2021-12-28],青椒,¥0.00,¥0.00,¥4.40,元/千克(kg) ,河南濮阳宏进农副产品批发市场有限公司...,查找
[2021-12-28],青椒,¥3.60,¥6.00,¥4.40,元/千克(kg) ,北京京丰岳各庄农副产品批发市场,查找
[2021-12-28],青椒,¥5.00,¥5.00,¥5.00,元/千克(kg) ,晋城市绿盛农工商实业有限公司农副产品...,查找
[2021-12-28],青椒,¥8.00,¥10.00,¥9.00,元/千克(kg) ,浙江嘉善曹安农产品批发有限公司,查找
[2021-12-28],青椒,¥5.00,¥5.60,¥5.30,元/千克(kg) ,湖南常德甘露寺蔬菜批发市场,查找
[2021-12-28],青椒,¥5.00,¥7.00,¥6.00,元/千克(kg) ,安徽亳州农产品有限责任公司,查找
[2021-11-12],蒜薹,¥6.00,¥6.00,¥6.00,元/千克(kg) ,邯郸市(馆陶)金凤禽蛋农贸批发市场,查找
[2021-11-12],菜苔,¥7.20,¥8.00,¥7.60,元/千克(kg) ,两湖绿谷物流股份有限公司,查找
[2021-11-12],茭白,¥20.00,¥25.00,¥22.00,元/千克(kg) ,乌鲁木齐北园春（集团）有限责任公司北...,查找
[2021-11-12],茭白,¥14.00,¥14.00,¥14.00,元/千克(kg) ,两湖绿谷物流股份有限公司,查找
[2021-11-12],茭白,¥14.00,¥16.00,¥15.00,元/千克(kg) ,呼和浩特市东瓦窑农副产品批发市场有限...,查找
[2021-11-12],芋头,¥12.00,¥15.00,¥12.00,元/千克(kg) ,乌鲁木齐北园春（集团）有限责任公司北...,查找
[2021-11-12],芋头,¥5.20,¥8.00,¥6.60,元/千克(kg) ,天津韩家墅海吉星农产品物流有限公司,查找
[2021-11-12],莲藕,¥7.00,¥7.00,¥7.00,元/千克(kg) ,邯郸市(馆陶)金凤禽蛋农贸批发市场,查找
[2021-11-12],莲藕,¥4.40,¥6.00,¥5.20,元/千克(kg) ,湖南长沙马王堆农产品股份有限公司,查找
[2021-11-12],莲藕,¥9.00,¥11.00,¥10.00,元/千克(kg) ,乌鲁木齐北园春（集团）有限责任公司北...,查找
[2021-11-12],莲藕,¥6.00,¥7.00,¥6.50,元/千克(kg) ,天津韩家墅海吉星农产品物流有限公司,查找
[2021-11-12],莲藕,¥4.00,¥6.00,¥5.00,元/千克(kg) ,两湖绿谷物流股份有限公司,查找
[2021-11-12],莲藕,¥8.00,¥11.00,¥8.40,元/千克(kg) ,呼和浩特市东瓦窑农副产品批发市场有限...,查找
[2021-11-12],莲藕,¥0.00,¥0.00,¥7.00,元/千克(kg) ,四川广安市邻水县农产品交易中心,查找
[2021-11-12],山药,¥6.00,¥8.00,¥7.00,元/千克(kg) ,乌鲁木齐北园春（集团）有限责任公司北...,查找
[2021-11-12],山药,¥6.00,¥9.00,¥7.50,元/千克(kg) ,天津韩家墅海吉星农产品物流有限公司,查找
[2021-11-12],莲藕,¥0.00,¥0.00,¥7.80,元/千克(kg) ,天津碧城农产品批发市场,查找
[2021-11-12],青笋,¥0.00,¥0.00,¥4.10,元/千克(kg) ,天津碧城农产品批发市场,查找
[2021-11-12],青笋,¥36.00,¥40.00,¥38.00,元/千克(kg) ,呼和浩特市东瓦窑农副产品批发市场有限...,查找
[2021-11-12],莴笋,¥4.00,¥4.00,¥4.00,元/千克(kg) ,邯郸市(馆陶)金凤禽蛋农贸批发市场,查找
[2021-11-12],土豆,¥1.60,¥2.40,¥2.00,元/千克(kg) ,天津韩家墅海吉星农产品物流有限公司,查找
[2021-11-12],莴笋,¥5.40,¥6.00,¥5.80,元/千克(kg) ,呼和浩特市东瓦窑农副产品批发市场有限...,查找
[2021-11-12],莴笋,¥3.80,¥5.80,¥4.80,元/千克(kg) ,乌鲁木齐北园春（集团）有限责任公司北...,查找
[2021-11-12],土豆,¥3.60,¥5.60,¥4.60,元/千克(kg) ,乌鲁木齐北园春（集团）有限责任公司北...,查找
[2021-11-12],莴笋,¥1.40,¥2.60,¥2.00,元/千克(kg) ,两湖绿谷物流股份有限公司,查找
[2021-11-12],洋白菜,¥0.00,¥0.00,¥4.70,元/千克(kg) ,天津碧城农产品批发市场,查找
[2021-11-12],洋白菜,¥3.00,¥3.00,¥3.00,元/千克(kg) ,邯郸市(馆陶)金凤禽蛋农贸批发市场,查找
[2021-11-12],胡萝卜,¥0.00,¥0.00,¥2.90,元/千克(kg) ,天津碧城农产品批发市场,查找
[2021-11-12],大白菜,¥0.00,¥0.00,¥2.00,元/千克(kg) ,天津碧城农产品批发市场,查找
[2021-11-12],大白菜,¥3.00,¥3.00,¥3.00,元/千克(kg) ,邯郸市(馆陶)金凤禽蛋农贸批发市场,查找
[2021-11-12],胡萝卜,¥2.00,¥2.60,¥2.20,元/千克(kg) ,北京水屯农副产品批发市场中心,查找
[2021-11-12],白萝卜,¥1.00,¥1.40,¥1.20,元/千克(kg) ,北京水屯农副产品批发市场中心,查找
[2021-11-12],蒜苗,¥8.00,¥10.00,¥9.00,元/千克(kg) ,北京水屯农副产品批发市场中心,查找
[2021-11-12],韭菜,¥4.00,¥6.00,¥5.00,元/千克(kg) ,北京水屯农副产品批发市场中心,查找
[2021-11-12],小白菜,¥3.00,¥5.00,¥4.00,元/千克(kg) ,北京水屯农副产品批发市场中心,查找
[2021-11-12],油菜,¥4.00,¥6.00,¥5.00,元/千克(kg) ,北京水屯农副产品批发市场中心,查找
[2021-11-12],洋白菜,¥2.00,¥3.00,¥2.60,元/千克(kg) ,北京水屯农副产品批发市场中心,查找
[2021-11-12],茼蒿,¥4.00,¥8.00,¥6.00,元/千克(kg) ,北京水屯农副产品批发市场中心,查找
[2021-11-12],大白菜,¥1.60,¥2.00,¥1.80,元/千克(kg) ,北京水屯农副产品批发市场中心,查找
[2021-11-12],西兰花,¥0.00,¥0.00,¥8.80,元/千克(kg) ,绵阳市高水农副产品批发有限公司,查找
[2021-11-12],西兰花,¥7.00,¥9.00,¥8.00,元/千克(kg) ,石家庄桥西蔬菜中心批发市场有限公司,查找
[2021-11-12],西兰花,¥12.00,¥12.00,¥12.00,元/千克(kg) ,辽宁鞍山宁远农产品批发市场,查找
[2021-11-12],西兰花,¥0.00,¥0.00,¥7.00,元/千克(kg) ,山东滨州(六街）鲁北蔬菜批发市场,查找
[2021-11-12],西兰花,¥8.00,¥8.20,¥8.10,元/千克(kg) ,新疆克拉玛依农副产品批发市场,查找
[2021-11-12],茼蒿,¥4.00,¥4.00,¥4.00,元/千克(kg) ,石家庄桥西蔬菜中心批发市场有限公司,查找
[2021-11-12],菜花,¥9.00,¥9.40,¥9.20,元/千克(kg) ,山西晋城绿欣农产品批发交易中心,查找
[2021-11-12],菜花,¥3.00,¥4.00,¥3.50,元/千克(kg) ,甘肃酒泉春光农产品市场有限责任公司,查找
[2021-11-12],菜花,¥8.00,¥9.00,¥8.50,元/千克(kg) ,上海农产品中心批发市场经营管理有限公司,查找
[2021-11-12],菜花,¥4.00,¥9.00,¥6.50,元/千克(kg) ,江苏苏州南环桥农副产品批发市场,查找
[2021-11-12],菜花,¥0.00,¥0.00,¥5.60,元/千克(kg) ,山西汾阳市晋阳农副产品批发市场,查找
[2021-11-12],平菇,¥7.00,¥9.50,¥9.00,元/千克(kg) ,新疆九鼎恒兴蔬菜经营管理有限公司,查找
[2021-11-12],平菇,¥10.00,¥10.00,¥10.00,元/千克(kg) ,广西新柳邕农产品批发市场有限公司,查找
[2021-11-12],平菇,¥4.60,¥5.00,¥4.80,元/千克(kg) ,河北秦皇岛海阳农副产品批发市场,查找
[2021-11-12],平菇,¥7.00,¥8.00,¥7.60,元/千克(kg) ,北京京丰岳各庄农副产品批发市场,查找
[2021-11-12],平菇,¥7.00,¥8.00,¥7.50,元/千克(kg) ,山西省太原市河西农产品有限公司,查找
[2021-11-12],平菇,¥11.00,¥11.00,¥11.00,元/千克(kg) ,黑龙江鹤岗市万圃源蔬菜有限责任公司,查找
[2021-11-12],平菇,¥3.00,¥5.00,¥4.00,元/千克(kg) ,江苏苏州南环桥农副产品批发市场,查找
[2021-11-12],平菇,¥3.80,¥4.20,¥4.00,元/千克(kg) ,南京农副产品物流配送中心有限公司,查找
[2021-11-12],平菇,¥0.00,¥0.00,¥10.00,元/千克(kg) ,新疆绿珠九鼎农产品经营管理有限公司,查找
[2021-11-12],平菇,¥0.00,¥0.00,¥6.00,元/千克(kg) ,河南濮阳宏进农副产品批发市场有限公司...,查找
[2021-11-12],平菇,¥5.80,¥6.20,¥6.00,元/千克(kg) ,湖北省孝感市南大农产品批发市场,查找
[2021-11-12],平菇,¥0.00,¥0.00,¥12.40,元/千克(kg) ,绵阳市高水农副产品批发有限公司,查找
[2021-11-12],平菇,¥2.00,¥4.00,¥2.32,元/千克(kg) ,乐亭县冀东果菜批发市场,查找
[2021-11-12],平菇,¥4.80,¥5.20,¥5.00,元/千克(kg) ,三门峡金河农产品批发交易中心,查找
[2021-11-12],平菇,¥6.00,¥7.00,¥6.50,元/千克(kg) ,辽宁鞍山宁远农产品批发市场,查找
[2021-11-12],平菇,¥6.40,¥9.00,¥6.40,元/千克(kg) ,南昌深圳农产品中心批发市场有限公司,查找
[2021-11-12],蘑菇,¥3.00,¥4.00,¥3.60,元/千克(kg) ,山东章丘蔬菜批发市场,查找
[2021-11-12],蘑菇,¥6.00,¥7.00,¥6.50,元/千克(kg) ,山西省长治市紫坊农产品综合交易市场有...,查找
[2021-11-12],蘑菇,¥8.00,¥10.00,¥9.00,元/千克(kg) ,山东青岛黄河路农产品批发市场,查找
[2021-11-12],蘑菇,¥7.00,¥7.00,¥7.00,元/千克(kg) ,内蒙包头市友谊蔬菜批发市场,查找
[2021-11-12],蘑菇,¥10.00,¥12.00,¥11.00,元/千克(kg) ,南京农副产品物流配送中心有限公司,查找
[2021-11-12],毛豆,¥6.00,¥8.20,¥7.10,元/千克(kg) ,广东汕头农副产品批发中心市场,查找
[2021-11-12],毛豆,¥10.00,¥13.00,¥11.50,元/千克(kg) ,徐州农副产品中心批发市场,查找
[2021-11-12],毛豆,¥3.20,¥3.60,¥3.40,元/千克(kg) ,江西乐平市蔬菜批发大市场,查找
[2021-11-12],毛豆,¥8.00,¥9.00,¥8.50,元/千克(kg) ,北京朝阳区大洋路综合市场,查找
[2021-11-12],南瓜,¥1.60,¥2.00,¥1.80,元/千克(kg) ,山西省长治市紫坊农产品综合交易市场有...,查找
[2021-11-12],南瓜,¥1.20,¥7.60,¥4.40,元/千克(kg) ,江苏苏州南环桥农副产品批发市场,查找
[2021-11-12],南瓜,¥6.00,¥6.00,¥6.00,元/千克(kg) ,山东青岛黄河路农产品批发市场,查找
[2021-11-12],南瓜,¥1.20,¥3.00,¥2.00,元/千克(kg) ,四川成都龙泉聚和(国际)果蔬菜交易中心,查找
[2021-11-12],南瓜,¥1.80,¥2.00,¥1.90,元/千克(kg) ,广西新柳邕农产品批发市场有限公司,查找
[2021-11-12],南瓜,¥2.00,¥2.00,¥2.00,元/千克(kg) ,辽宁鞍山宁远农产品批发市场,查找
[2021-11-12],南瓜,¥1.35,¥1.80,¥1.58,元/千克(kg) ,红星实业集团有限公司红星农副产品大市场,查找
[2021-11-12],南瓜,¥1.00,¥1.40,¥1.20,元/千克(kg) ,三门峡金河农产品批发交易中心,查找
[2021-11-12],南瓜,¥1.40,¥1.60,¥1.50,元/千克(kg) ,广东汕头农副产品批发中心市场,查找
[2021-11-12],南瓜,¥0.00,¥0.00,¥2.04,元/千克(kg) ,江苏无锡朝阳农产品大市场,查找
[2021-11-12],南瓜,¥2.60,¥5.00,¥4.20,元/千克(kg) ,青岛市城阳蔬菜水产品批发市场有限公司,查找
[2021-11-12],南瓜,¥0.00,¥0.00,¥1.60,元/千克(kg) ,山西临汾尧丰农副产品批发市场,查找
[2021-11-12],南瓜,¥1.60,¥1.80,¥1.70,元/千克(kg) ,陕西咸阳新阳光批发市场,查找
[2021-11-12],南瓜,¥1.60,¥2.40,¥1.60,元/千克(kg) ,湖北鄂州市蟠龙蔬菜批发市场,查找
[2021-11-12],南瓜,¥0.00,¥0.00,¥1.80,元/千克(kg) ,安徽省淮北市中瑞农产品批发市场,查找
[2021-11-12],南瓜,¥0.60,¥9.36,¥1.52,元/千克(kg) ,福建省福州市海峡蔬菜批发市场,查找
[2021-11-12],南瓜,¥2.00,¥4.00,¥2.10,元/千克(kg) ,安徽六安市裕安区紫竹林农产品批发市场,查找
[2021-11-12],南瓜,¥2.00,¥2.40,¥2.20,元/千克(kg) ,马鞍山市安民农副产品贸易有限公司,查找
[2021-11-12],南瓜,¥1.10,¥4.00,¥1.50,元/千克(kg) ,广州江南果菜批发市场经营管理有限公司,查找
[2021-11-12],南瓜,¥1.20,¥1.40,¥1.30,元/千克(kg) ,河南万邦国际农产品物流股份有限公司,查找
[2021-11-12],南瓜,¥3.00,¥4.00,¥3.20,元/千克(kg) ,山东青岛莱西市东庄头蔬菜批发市场服务...,查找
[2021-11-12],南瓜,¥1.80,¥3.00,¥2.40,元/千克(kg) ,徐州农副产品中心批发市场,查找
[2021-11-12],南瓜,¥1.80,¥2.00,¥1.90,元/千克(kg) ,西安市朱雀农产品交易中心,查找
[2021-11-12],南瓜,¥0.00,¥0.00,¥1.60,元/千克(kg) ,蚌埠海吉星农产品物流有限公司,查找
[2021-11-12],南瓜,¥1.40,¥1.60,¥1.50,元/千克(kg) ,武汉白沙洲农副产品大市场有限公司,查找
[2021-12-28],洋白菜,¥2.80,¥3.20,¥3.00,元/千克(kg) ,山西省长治市紫坊农产品综合交易市场有...,查找
[2021-12-28],洋白菜,¥1.80,¥3.00,¥2.20,元/千克(kg) ,江苏凌家塘农副产品批发市场,查找
[2021-12-28],洋白菜,¥2.00,¥2.60,¥2.40,元/千克(kg) ,成都市农产品中心批发市场,查找
[2021-12-28],洋白菜,¥0.00,¥0.00,¥2.60,元/千克(kg) ,河南濮阳宏进农副产品批发市场有限公司...,查找
[2021-12-28],洋白菜,¥3.00,¥4.60,¥3.60,元/千克(kg) ,呼和浩特市东瓦窑农副产品批发市场有限...,查找
[2021-12-28],洋白菜,¥2.60,¥3.00,¥2.80,元/千克(kg) ,陕西泾云现代农业股份有限公司云阳蔬菜...,查找
[2021-12-28],洋白菜,¥2.00,¥2.80,¥2.40,元/千克(kg) ,河北魏县天仙果菜批发交易市场,查找
[2021-12-28],洋白菜,¥0.00,¥0.00,¥2.60,元/千克(kg) ,山西临汾尧丰农副产品批发市场,查找
[2021-12-28],洋白菜,¥0.00,¥0.00,¥2.19,元/千克(kg) ,江苏无锡朝阳农产品大市场,查找
[2021-12-28],洋白菜,¥3.00,¥4.00,¥3.50,元/千克(kg) ,山东青岛黄河路农产品批发市场,查找
[2021-12-28],洋白菜,¥0.00,¥0.00,¥3.60,元/千克(kg) ,山东淄博市鲁中蔬菜批发市场,查找
[2021-12-28],洋白菜,¥1.40,¥1.60,¥1.60,元/千克(kg) ,湖北鄂州市蟠龙蔬菜批发市场,查找
[2021-12-28],洋白菜,¥2.60,¥3.00,¥2.80,元/千克(kg) ,山西省太原市河西农产品有限公司,查找
[2021-12-28],洋白菜,¥2.40,¥3.60,¥3.00,元/千克(kg) ,北京顺鑫石门农副产品批发市场,查找
[2021-12-28],洋白菜,¥4.00,¥5.60,¥4.80,元/千克(kg) ,青岛市城阳蔬菜水产品批发市场有限公司,查找
[2021-12-28],洋白菜,¥2.60,¥2.60,¥2.60,元/千克(kg) ,内蒙包头市友谊蔬菜批发市场,查找
[2021-12-28],洋白菜,¥2.50,¥4.00,¥3.25,元/千克(kg) ,大连双兴商品城有限公司,查找
[2021-12-28],洋白菜,¥1.00,¥2.40,¥1.80,元/千克(kg) ,滕州市农副产品物流中心有限公司,查找
[2021-12-28],洋白菜,¥2.20,¥2.80,¥2.40,元/千克(kg) ,山东德州黑马农贸水产批发市场,查找
[2021-12-28],洋白菜,¥1.00,¥2.20,¥1.71,元/千克(kg) ,中国寿光地利农产品物流园有限公司,查找
[2021-12-28],洋白菜,¥0.00,¥0.00,¥3.30,元/千克(kg) ,天津碧城农产品批发市场,查找
[2021-12-28],洋白菜,¥2.60,¥3.40,¥3.00,元/千克(kg) ,天津何庄子鲜活农产品中心批发市场,查找
[2021-12-28],洋白菜,¥2.80,¥3.20,¥3.00,元/千克(kg) ,邵阳市江北农产品批发大市场,查找
[2021-12-28],洋白菜,¥1.50,¥3.50,¥2.00,元/千克(kg) ,广州江南果菜批发市场经营管理有限公司,查找
[2021-12-28],洋白菜,¥3.00,¥3.40,¥3.20,元/千克(kg) ,甘肃酒泉春光农产品市场有限责任公司,查找
[2021-11-12],豆角,¥10.00,¥10.00,¥10.00,元/千克(kg) ,天津何庄子鲜活农产品中心批发市场,查找
[2021-11-12],豆角,¥0.00,¥0.00,¥9.00,元/千克(kg) ,山西汾阳市晋阳农副产品批发市场,查找
[2021-11-12],蒜薹,¥14.00,¥14.00,¥14.00,元/千克(kg) ,辽宁鞍山宁远农产品批发市场,查找
[2021-11-12],豆角,¥3.00,¥9.00,¥5.60,元/千克(kg) ,乐亭县冀东果菜批发市场,查找
[2021-11-12],菜苔,¥0.00,¥0.00,¥5.40,元/千克(kg) ,绵阳市高水农副产品批发有限公司,查找
[2021-11-12],豆角,¥5.00,¥12.00,¥8.50,元/千克(kg) ,河北秦皇岛海阳农副产品批发市场,查找
[2021-11-12],豆角,¥9.50,¥11.50,¥10.50,元/千克(kg) ,武汉白沙洲农副产品大市场有限公司,查找
[2021-11-12],豆角,¥1.00,¥15.36,¥8.34,元/千克(kg) ,福建省福州市海峡蔬菜批发市场,查找
[2021-11-12],马蹄,¥5.00,¥6.60,¥5.80,元/千克(kg) ,江苏苏州南环桥农副产品批发市场,查找
[2021-11-12],慈菇,¥6.00,¥7.60,¥6.80,元/千克(kg) ,江苏苏州南环桥农副产品批发市场,查找
[2021-11-12],豆角,¥9.60,¥9.60,¥9.60,元/千克(kg) ,陕西泾云现代农业股份有限公司云阳蔬菜...,查找
[2021-11-12],豆角,¥4.00,¥6.00,¥5.00,元/千克(kg) ,山东章丘蔬菜批发市场,查找
[2021-11-12],豆角,¥7.40,¥11.00,¥9.40,元/千克(kg) ,浙江宁波市蔬菜副食品批发交易市场,查找
[2021-11-12],豆角,¥5.00,¥8.00,¥7.00,元/千克(kg) ,山东青岛莱西市东庄头蔬菜批发市场服务...,查找
[2021-11-12],豆角,¥6.40,¥6.80,¥6.60,元/千克(kg) ,江西乐平市蔬菜批发大市场,查找
[2021-11-12],豆角,¥7.60,¥8.40,¥8.00,元/千克(kg) ,河南万邦国际农产品物流股份有限公司,查找
[2021-11-12],豆角,¥7.00,¥7.80,¥7.50,元/千克(kg) ,河南商丘市农产品中心批发市场,查找
[2021-11-12],豆角,¥9.00,¥12.00,¥10.00,元/千克(kg) ,青岛抚顺路蔬菜副食品批发市场股份有限公司,查找
[2021-11-12],豆角,¥9.50,¥11.00,¥10.00,元/千克(kg) ,陕西咸阳新阳光批发市场,查找
[2021-11-12],豆角,¥11.00,¥13.00,¥12.00,元/千克(kg) ,吉林省辽源市仙城物流园区有限公司,查找
[2021-11-12],茭白,¥5.00,¥8.00,¥6.50,元/千克(kg) ,江苏苏州南环桥农副产品批发市场,查找
[2021-11-12],莲藕,¥0.00,¥0.00,¥6.60,元/千克(kg) ,绵阳市高水农副产品批发有限公司,查找
[2021-11-12],豆角,¥6.00,¥6.60,¥6.30,元/千克(kg) ,山西省长治市紫坊农产品综合交易市场有...,查找
[2021-11-12],豆角,¥9.00,¥10.00,¥9.50,元/千克(kg) ,青藏高原农副产品集散中心,查找
[2021-11-12],豆角,¥12.00,¥12.00,¥12.00,元/千克(kg) ,山东青岛黄河路农产品批发市场,查找
[2021-11-12],豆角,¥10.00,¥15.00,¥12.00,元/千克(kg) ,安徽亳州农产品有限责任公司,查找
[2021-11-12],豆角,¥10.00,¥16.00,¥13.00,元/千克(kg) ,江苏苏州南环桥农副产品批发市场,查找
[2021-11-12],豆角,¥8.00,¥10.00,¥9.00,元/千克(kg) ,四川成都龙泉聚和(国际)果蔬菜交易中心,查找
[2021-11-12],豆角,¥8.00,¥11.00,¥9.50,元/千克(kg) ,广西新柳邕农产品批发市场有限公司,查找
[2021-11-12],豆角,¥6.80,¥8.20,¥7.50,元/千克(kg) ,红星实业集团有限公司红星农副产品大市场,查找
[2021-11-12],豆角,¥12.00,¥16.00,¥14.00,元/千克(kg) ,甘肃天水市瀛池果菜批发市场,查找
[2021-11-12],豆角,¥7.20,¥7.80,¥7.40,元/千克(kg) ,三门峡金河农产品批发交易中心,查找
[2021-11-12],豆角,¥10.00,¥12.00,¥11.00,元/千克(kg) ,新疆九鼎恒兴蔬菜经营管理有限公司,查找
[2021-11-12],豆角,¥7.80,¥8.80,¥8.30,元/千克(kg) ,北京朝阳区大洋路综合市场,查找
[2021-11-12],豆角,¥10.00,¥14.00,¥14.00,元/千克(kg) ,湖北鄂州市蟠龙蔬菜批发市场,查找
[2021-11-12],豆角,¥8.00,¥8.40,¥8.20,元/千克(kg) ,湖南常德甘露寺蔬菜批发市场,查找
[2021-11-12],豆角,¥10.00,¥12.00,¥11.00,元/千克(kg) ,湖南吉首市蔬菜果品批发大市场,查找
[2021-11-12],豆角,¥12.00,¥12.00,¥12.00,元/千克(kg) ,内蒙包头市友谊蔬菜批发市场,查找
[2021-11-12],豆角,¥0.00,¥0.00,¥6.00,元/千克(kg) ,新疆绿珠九鼎农产品经营管理有限公司,查找
[2021-11-12],豆角,¥14.00,¥14.00,¥14.00,元/千克(kg) ,黑龙江鹤岗市万圃源蔬菜有限责任公司,查找
[2021-11-12],豆角,¥8.00,¥13.00,¥10.00,元/千克(kg) ,北京京丰岳各庄农副产品批发市场,查找
[2021-11-12],豆角,¥7.00,¥8.00,¥7.50,元/千克(kg) ,阜阳农产品中心批发市场,查找
[2021-11-12],豆角,¥0.00,¥0.00,¥9.00,元/千克(kg) ,河南濮阳宏进农副产品批发市场有限公司...,查找
[2021-11-12],豆角,¥3.20,¥12.13,¥6.63,元/千克(kg) ,中国寿光地利农产品物流园有限公司,查找
[2021-11-12],豆角,¥9.20,¥10.00,¥9.60,元/千克(kg) ,山西省太原市河西农产品有限公司,查找
[2021-11-12],豆角,¥5.60,¥7.20,¥6.40,元/千克(kg) ,南昌深圳农产品中心批发市场有限公司,查找
[2021-11-12],豆角,¥6.20,¥7.60,¥6.40,元/千克(kg) ,河北魏县天仙果菜批发交易市场,查找
[2021-11-12],莲藕,¥5.00,¥9.00,¥7.00,元/千克(kg) ,江苏苏州南环桥农副产品批发市场,查找
[2021-11-12],豆角,¥12.00,¥12.00,¥12.00,元/千克(kg) ,辽宁鞍山宁远农产品批发市场,查找
[2021-11-12],豆角,¥10.60,¥11.00,¥10.80,元/千克(kg) ,山西太原丈子头农产品物流园（原城东利民）,查找
[2021-11-12],玉米棒,¥0.00,¥0.00,¥10.00,元/千克(kg) ,绵阳市高水农副产品批发有限公司,查找
[2021-11-12],玉米棒,¥6.00,¥8.00,¥7.00,元/千克(kg) ,四川成都龙泉聚和(国际)果蔬菜交易中心,查找
[2021-11-12],玉米棒,¥4.00,¥4.40,¥4.20,元/千克(kg) ,湖南吉首市蔬菜果品批发大市场,查找
[2021-11-12],玉米棒,¥0.00,¥0.00,¥4.20,元/千克(kg) ,四川雅安市汉源县九襄农产品批发市场,查找
[2021-11-12],玉米棒,¥3.50,¥4.00,¥3.75,元/千克(kg) ,武汉白沙洲农副产品大市场有限公司,查找
[2021-11-12],猴头菇,¥20.00,¥21.00,¥20.50,元/千克(kg) ,北京朝阳区大洋路综合市场,查找
[2021-11-12],油菜,¥2.60,¥5.00,¥3.80,元/千克(kg) ,江苏苏州南环桥农副产品批发市场,查找
[2021-11-12],黑木耳,¥0.00,¥0.00,¥35.00,元/千克(kg) ,新疆绿珠九鼎农产品经营管理有限公司,查找
[2021-11-12],木耳,¥0.00,¥0.00,¥7.80,元/千克(kg) ,安徽省淮北市中瑞农产品批发市场,查找
[2021-11-12],木耳,¥0.00,¥0.00,¥120.00,元/千克(kg) ,四川雅安市汉源县九襄农产品批发市场,查找
[2021-11-12],油菜,¥5.00,¥6.00,¥5.50,元/千克(kg) ,辽宁鞍山宁远农产品批发市场,查找
[2021-11-12],油菜,¥0.00,¥0.00,¥5.60,元/千克(kg) ,山东滨州(六街）鲁北蔬菜批发市场,查找
[2021-11-12],鸡腿菇,¥7.00,¥7.00,¥7.00,元/千克(kg) ,乐亭县冀东果菜批发市场,查找
[2021-11-12],鸡腿菇,¥5.00,¥6.00,¥6.00,元/千克(kg) ,湖北鄂州市蟠龙蔬菜批发市场,查找
[2021-11-12],鸡腿菇,¥7.50,¥8.50,¥8.00,元/千克(kg) ,北京朝阳区大洋路综合市场,查找
[2021-11-12],鸡腿菇,¥10.00,¥12.00,¥11.00,元/千克(kg) ,徐州农副产品中心批发市场,查找
[2021-11-12],茶树菇,¥10.00,¥11.00,¥10.50,元/千克(kg) ,北京朝阳区大洋路综合市场,查找
[2021-11-12],茶树菇,¥10.00,¥14.00,¥12.00,元/千克(kg) ,河南万邦国际农产品物流股份有限公司,查找
[2021-11-12],草菇,¥24.00,¥25.00,¥24.50,元/千克(kg) ,北京朝阳区大洋路综合市场,查找
[2021-11-12],金针菇,¥7.00,¥8.00,¥7.50,元/千克(kg) ,浙江嘉善曹安农产品批发有限公司,查找
[2021-11-12],金针菇,¥5.30,¥5.80,¥5.50,元/千克(kg) ,湖北省孝感市南大农产品批发市场,查找
[2021-11-12],油菜,¥0.00,¥0.00,¥4.00,元/千克(kg) ,山西汾阳市晋阳农副产品批发市场,查找
[2021-11-12],金针菇,¥0.00,¥0.00,¥13.00,元/千克(kg) ,绵阳市高水农副产品批发有限公司,查找
[2021-11-12],金针菇,¥7.00,¥9.00,¥8.00,元/千克(kg) ,江苏联谊农副产品批发市场,查找
[2021-11-12],金针菇,¥4.00,¥7.00,¥6.00,元/千克(kg) ,北京京丰岳各庄农副产品批发市场,查找
[2021-11-12],西葫芦,¥5.60,¥5.80,¥5.70,元/千克(kg) ,广西新柳邕农产品批发市场有限公司,查找
[2021-11-12],西葫芦,¥4.60,¥5.00,¥4.80,元/千克(kg) ,山西省长治市紫坊农产品综合交易市场有...,查找
[2021-11-12],西葫芦,¥7.00,¥9.00,¥8.40,元/千克(kg) ,青岛市城阳蔬菜水产品批发市场有限公司,查找
[2021-11-12],西葫芦,¥0.00,¥0.00,¥6.00,元/千克(kg) ,山西临汾尧丰农副产品批发市场,查找
[2021-11-12],西葫芦,¥2.00,¥4.00,¥3.00,元/千克(kg) ,山东章丘蔬菜批发市场,查找
[2021-11-12],西葫芦,¥2.60,¥6.60,¥4.60,元/千克(kg) ,河北秦皇岛海阳农副产品批发市场,查找
[2021-11-12],西葫芦,¥0.00,¥0.00,¥7.00,元/千克(kg) ,安徽省淮北市中瑞农产品批发市场,查找
[2021-11-12],西葫芦,¥1.16,¥8.76,¥4.78,元/千克(kg) ,福建省福州市海峡蔬菜批发市场,查找
[2021-11-12],西葫芦,¥6.00,¥7.00,¥6.50,元/千克(kg) ,北京朝阳区大洋路综合市场,查找
[2021-11-12],西葫芦,¥5.20,¥6.80,¥6.00,元/千克(kg) ,浙江宁波市蔬菜副食品批发交易市场,查找
[2021-11-12],西葫芦,¥3.00,¥4.60,¥4.00,元/千克(kg) ,山东青岛莱西市东庄头蔬菜批发市场服务...,查找
[2021-11-12],西葫芦,¥5.00,¥5.70,¥5.30,元/千克(kg) ,河南商丘市农产品中心批发市场,查找
[2021-11-12],西葫芦,¥7.60,¥8.60,¥8.10,元/千克(kg) ,河南万邦国际农产品物流股份有限公司,查找
[2021-11-12],西葫芦,¥5.00,¥8.00,¥6.00,元/千克(kg) ,青岛抚顺路蔬菜副食品批发市场股份有限公司,查找
[2021-11-12],西葫芦,¥4.80,¥7.20,¥6.00,元/千克(kg) ,武汉白沙洲农副产品大市场有限公司,查找
[2021-11-12],西葫芦,¥5.00,¥5.00,¥5.00,元/千克(kg) ,陕西泾云现代农业股份有限公司云阳蔬菜...,查找
[2021-11-12],西葫芦,¥5.00,¥7.00,¥6.00,元/千克(kg) ,徐州农副产品中心批发市场,查找
[2021-11-12],西葫芦,¥4.00,¥6.00,¥5.00,元/千克(kg) ,西安市朱雀农产品交易中心,查找
[2021-11-12],西葫芦,¥3.20,¥3.60,¥3.40,元/千克(kg) ,江西乐平市蔬菜批发大市场,查找
[2021-11-12],西葫芦,¥0.00,¥0.00,¥6.00,元/千克(kg) ,山东淄博市鲁中蔬菜批发市场,查找
[2021-11-12],西葫芦,¥0.00,¥0.00,¥7.00,元/千克(kg) ,蚌埠海吉星农产品物流有限公司,查找
[2021-11-12],西葫芦,¥3.00,¥4.00,¥3.50,元/千克(kg) ,江苏宜兴市瑞德蔬菜果品批发市场有限公司,查找
[2021-11-12],西葫芦,¥6.00,¥7.50,¥6.50,元/千克(kg) ,陕西咸阳新阳光批发市场,查找
[2021-11-12],光皮黄瓜,¥7.00,¥7.00,¥7.00,元/千克(kg) ,山东青岛黄河路农产品批发市场,查找
[2021-11-12],光皮黄瓜,¥7.20,¥9.00,¥7.91,元/千克(kg) ,中国寿光地利农产品物流园有限公司,查找
[2021-11-12],白灵菇,¥28.00,¥32.00,¥30.00,元/千克(kg) ,北京朝阳区大洋路综合市场,查找
[2021-11-12],白灵菇,¥14.40,¥16.00,¥15.20,元/千克(kg) ,河南万邦国际农产品物流股份有限公司,查找
[2021-11-12],杏鲍菇,¥7.60,¥8.60,¥8.10,元/千克(kg) ,北京朝阳区大洋路综合市场,查找
[2021-11-12],杏鲍菇,¥8.40,¥9.00,¥8.70,元/千克(kg) ,河南万邦国际农产品物流股份有限公司,查找
[2021-11-12],杏鲍菇,¥1.60,¥3.00,¥2.30,元/千克(kg) ,中国寿光地利农产品物流园有限公司,查找
[2021-11-12],杏鲍菇,¥0.00,¥0.00,¥10.00,元/千克(kg) ,新疆绿珠九鼎农产品经营管理有限公司,查找
[2021-11-12],平菇,¥4.60,¥6.60,¥5.60,元/千克(kg) ,浙江宁波市蔬菜副食品批发交易市场,查找
[2021-11-12],平菇,¥5.20,¥5.60,¥5.40,元/千克(kg) ,江西乐平市蔬菜批发大市场,查找
[2021-11-12],平菇,¥5.00,¥7.00,¥6.00,元/千克(kg) ,青岛抚顺路蔬菜副食品批发市场股份有限公司,查找
[2021-11-12],平菇,¥4.60,¥5.00,¥4.80,元/千克(kg) ,陕西咸阳新阳光批发市场,查找
[2021-11-12],平菇,¥6.00,¥8.00,¥7.00,元/千克(kg) ,徐州农副产品中心批发市场,查找
[2021-11-12],平菇,¥6.00,¥7.00,¥6.50,元/千克(kg) ,江苏宜兴市瑞德蔬菜果品批发市场有限公司,查找
[2021-11-12],平菇,¥7.00,¥11.00,¥9.00,元/千克(kg) ,辽宁朝阳市果菜批发市场,查找
[2021-11-12],平菇,¥0.00,¥0.00,¥10.00,元/千克(kg) ,安徽省淮北市中瑞农产品批发市场,查找
[2021-11-12],平菇,¥4.00,¥6.00,¥4.64,元/千克(kg) ,福建省福州市海峡蔬菜批发市场,查找
[2021-11-12],平菇,¥6.00,¥8.00,¥7.00,元/千克(kg) ,青岛市城阳蔬菜水产品批发市场有限公司,查找
[2021-11-12],平菇,¥0.00,¥0.00,¥6.00,元/千克(kg) ,四川雅安市汉源县九襄农产品批发市场,查找
[2021-11-12],平菇,¥4.00,¥5.00,¥4.50,元/千克(kg) ,广东汕头农副产品批发中心市场,查找
[2021-11-12],平菇,¥6.00,¥8.00,¥7.00,元/千克(kg) ,湖北鄂州市蟠龙蔬菜批发市场,查找
[2021-11-12],平菇,¥4.50,¥5.50,¥5.00,元/千克(kg) ,武汉白沙洲农副产品大市场有限公司,查找
[2021-11-12],平菇,¥8.00,¥9.00,¥8.50,元/千克(kg) ,北京朝阳区大洋路综合市场,查找
[2021-11-12],平菇,¥5.60,¥6.00,¥5.80,元/千克(kg) ,山西太原丈子头农产品物流园（原城东利民）,查找
[2021-11-12],平菇,¥3.00,¥3.60,¥3.20,元/千克(kg) ,河北魏县天仙果菜批发交易市场,查找
[2021-11-12],平菇,¥6.00,¥7.00,¥6.60,元/千克(kg) ,甘肃天水市瀛池果菜批发市场,查找
[2021-11-12],平菇,¥8.00,¥10.00,¥9.00,元/千克(kg) ,江苏联谊农副产品批发市场,查找
[2021-11-12],青椒,¥5.00,¥6.00,¥5.50,元/千克(kg) ,安徽亳州农产品有限责任公司,查找
[2021-11-12],青椒,¥7.20,¥9.00,¥8.10,元/千克(kg) ,广西新柳邕农产品批发市场有限公司,查找
[2021-11-12],青椒,¥0.00,¥0.00,¥6.83,元/千克(kg) ,江苏无锡朝阳农产品大市场,查找
[2021-11-12],青椒,¥8.00,¥10.60,¥10.00,元/千克(kg) ,青岛市城阳蔬菜水产品批发市场有限公司,查找
[2021-11-12],青椒,¥0.00,¥0.00,¥7.00,元/千克(kg) ,山西临汾尧丰农副产品批发市场,查找
[2021-11-12],青椒,¥6.20,¥7.00,¥6.60,元/千克(kg) ,河南万邦国际农产品物流股份有限公司,查找
[2021-11-12],青椒,¥4.00,¥6.00,¥5.00,元/千克(kg) ,山东章丘蔬菜批发市场,查找
[2021-11-12],青椒,¥5.00,¥9.00,¥7.00,元/千克(kg) ,河北秦皇岛海阳农副产品批发市场,查找
[2021-11-12],青椒,¥7.80,¥10.40,¥9.10,元/千克(kg) ,广东汕头农副产品批发中心市场,查找
[2021-11-12],青椒,¥8.00,¥10.00,¥9.00,元/千克(kg) ,湖北鄂州市蟠龙蔬菜批发市场,查找
[2021-11-12],青椒,¥2.46,¥17.36,¥10.12,元/千克(kg) ,福建省福州市海峡蔬菜批发市场,查找
[2021-11-12],青椒,¥5.50,¥6.50,¥6.00,元/千克(kg) ,北京朝阳区大洋路综合市场,查找
[2021-11-12],青椒,¥0.00,¥0.00,¥5.00,元/千克(kg) ,四川雅安市汉源县九襄农产品批发市场,查找
[2021-11-12],青椒,¥6.40,¥9.50,¥8.00,元/千克(kg) ,浙江宁波市蔬菜副食品批发交易市场,查找
[2021-11-12],青椒,¥2.00,¥7.20,¥6.80,元/千克(kg) ,山东青岛莱西市东庄头蔬菜批发市场服务...,查找
[2021-11-12],青椒,¥4.00,¥7.00,¥5.50,元/千克(kg) ,马鞍山市安民农副产品贸易有限公司,查找
[2021-11-12],青椒,¥3.50,¥6.20,¥4.85,元/千克(kg) ,武汉白沙洲农副产品大市场有限公司,查找
[2021-11-12],青椒,¥6.00,¥6.70,¥6.30,元/千克(kg) ,河南商丘市农产品中心批发市场,查找
[2021-11-12],青椒,¥6.00,¥9.00,¥9.00,元/千克(kg) ,青岛抚顺路蔬菜副食品批发市场股份有限公司,查找
[2021-11-12],青椒,¥7.00,¥7.00,¥7.00,元/千克(kg) ,陕西泾云现代农业股份有限公司云阳蔬菜...,查找
[2021-11-12],青椒,¥8.00,¥9.00,¥8.50,元/千克(kg) ,吉林省辽源市仙城物流园区有限公司,查找
[2021-11-12],青椒,¥0.00,¥0.00,¥6.60,元/千克(kg) ,安徽省淮北市中瑞农产品批发市场,查找
[2021-11-12],青椒,¥5.00,¥7.60,¥6.30,元/千克(kg) ,徐州农副产品中心批发市场,查找
[2021-11-12],青椒,¥6.60,¥7.00,¥6.80,元/千克(kg) ,西安市朱雀农产品交易中心,查找
[2021-11-12],青椒,¥0.00,¥0.00,¥6.60,元/千克(kg) ,山东淄博市鲁中蔬菜批发市场,查找
[2021-11-12],莴笋,¥10.00,¥10.00,¥10.00,元/千克(kg) ,辽宁鞍山宁远农产品批发市场,查找
[2021-11-12],冬瓜,¥2.60,¥3.00,¥2.80,元/千克(kg) ,黑龙江鹤岗市万圃源蔬菜有限责任公司,查找
[2021-11-12],冬瓜,¥1.60,¥4.00,¥1.80,元/千克(kg) ,北京京丰岳各庄农副产品批发市场,查找
[2021-11-12],冬瓜,¥0.80,¥1.40,¥1.00,元/千克(kg) ,阜阳农产品中心批发市场,查找
[2021-11-12],冬瓜,¥0.00,¥0.00,¥1.30,元/千克(kg) ,河南濮阳宏进农副产品批发市场有限公司...,查找
[2021-11-12],冬瓜,¥2.40,¥3.20,¥2.80,元/千克(kg) ,湖南吉首市蔬菜果品批发大市场,查找
[2021-11-12],冬瓜,¥1.00,¥1.40,¥1.20,元/千克(kg) ,山西省太原市河西农产品有限公司,查找
[2021-11-12],冬瓜,¥1.20,¥2.00,¥1.60,元/千克(kg) ,南昌深圳农产品中心批发市场有限公司,查找
[2021-11-12],冬瓜,¥0.20,¥3.20,¥1.94,元/千克(kg) ,中国寿光地利农产品物流园有限公司,查找
[2021-11-12],冬瓜,¥1.00,¥1.60,¥1.20,元/千克(kg) ,江苏联谊农副产品批发市场,查找
[2021-11-12],冬瓜,¥1.60,¥2.00,¥1.80,元/千克(kg) ,湖北省孝感市南大农产品批发市场,查找
[2021-11-12],冬瓜,¥1.40,¥1.80,¥1.60,元/千克(kg) ,山西太原丈子头农产品物流园（原城东利民）,查找
[2021-11-12],冬瓜,¥1.20,¥2.00,¥1.60,元/千克(kg) ,浙江嘉善曹安农产品批发有限公司,查找
[2021-11-12],冬瓜,¥2.00,¥0.00,¥2.00,元/千克(kg) ,河北省怀来县京西果菜批发市场有限责任公司,查找
[2021-11-12],冬瓜,¥0.90,¥1.10,¥0.90,元/千克(kg) ,河北魏县天仙果菜批发交易市场,查找
[2021-11-12],冬瓜,¥0.00,¥0.00,¥1.70,元/千克(kg) ,新疆绿珠九鼎农产品经营管理有限公司,查找
[2021-11-12],冬瓜,¥2.00,¥2.00,¥2.00,元/千克(kg) ,天津何庄子鲜活农产品中心批发市场,查找
[2021-11-12],冬瓜,¥2.00,¥3.00,¥2.50,元/千克(kg) ,河北秦皇岛海阳农副产品批发市场,查找
[2021-11-12],冬瓜,¥0.70,¥1.00,¥0.80,元/千克(kg) ,安徽亳州农产品有限责任公司,查找
[2021-11-12],冬瓜,¥1.20,¥1.60,¥1.40,元/千克(kg) ,江苏苏州南环桥农副产品批发市场,查找
[2021-11-12],冬瓜,¥2.00,¥2.00,¥2.00,元/千克(kg) ,山东青岛黄河路农产品批发市场,查找
[2021-11-12],西洋芹,¥4.00,¥4.00,¥4.00,元/千克(kg) ,辽宁鞍山宁远农产品批发市场,查找
[2021-11-12],冬瓜,¥1.00,¥3.00,¥2.00,元/千克(kg) ,四川成都龙泉聚和(国际)果蔬菜交易中心,查找
[2021-11-12],冬瓜,¥2.00,¥3.00,¥2.60,元/千克(kg) ,湖北省洪湖农贸市场,查找
[2021-11-12],冬瓜,¥2.00,¥3.20,¥2.60,元/千克(kg) ,广西新柳邕农产品批发市场有限公司,查找
[2021-11-12],红椒,¥8.00,¥8.20,¥8.10,元/千克(kg) ,湖南吉首市蔬菜果品批发大市场,查找
[2021-11-12],红椒,¥12.00,¥13.00,¥12.50,元/千克(kg) ,陕西咸阳新阳光批发市场,查找
[2021-11-12],青椒,¥10.00,¥10.00,¥10.00,元/千克(kg) ,黑龙江鹤岗市万圃源蔬菜有限责任公司,查找
[2021-11-12],青椒,¥8.00,¥8.00,¥8.00,元/千克(kg) ,内蒙包头市友谊蔬菜批发市场,查找
[2021-11-12],青椒,¥7.60,¥8.20,¥7.90,元/千克(kg) ,南京农副产品物流配送中心有限公司,查找
[2021-11-12],青椒,¥0.00,¥0.00,¥4.80,元/千克(kg) ,新疆绿珠九鼎农产品经营管理有限公司,查找
[2021-11-12],青椒,¥0.00,¥0.00,¥8.00,元/千克(kg) ,河南濮阳宏进农副产品批发市场有限公司...,查找
[2021-11-12],青椒,¥8.00,¥10.00,¥9.00,元/千克(kg) ,浙江嘉善曹安农产品批发有限公司,查找
[2021-11-12],青椒,¥9.00,¥9.60,¥9.30,元/千克(kg) ,山西省长治市紫坊农产品综合交易市场有...,查找
[2021-11-12],青椒,¥1.30,¥3.60,¥2.01,元/千克(kg) ,乐亭县冀东果菜批发市场,查找
[2021-11-12],青椒,¥10.00,¥0.00,¥10.00,元/千克(kg) ,河北省怀来县京西果菜批发市场有限责任公司,查找
[2021-11-12],青椒,¥7.00,¥12.00,¥9.00,元/千克(kg) ,广州江南果菜批发市场经营管理有限公司,查找
[2021-11-12],青椒,¥7.00,¥8.00,¥8.00,元/千克(kg) ,天津何庄子鲜活农产品中心批发市场,查找
[2021-11-12],青椒,¥6.80,¥7.50,¥7.00,元/千克(kg) ,河北魏县天仙果菜批发交易市场,查找
[2021-11-12],青椒,¥4.80,¥5.20,¥5.00,元/千克(kg) ,湖北省孝感市南大农产品批发市场,查找
[2021-11-12],青椒,¥8.40,¥8.80,¥8.60,元/千克(kg) ,山西太原丈子头农产品物流园（原城东利民）,查找
[2021-11-12],青椒,¥6.00,¥7.00,¥6.50,元/千克(kg) ,红星实业集团有限公司红星农副产品大市场,查找
[2021-11-12],青椒,¥7.00,¥16.00,¥9.00,元/千克(kg) ,江苏联谊农副产品批发市场,查找
[2021-11-12],青椒,¥3.60,¥4.40,¥4.00,元/千克(kg) ,三门峡金河农产品批发交易中心,查找
[2021-11-12],青椒,¥6.00,¥7.00,¥6.50,元/千克(kg) ,新疆九鼎恒兴蔬菜经营管理有限公司,查找
[2021-11-12],青椒,¥5.40,¥6.60,¥6.00,元/千克(kg) ,青藏高原农副产品集散中心,查找
[2021-11-12],青椒,¥7.00,¥7.00,¥7.00,元/千克(kg) ,山东青岛黄河路农产品批发市场,查找
[2021-11-12],青椒,¥5.00,¥7.00,¥6.00,元/千克(kg) ,湖北省洪湖农贸市场,查找
[2021-11-12],青椒,¥8.00,¥9.00,¥8.50,元/千克(kg) ,辽宁朝阳市果菜批发市场,查找
[2021-11-12],青椒,¥2.50,¥5.00,¥3.20,元/千克(kg) ,安徽六安市裕安区紫竹林农产品批发市场,查找
[2021-11-12],苦瓜,¥4.60,¥5.40,¥5.00,元/千克(kg) ,三门峡金河农产品批发交易中心,查找
[2021-11-12],苦瓜,¥6.00,¥7.00,¥6.50,元/千克(kg) ,新疆九鼎恒兴蔬菜经营管理有限公司,查找
[2021-11-12],苦瓜,¥12.00,¥13.00,¥12.50,元/千克(kg) ,湖南常德甘露寺蔬菜批发市场,查找
[2021-11-12],苦瓜,¥1.00,¥6.00,¥2.50,元/千克(kg) ,滕州市农副产品物流中心有限公司,查找
[2021-11-12],苦瓜,¥8.00,¥10.00,¥9.00,元/千克(kg) ,浙江嘉善曹安农产品批发有限公司,查找
[2021-11-12],苦瓜,¥6.00,¥6.00,¥6.00,元/千克(kg) ,乐亭县冀东果菜批发市场,查找
[2021-11-12],苦瓜,¥10.00,¥12.00,¥10.00,元/千克(kg) ,湖北鄂州市蟠龙蔬菜批发市场,查找
[2021-11-12],苦瓜,¥0.00,¥0.00,¥10.00,元/千克(kg) ,安徽省淮北市中瑞农产品批发市场,查找
[2021-11-12],苦瓜,¥7.60,¥9.20,¥8.40,元/千克(kg) ,广东汕头农副产品批发中心市场,查找
[2021-11-12],苦瓜,¥12.00,¥13.00,¥12.50,元/千克(kg) ,山西省长治市紫坊农产品综合交易市场有...,查找
[2021-11-12],苦瓜,¥7.80,¥9.00,¥8.40,元/千克(kg) ,河北秦皇岛海阳农副产品批发市场,查找
[2021-11-12],苦瓜,¥10.00,¥12.00,¥11.00,元/千克(kg) ,陕西咸阳新阳光批发市场,查找
[2021-11-12],苦瓜,¥3.80,¥4.20,¥4.00,元/千克(kg) ,江西乐平市蔬菜批发大市场,查找
[2021-11-12],苦瓜,¥0.00,¥0.00,¥6.00,元/千克(kg) ,鲁南蔬菜产业有限公司,查找
[2021-11-12],苦瓜,¥0.00,¥0.00,¥10.00,元/千克(kg) ,蚌埠海吉星农产品物流有限公司,查找
[2021-11-12],苦瓜,¥7.50,¥7.80,¥7.65,元/千克(kg) ,武汉白沙洲农副产品大市场有限公司,查找
[2021-11-12],苦瓜,¥8.00,¥10.00,¥9.00,元/千克(kg) ,河南万邦国际农产品物流股份有限公司,查找
[2021-11-12],苦瓜,¥7.00,¥8.40,¥7.60,元/千克(kg) ,河北魏县天仙果菜批发交易市场,查找
[2021-11-12],西葫芦,¥2.60,¥4.40,¥3.16,元/千克(kg) ,乐亭县冀东果菜批发市场,查找
[2021-11-12],西葫芦,¥7.80,¥0.00,¥7.80,元/千克(kg) ,河北省怀来县京西果菜批发市场有限责任公司,查找
[2021-11-12],西葫芦,¥4.00,¥5.00,¥4.20,元/千克(kg) ,河北魏县天仙果菜批发交易市场,查找
[2021-11-12],西葫芦,¥5.00,¥7.00,¥6.40,元/千克(kg) ,北京京丰岳各庄农副产品批发市场,查找
[2021-11-12],西葫芦,¥1.00,¥4.00,¥3.80,元/千克(kg) ,滕州市农副产品物流中心有限公司,查找
[2021-11-12],西葫芦,¥6.00,¥6.00,¥6.00,元/千克(kg) ,内蒙包头市友谊蔬菜批发市场,查找
[2021-11-12],西葫芦,¥0.00,¥0.00,¥3.80,元/千克(kg) ,新疆绿珠九鼎农产品经营管理有限公司,查找
[2021-11-12],冬瓜,¥0.80,¥1.40,¥1.20,元/千克(kg) ,山东青岛莱西市东庄头蔬菜批发市场服务...,查找
[2021-11-12],冬瓜,¥1.20,¥2.00,¥1.60,元/千克(kg) ,马鞍山市安民农副产品贸易有限公司,查找
[2021-11-12],冬瓜,¥1.60,¥3.00,¥2.30,元/千克(kg) ,武汉白沙洲农副产品大市场有限公司,查找
[2021-11-12],冬瓜,¥1.20,¥2.40,¥1.80,元/千克(kg) ,浙江宁波市蔬菜副食品批发交易市场,查找
[2021-11-12],冬瓜,¥1.50,¥3.60,¥2.20,元/千克(kg) ,广州江南果菜批发市场经营管理有限公司,查找
[2021-11-12],冬瓜,¥1.70,¥2.70,¥2.20,元/千克(kg) ,北京朝阳区大洋路综合市场,查找
[2021-11-12],冬瓜,¥1.60,¥2.00,¥1.80,元/千克(kg) ,江苏宜兴市瑞德蔬菜果品批发市场有限公司,查找
[2021-11-12],冬瓜,¥3.00,¥3.20,¥3.10,元/千克(kg) ,陕西咸阳新阳光批发市场,查找
[2021-11-12],冬瓜,¥0.00,¥0.00,¥1.40,元/千克(kg) ,蚌埠海吉星农产品物流有限公司,查找
[2021-11-12],冬瓜,¥1.00,¥1.70,¥1.40,元/千克(kg) ,河南商丘市农产品中心批发市场,查找
[2021-11-12],冬瓜,¥1.60,¥3.00,¥2.30,元/千克(kg) ,徐州农副产品中心批发市场,查找
[2021-11-12],芹菜,¥0.00,¥0.00,¥5.00,元/千克(kg) ,山西汾阳市晋阳农副产品批发市场,查找
[2021-11-12],南瓜,¥1.00,¥5.00,¥4.00,元/千克(kg) ,滕州市农副产品物流中心有限公司,查找
[2021-11-12],南瓜,¥3.00,¥3.00,¥3.00,元/千克(kg) ,内蒙包头市友谊蔬菜批发市场,查找
[2021-11-12],南瓜,¥4.00,¥4.60,¥4.40,元/千克(kg) ,黑龙江鹤岗市万圃源蔬菜有限责任公司,查找
[2021-11-12],南瓜,¥1.40,¥1.80,¥1.60,元/千克(kg) ,湖南吉首市蔬菜果品批发大市场,查找
[2021-11-12],南瓜,¥1.40,¥2.40,¥1.90,元/千克(kg) ,南昌深圳农产品中心批发市场有限公司,查找
[2021-11-12],南瓜,¥1.40,¥1.80,¥1.60,元/千克(kg) ,山西省太原市河西农产品有限公司,查找
[2021-11-12],南瓜,¥0.70,¥7.80,¥3.44,元/千克(kg) ,中国寿光地利农产品物流园有限公司,查找
[2021-11-12],南瓜,¥1.20,¥1.60,¥1.50,元/千克(kg) ,新疆九鼎恒兴蔬菜经营管理有限公司,查找
[2021-11-12],南瓜,¥1.60,¥2.00,¥1.80,元/千克(kg) ,湖北省孝感市南大农产品批发市场,查找
[2021-11-12],芹菜,¥4.40,¥7.00,¥5.70,元/千克(kg) ,江苏苏州南环桥农副产品批发市场,查找
[2021-11-12],南瓜,¥1.60,¥2.00,¥1.80,元/千克(kg) ,山西太原丈子头农产品物流园（原城东利民）,查找
[2021-11-12],南瓜,¥5.00,¥7.00,¥6.00,元/千克(kg) ,浙江嘉善曹安农产品批发有限公司,查找
[2021-11-12],南瓜,¥2.60,¥3.40,¥3.00,元/千克(kg) ,河北秦皇岛海阳农副产品批发市场,查找
[2021-11-12],芋头,¥6.00,¥8.00,¥7.00,元/千克(kg) ,江苏苏州南环桥农副产品批发市场,查找
[2021-11-12],茄子,¥5.00,¥8.00,¥6.50,元/千克(kg) ,辽宁鞍山宁远农产品批发市场,查找
[2021-11-12],茄子,¥8.00,¥10.00,¥9.00,元/千克(kg) ,甘肃天水市瀛池果菜批发市场,查找
[2021-11-12],茄子,¥2.40,¥7.60,¥5.00,元/千克(kg) ,江苏苏州南环桥农副产品批发市场,查找
[2021-11-12],山药,¥5.00,¥5.00,¥5.00,元/千克(kg) ,辽宁鞍山宁远农产品批发市场,查找
[2021-11-12],山药,¥4.60,¥6.40,¥5.50,元/千克(kg) ,江苏苏州南环桥农副产品批发市场,查找
[2021-11-12],土豆,¥1.80,¥3.20,¥2.50,元/千克(kg) ,江苏苏州南环桥农副产品批发市场,查找
[2021-11-12],青椒,¥3.60,¥7.60,¥5.60,元/千克(kg) ,江苏苏州南环桥农副产品批发市场,查找
[2021-11-12],土豆,¥1.60,¥2.00,¥1.80,元/千克(kg) ,辽宁鞍山宁远农产品批发市场,查找
[2021-11-12],土豆,¥1.70,¥2.00,¥1.85,元/千克(kg) ,甘肃天水市瀛池果菜批发市场,查找
[2021-11-12],青椒,¥7.00,¥10.00,¥8.50,元/千克(kg) ,辽宁鞍山宁远农产品批发市场,查找
[2021-11-12],青椒,¥7.00,¥9.00,¥8.00,元/千克(kg) ,甘肃天水市瀛池果菜批发市场,查找
[2021-11-12],胡萝卜,¥2.00,¥3.00,¥2.50,元/千克(kg) ,辽宁鞍山宁远农产品批发市场,查找
[2021-11-12],胡萝卜,¥4.00,¥6.00,¥5.00,元/千克(kg) ,甘肃天水市瀛池果菜批发市场,查找
[2021-11-12],红尖椒,¥6.00,¥6.00,¥6.00,元/千克(kg) ,辽宁鞍山宁远农产品批发市场,查找
[2021-11-12],白萝卜,¥2.60,¥3.00,¥2.80,元/千克(kg) ,甘肃天水市瀛池果菜批发市场,查找
[2021-11-12],绿尖椒,¥7.00,¥8.00,¥7.50,元/千克(kg) ,辽宁鞍山宁远农产品批发市场,查找
[2021-11-12],白萝卜,¥4.00,¥4.00,¥4.00,元/千克(kg) ,辽宁鞍山宁远农产品批发市场,查找
[2021-11-12],西红柿,¥6.00,¥7.00,¥6.60,元/千克(kg) ,甘肃天水市瀛池果菜批发市场,查找
[2021-11-12],蒜苗,¥5.00,¥6.00,¥5.60,元/千克(kg) ,甘肃天水市瀛池果菜批发市场,查找
[2021-11-12],韭菜,¥6.00,¥7.00,¥6.60,元/千克(kg) ,甘肃天水市瀛池果菜批发市场,查找
[2021-11-12],菜花,¥4.00,¥6.00,¥5.00,元/千克(kg) ,甘肃天水市瀛池果菜批发市场,查找
[2021-11-12],香菜,¥9.00,¥10.00,¥9.60,元/千克(kg) ,甘肃天水市瀛池果菜批发市场,查找
[2021-11-12],蒜薹,¥10.00,¥14.00,¥12.00,元/千克(kg) ,甘肃天水市瀛池果菜批发市场,查找
[2021-11-12],菠菜,¥8.00,¥9.00,¥8.60,元/千克(kg) ,甘肃天水市瀛池果菜批发市场,查找
[2021-11-12],绿尖椒,¥6.00,¥6.40,¥6.20,元/千克(kg) ,湖南吉首市蔬菜果品批发大市场,查找
[2021-11-12],绿尖椒,¥5.00,¥6.00,¥5.50,元/千克(kg) ,武汉白沙洲农副产品大市场有限公司,查找
[2021-11-12],绿尖椒,¥6.00,¥10.00,¥8.00,元/千克(kg) ,徐州农副产品中心批发市场,查找
[2021-11-12],绿尖椒,¥10.00,¥10.00,¥10.00,元/千克(kg) ,黑龙江鹤岗市万圃源蔬菜有限责任公司,查找
[2021-11-12],绿尖椒,¥8.00,¥10.20,¥9.10,元/千克(kg) ,广东汕头农副产品批发中心市场,查找
[2021-11-12],绿尖椒,¥14.00,¥14.00,¥14.00,元/千克(kg) ,湖北鄂州市蟠龙蔬菜批发市场,查找
[2021-11-12],绿尖椒,¥2.00,¥7.00,¥3.90,元/千克(kg) ,滕州市农副产品物流中心有限公司,查找
[2021-11-12],绿尖椒,¥7.60,¥9.20,¥8.40,元/千克(kg) ,河南万邦国际农产品物流股份有限公司,查找
[2021-11-12],绿尖椒,¥8.00,¥9.00,¥8.50,元/千克(kg) ,山西太原丈子头农产品物流园（原城东利民）,查找
[2021-11-12],绿尖椒,¥6.00,¥7.40,¥6.80,元/千克(kg) ,三门峡金河农产品批发交易中心,查找
[2021-11-12],尖椒,¥2.00,¥9.00,¥4.66,元/千克(kg) ,中国寿光地利农产品物流园有限公司,查找
[2021-11-12],尖椒,¥7.60,¥9.60,¥8.60,元/千克(kg) ,北京京丰岳各庄农副产品批发市场,查找
[2021-11-12],尖椒,¥8.40,¥9.60,¥9.00,元/千克(kg) ,山西省太原市河西农产品有限公司,查找
[2021-11-12],尖椒,¥0.00,¥0.00,¥8.00,元/千克(kg) ,河南濮阳宏进农副产品批发市场有限公司...,查找
[2021-11-12],尖椒,¥10.00,¥12.00,¥11.00,元/千克(kg) ,浙江嘉善曹安农产品批发有限公司,查找
[2021-11-12],尖椒,¥1.20,¥5.50,¥2.24,元/千克(kg) ,乐亭县冀东果菜批发市场,查找
[2021-11-12],尖椒,¥10.00,¥0.00,¥10.00,元/千克(kg) ,河北省怀来县京西果菜批发市场有限责任公司,查找
[2021-11-12],尖椒,¥8.00,¥8.00,¥8.00,元/千克(kg) ,内蒙包头市友谊蔬菜批发市场,查找
[2021-11-12],尖椒,¥0.00,¥0.00,¥6.00,元/千克(kg) ,新疆绿珠九鼎农产品经营管理有限公司,查找
[2021-11-12],尖椒,¥6.60,¥7.40,¥7.00,元/千克(kg) ,河北魏县天仙果菜批发交易市场,查找
[2021-11-12],尖椒,¥9.80,¥10.20,¥10.00,元/千克(kg) ,湖北省孝感市南大农产品批发市场,查找
[2021-11-12],尖椒,¥9.00,¥10.50,¥10.00,元/千克(kg) ,新疆九鼎恒兴蔬菜经营管理有限公司,查找
[2021-11-12],尖椒,¥8.00,¥8.40,¥8.20,元/千克(kg) ,山西省长治市紫坊农产品综合交易市场有...,查找
[2021-11-12],尖椒,¥9.00,¥9.00,¥9.00,元/千克(kg) ,山东青岛黄河路农产品批发市场,查找
[2021-11-12],尖椒,¥4.00,¥6.00,¥5.00,元/千克(kg) ,四川成都龙泉聚和(国际)果蔬菜交易中心,查找
[2021-11-12],丝瓜,¥7.60,¥12.00,¥9.00,元/千克(kg) ,北京京丰岳各庄农副产品批发市场,查找
[2021-11-12],丝瓜,¥7.00,¥8.00,¥7.50,元/千克(kg) ,山西省太原市河西农产品有限公司,查找
[2021-11-12],丝瓜,¥6.40,¥7.00,¥6.60,元/千克(kg) ,湖南吉首市蔬菜果品批发大市场,查找
[2021-11-12],丝瓜,¥2.80,¥5.60,¥4.90,元/千克(kg) ,中国寿光地利农产品物流园有限公司,查找
[2021-11-12],丝瓜,¥7.00,¥10.00,¥8.00,元/千克(kg) ,江苏联谊农副产品批发市场,查找
[2021-11-12],丝瓜,¥9.00,¥10.00,¥9.50,元/千克(kg) ,陕西咸阳新阳光批发市场,查找
[2021-11-12],丝瓜,¥11.60,¥12.00,¥11.80,元/千克(kg) ,山西太原丈子头农产品物流园（原城东利民）,查找
[2021-11-12],瓠子,¥5.20,¥7.00,¥6.10,元/千克(kg) ,武汉白沙洲农副产品大市场有限公司,查找
[2021-11-12],瓠子,¥3.00,¥5.00,¥4.00,元/千克(kg) ,安徽六安市裕安区紫竹林农产品批发市场,查找
[2021-11-12],瓠子,¥3.00,¥3.40,¥3.20,元/千克(kg) ,江西乐平市蔬菜批发大市场,查找
[2021-11-12],瓠子,¥6.00,¥8.00,¥7.00,元/千克(kg) ,湖北鄂州市蟠龙蔬菜批发市场,查找
[2021-11-12],瓠子,¥8.40,¥9.40,¥8.90,元/千克(kg) ,北京朝阳区大洋路综合市场,查找
[2021-11-12],佛手瓜,¥4.00,¥5.00,¥4.50,元/千克(kg) ,江苏苏州南环桥农副产品批发市场,查找
[2021-11-12],佛手瓜,¥3.60,¥4.00,¥3.80,元/千克(kg) ,陕西咸阳新阳光批发市场,查找
[2021-11-12],佛手瓜,¥4.00,¥7.47,¥5.10,元/千克(kg) ,中国寿光地利农产品物流园有限公司,查找
[2021-11-12],莴笋,¥2.40,¥3.60,¥3.00,元/千克(kg) ,江苏苏州南环桥农副产品批发市场,查找
[2021-11-12],佛手瓜,¥4.00,¥4.00,¥4.00,元/千克(kg) ,辽宁鞍山宁远农产品批发市场,查找
[2021-11-12],菜瓜,¥4.00,¥6.60,¥5.30,元/千克(kg) ,广东汕头农副产品批发中心市场,查找
[2021-11-12],青冬瓜,¥0.80,¥1.20,¥1.00,元/千克(kg) ,河北魏县天仙果菜批发交易市场,查找
[2021-11-12],青冬瓜,¥1.00,¥5.00,¥3.80,元/千克(kg) ,滕州市农副产品物流中心有限公司,查找
[2021-11-12],青冬瓜,¥0.00,¥0.00,¥1.60,元/千克(kg) ,山西汾阳市晋阳农副产品批发市场,查找
[2021-11-12],冬瓜,¥1.60,¥2.00,¥1.80,元/千克(kg) ,湖南常德甘露寺蔬菜批发市场,查找
[2021-11-12],冬瓜,¥1.00,¥6.00,¥3.60,元/千克(kg) ,滕州市农副产品物流中心有限公司,查找
[2021-11-12],冬瓜,¥3.00,¥3.00,¥3.00,元/千克(kg) ,内蒙包头市友谊蔬菜批发市场,查找
[2021-11-12],冬瓜,¥1.30,¥1.50,¥1.40,元/千克(kg) ,南京农副产品物流配送中心有限公司,查找
[2021-11-12],生姜,¥6.00,¥6.00,¥6.00,元/千克(kg) ,乐亭县冀东果菜批发市场,查找
[2021-11-12],生姜,¥7.00,¥7.00,¥7.00,元/千克(kg) ,内蒙包头市友谊蔬菜批发市场,查找
[2021-11-12],生姜,¥5.60,¥6.00,¥5.80,元/千克(kg) ,山西太原丈子头农产品物流园（原城东利民）,查找
[2021-11-12],生姜,¥3.00,¥7.00,¥5.00,元/千克(kg) ,江苏联谊农副产品批发市场,查找
[2021-11-12],大葱,¥5.00,¥6.00,¥5.50,元/千克(kg) ,山西太原丈子头农产品物流园（原城东利民）,查找
[2021-11-12],大葱,¥3.00,¥3.60,¥3.20,元/千克(kg) ,江苏联谊农副产品批发市场,查找
[2021-11-12],大葱,¥4.00,¥4.40,¥4.20,元/千克(kg) ,三门峡金河农产品批发交易中心,查找
[2021-11-12],大葱,¥5.00,¥5.00,¥5.00,元/千克(kg) ,内蒙包头市友谊蔬菜批发市场,查找
[2021-11-12],大葱,¥4.80,¥5.40,¥5.10,元/千克(kg) ,河南商丘市农产品中心批发市场,查找
[2021-11-12],葱头,¥2.00,¥3.20,¥2.50,元/千克(kg) ,江苏联谊农副产品批发市场,查找
[2021-11-12],白萝卜,¥2.40,¥3.00,¥3.00,元/千克(kg) ,江苏联谊农副产品批发市场,查找
[2021-11-12],蒜苗,¥8.00,¥9.00,¥9.00,元/千克(kg) ,江苏联谊农副产品批发市场,查找
[2021-11-12],韭苔,¥8.00,¥10.00,¥9.00,元/千克(kg) ,江苏联谊农副产品批发市场,查找
[2021-11-12],韭菜,¥3.00,¥5.00,¥4.00,元/千克(kg) ,江苏联谊农副产品批发市场,查找
[2021-11-12],韭菜,¥4.40,¥5.20,¥4.80,元/千克(kg) ,三门峡金河农产品批发交易中心,查找
[2021-11-12],空心菜,¥6.00,¥6.00,¥6.00,元/千克(kg) ,乐亭县冀东果菜批发市场,查找
[2021-11-12],油麦菜,¥6.00,¥6.00,¥6.00,元/千克(kg) ,乐亭县冀东果菜批发市场,查找
[2021-11-12],油麦菜,¥4.00,¥4.80,¥4.40,元/千克(kg) ,三门峡金河农产品批发交易中心,查找
[2021-11-12],香菜,¥12.00,¥13.00,¥12.50,元/千克(kg) ,南京农副产品物流配送中心有限公司,查找
[2021-11-12],香菜,¥4.00,¥4.00,¥4.00,元/千克(kg) ,乐亭县冀东果菜批发市场,查找
[2021-11-12],香菜,¥12.00,¥14.00,¥13.00,元/千克(kg) ,江苏联谊农副产品批发市场,查找
[2021-11-12],香菜,¥8.00,¥8.80,¥8.40,元/千克(kg) ,三门峡金河农产品批发交易中心,查找
[2021-11-12],茼蒿,¥4.00,¥5.00,¥4.00,元/千克(kg) ,江苏联谊农副产品批发市场,查找
[2021-11-12],茼蒿,¥6.40,¥7.00,¥6.70,元/千克(kg) ,南京农副产品物流配送中心有限公司,查找
[2021-11-12],茼蒿,¥4.50,¥5.20,¥4.80,元/千克(kg) ,乐亭县冀东果菜批发市场,查找
[2021-11-12],豆角,¥14.00,¥16.00,¥15.00,元/千克(kg) ,青岛市城阳蔬菜水产品批发市场有限公司,查找
[2021-11-12],豆角,¥0.00,¥0.00,¥9.00,元/千克(kg) ,山西临汾尧丰农副产品批发市场,查找
[2021-11-12],豆角,¥12.00,¥14.00,¥13.00,元/千克(kg) ,辽宁朝阳市果菜批发市场,查找
[2021-11-12],豆角,¥7.00,¥11.00,¥9.00,元/千克(kg) ,西安市朱雀农产品交易中心,查找
[2021-11-12],豆角,¥0.00,¥0.00,¥8.00,元/千克(kg) ,山东淄博市鲁中蔬菜批发市场,查找
[2021-11-12],菱角,¥3.00,¥4.00,¥3.50,元/千克(kg) ,武汉白沙洲农副产品大市场有限公司,查找
[2021-11-12],莲藕,¥8.00,¥8.00,¥8.00,元/千克(kg) ,辽宁鞍山宁远农产品批发市场,查找
[2021-11-12],丝瓜,¥6.00,¥8.00,¥7.00,元/千克(kg) ,山东章丘蔬菜批发市场,查找
[2021-11-12],丝瓜,¥4.80,¥5.20,¥5.00,元/千克(kg) ,江西乐平市蔬菜批发大市场,查找
[2021-11-12],丝瓜,¥7.60,¥8.00,¥7.80,元/千克(kg) ,河南万邦国际农产品物流股份有限公司,查找
[2021-11-12],丝瓜,¥5.80,¥6.00,¥5.90,元/千克(kg) ,武汉白沙洲农副产品大市场有限公司,查找
[2021-11-12],丝瓜,¥7.00,¥8.00,¥7.50,元/千克(kg) ,北京朝阳区大洋路综合市场,查找
[2021-11-12],丝瓜,¥6.00,¥7.00,¥6.50,元/千克(kg) ,徐州农副产品中心批发市场,查找
[2021-11-12],丝瓜,¥10.00,¥14.00,¥12.00,元/千克(kg) ,浙江嘉善曹安农产品批发有限公司,查找
[2021-11-12],丝瓜,¥7.60,¥8.00,¥7.80,元/千克(kg) ,河北魏县天仙果菜批发交易市场,查找
[2021-11-12],丝瓜,¥10.00,¥12.00,¥11.00,元/千克(kg) ,湖南常德甘露寺蔬菜批发市场,查找
[2021-11-12],丝瓜,¥2.00,¥12.00,¥3.50,元/千克(kg) ,滕州市农副产品物流中心有限公司,查找
[2021-11-12],丝瓜,¥8.00,¥10.00,¥9.00,元/千克(kg) ,四川成都龙泉聚和(国际)果蔬菜交易中心,查找
[2021-11-12],丝瓜,¥8.00,¥10.00,¥9.00,元/千克(kg) ,湖北省洪湖农贸市场,查找
[2021-11-12],丝瓜,¥12.00,¥13.00,¥12.50,元/千克(kg) ,山西省长治市紫坊农产品综合交易市场有...,查找
[2021-11-12],丝瓜,¥8.88,¥9.82,¥9.35,元/千克(kg) ,红星实业集团有限公司红星农副产品大市场,查找
[2021-11-12],丝瓜,¥4.00,¥5.60,¥4.80,元/千克(kg) ,广东汕头农副产品批发中心市场,查找
[2021-11-12],丝瓜,¥5.00,¥8.60,¥6.80,元/千克(kg) ,江苏苏州南环桥农副产品批发市场,查找
[2021-11-12],丝瓜,¥8.40,¥9.20,¥8.80,元/千克(kg) ,南京农副产品物流配送中心有限公司,查找
[2021-11-12],丝瓜,¥0.00,¥0.00,¥7.00,元/千克(kg) ,河南濮阳宏进农副产品批发市场有限公司...,查找
[2021-11-12],西红柿,¥3.00,¥6.00,¥4.50,元/千克(kg) ,西安市朱雀农产品交易中心,查找
[2021-11-12],西红柿,¥0.00,¥0.00,¥5.60,元/千克(kg) ,山东淄博市鲁中蔬菜批发市场,查找
[2021-11-12],西红柿,¥3.00,¥3.40,¥3.20,元/千克(kg) ,江西乐平市蔬菜批发大市场,查找
[2021-11-12],西红柿,¥5.00,¥8.00,¥6.00,元/千克(kg) ,青岛抚顺路蔬菜副食品批发市场股份有限公司,查找
[2021-11-12],西红柿,¥5.80,¥5.80,¥5.80,元/千克(kg) ,陕西泾云现代农业股份有限公司云阳蔬菜...,查找
[2021-11-12],西红柿,¥5.00,¥6.80,¥5.80,元/千克(kg) ,浙江宁波市蔬菜副食品批发交易市场,查找
[2021-11-12],西红柿,¥2.00,¥5.00,¥4.00,元/千克(kg) ,山东青岛莱西市东庄头蔬菜批发市场服务...,查找
[2021-11-12],西红柿,¥3.60,¥6.00,¥4.80,元/千克(kg) ,马鞍山市安民农副产品贸易有限公司,查找
[2021-11-12],西红柿,¥3.60,¥4.40,¥4.00,元/千克(kg) ,河南商丘市农产品中心批发市场,查找
[2021-11-12],西红柿,¥3.60,¥5.60,¥4.60,元/千克(kg) ,武汉白沙洲农副产品大市场有限公司,查找
[2021-11-12],西红柿,¥4.80,¥5.80,¥5.30,元/千克(kg) ,北京朝阳区大洋路综合市场,查找
[2021-11-12],西红柿,¥0.00,¥0.00,¥5.00,元/千克(kg) ,四川雅安市汉源县九襄农产品批发市场,查找
[2021-11-12],西红柿,¥3.40,¥4.60,¥4.00,元/千克(kg) ,广东汕头农副产品批发中心市场,查找
[2021-11-12],西红柿,¥6.00,¥7.00,¥6.00,元/千克(kg) ,湖北鄂州市蟠龙蔬菜批发市场,查找
[2021-11-12],西红柿,¥0.60,¥10.60,¥4.32,元/千克(kg) ,福建省福州市海峡蔬菜批发市场,查找
[2021-11-12],西红柿,¥0.00,¥0.00,¥5.24,元/千克(kg) ,江苏无锡朝阳农产品大市场,查找
[2021-11-12],西红柿,¥5.00,¥6.00,¥5.60,元/千克(kg) ,青岛市城阳蔬菜水产品批发市场有限公司,查找
[2021-11-12],西红柿,¥0.00,¥0.00,¥2.60,元/千克(kg) ,山西临汾尧丰农副产品批发市场,查找
[2021-11-12],西红柿,¥3.40,¥4.00,¥3.70,元/千克(kg) ,河南万邦国际农产品物流股份有限公司,查找
[2021-11-12],西红柿,¥4.00,¥6.00,¥5.00,元/千克(kg) ,山东章丘蔬菜批发市场,查找
[2021-11-12],西红柿,¥3.60,¥6.00,¥4.80,元/千克(kg) ,河北秦皇岛海阳农副产品批发市场,查找
[2021-11-12],西红柿,¥6.00,¥8.00,¥7.00,元/千克(kg) ,辽宁朝阳市果菜批发市场,查找
[2021-11-12],西红柿,¥2.80,¥5.00,¥3.90,元/千克(kg) ,安徽六安市裕安区紫竹林农产品批发市场,查找
[2021-11-12],西红柿,¥5.00,¥7.00,¥6.00,元/千克(kg) ,安徽亳州农产品有限责任公司,查找
[2021-11-12],西红柿,¥2.00,¥3.60,¥2.80,元/千克(kg) ,广西新柳邕农产品批发市场有限公司,查找
[2021-11-12],青椒,¥3.60,¥4.00,¥3.80,元/千克(kg) ,江西乐平市蔬菜批发大市场,查找
[2021-11-12],青椒,¥0.00,¥0.00,¥8.00,元/千克(kg) ,蚌埠海吉星农产品物流有限公司,查找
[2021-11-12],青椒,¥6.00,¥7.00,¥6.50,元/千克(kg) ,江苏宜兴市瑞德蔬菜果品批发市场有限公司,查找
[2021-11-12],青椒,¥6.00,¥6.60,¥6.30,元/千克(kg) ,陕西咸阳新阳光批发市场,查找
[2021-11-12],青椒,¥0.00,¥0.00,¥6.60,元/千克(kg) ,鲁南蔬菜产业有限公司,查找
[2021-11-12],青椒,¥5.60,¥6.00,¥5.80,元/千克(kg) ,湖南吉首市蔬菜果品批发大市场,查找
[2021-11-12],青椒,¥5.20,¥7.00,¥6.10,元/千克(kg) ,南昌深圳农产品中心批发市场有限公司,查找
[2021-11-12],青椒,¥6.60,¥7.40,¥7.00,元/千克(kg) ,湖南常德甘露寺蔬菜批发市场,查找
[2021-11-12],青椒,¥2.00,¥11.00,¥10.00,元/千克(kg) ,滕州市农副产品物流中心有限公司,查找
[2021-11-12],青椒,¥7.60,¥10.40,¥8.60,元/千克(kg) ,北京京丰岳各庄农副产品批发市场,查找
[2021-11-12],青椒,¥5.00,¥6.00,¥5.50,元/千克(kg) ,阜阳农产品中心批发市场,查找
[2021-11-12],青椒,¥8.40,¥9.00,¥8.70,元/千克(kg) ,山西省太原市河西农产品有限公司,查找
[2021-11-12],辣椒干,¥0.00,¥0.00,¥25.00,元/千克(kg) ,新疆绿珠九鼎农产品经营管理有限公司,查找
[2021-11-12],条形辣椒干（二荆条）,¥18.00,¥20.00,¥19.00,元/千克(kg) ,贵州省遵义虾子辣椒批发市场,查找
[2021-11-12],圆形辣椒干（子弹头）,¥24.00,¥26.00,¥25.00,元/千克(kg) ,贵州省遵义虾子辣椒批发市场,查找
[2021-11-12],条形辣椒干（小米椒）,¥20.00,¥22.00,¥21.00,元/千克(kg) ,贵州省遵义虾子辣椒批发市场,查找
[2021-11-12],红尖椒,¥1.00,¥7.00,¥3.80,元/千克(kg) ,滕州市农副产品物流中心有限公司,查找
[2021-11-12],红尖椒,¥16.00,¥16.00,¥16.00,元/千克(kg) ,黑龙江鹤岗市万圃源蔬菜有限责任公司,查找
[2021-11-12],红尖椒,¥4.00,¥6.00,¥5.00,元/千克(kg) ,湖南吉首市蔬菜果品批发大市场,查找
[2021-11-12],红尖椒,¥0.00,¥0.00,¥12.00,元/千克(kg) ,蚌埠海吉星农产品物流有限公司,查找
[2021-11-12],红尖椒,¥8.00,¥9.00,¥8.50,元/千克(kg) ,陕西咸阳新阳光批发市场,查找
[2021-11-12],红尖椒,¥8.00,¥12.00,¥10.00,元/千克(kg) ,徐州农副产品中心批发市场,查找
[2021-11-12],红尖椒,¥5.00,¥10.00,¥7.50,元/千克(kg) ,武汉白沙洲农副产品大市场有限公司,查找
[2021-11-12],红尖椒,¥16.00,¥18.00,¥18.00,元/千克(kg) ,湖北鄂州市蟠龙蔬菜批发市场,查找
[2021-11-12],红尖椒,¥8.80,¥12.00,¥10.40,元/千克(kg) ,广东汕头农副产品批发中心市场,查找
[2021-11-12],蒜薹,¥0.00,¥0.00,¥7.20,元/千克(kg) ,河南濮阳宏进农副产品批发市场有限公司...,查找
[2021-11-12],蒜薹,¥6.00,¥12.50,¥9.25,元/千克(kg) ,武汉白沙洲农副产品大市场有限公司,查找
[2021-11-12],蒜薹,¥4.80,¥5.10,¥4.95,元/千克(kg) ,山东金乡大蒜专业批发市场,查找
[2021-11-12],蒜薹,¥10.00,¥14.00,¥12.00,元/千克(kg) ,湖北鄂州市蟠龙蔬菜批发市场,查找
[2021-11-12],蒜薹,¥8.00,¥10.00,¥9.00,元/千克(kg) ,广东汕头农副产品批发中心市场,查找
[2021-11-12],蒜薹,¥6.00,¥8.00,¥7.00,元/千克(kg) ,安徽亳州农产品有限责任公司,查找
[2021-11-12],蒜薹,¥6.40,¥7.00,¥6.70,元/千克(kg) ,河南万邦国际农产品物流股份有限公司,查找
[2021-11-12],蒜薹,¥5.00,¥7.00,¥6.00,元/千克(kg) ,山东章丘蔬菜批发市场,查找
[2021-11-12],蒜薹,¥7.00,¥13.00,¥10.00,元/千克(kg) ,河北秦皇岛海阳农副产品批发市场,查找
[2021-11-12],油麦菜,¥5.60,¥6.00,¥5.80,元/千克(kg) ,湖南常德甘露寺蔬菜批发市场,查找
[2021-11-12],油麦菜,¥5.20,¥5.40,¥5.30,元/千克(kg) ,湖南吉首市蔬菜果品批发大市场,查找
[2021-11-12],油麦菜,¥5.00,¥7.00,¥6.00,元/千克(kg) ,北京京丰岳各庄农副产品批发市场,查找
[2021-11-12],蒜薹,¥9.00,¥10.40,¥9.60,元/千克(kg) ,青岛市城阳蔬菜水产品批发市场有限公司,查找
[2021-11-12],蒜薹,¥0.00,¥0.00,¥7.60,元/千克(kg) ,山西临汾尧丰农副产品批发市场,查找
[2021-11-12],蒜薹,¥9.00,¥10.00,¥9.50,元/千克(kg) ,陕西咸阳新阳光批发市场,查找
[2021-11-12],蒜薹,¥8.60,¥14.00,¥11.30,元/千克(kg) ,广西新柳邕农产品批发市场有限公司,查找
[2021-11-12],蒜薹,¥6.00,¥6.40,¥6.20,元/千克(kg) ,山西省长治市紫坊农产品综合交易市场有...,查找
[2021-11-12],蒜薹,¥7.60,¥8.40,¥8.00,元/千克(kg) ,青藏高原农副产品集散中心,查找
[2021-11-12],蒜薹,¥9.00,¥9.00,¥9.00,元/千克(kg) ,山东青岛黄河路农产品批发市场,查找
[2021-11-12],蒜薹,¥8.00,¥14.00,¥11.00,元/千克(kg) ,辽宁朝阳市果菜批发市场,查找
[2021-11-12],蒜薹,¥5.40,¥6.80,¥6.00,元/千克(kg) ,河北魏县天仙果菜批发交易市场,查找
[2021-11-12],蒜薹,¥6.15,¥7.20,¥6.68,元/千克(kg) ,红星实业集团有限公司红星农副产品大市场,查找
[2021-11-12],蒜薹,¥7.50,¥8.30,¥8.00,元/千克(kg) ,新疆九鼎恒兴蔬菜经营管理有限公司,查找
[2021-11-12],蒜薹,¥7.00,¥9.00,¥8.00,元/千克(kg) ,四川成都龙泉聚和(国际)果蔬菜交易中心,查找
[2021-11-12],蒜薹,¥10.00,¥12.00,¥11.00,元/千克(kg) ,湖北省洪湖农贸市场,查找
[2021-11-12],菠菜,¥4.00,¥8.00,¥6.00,元/千克(kg) ,山西太原丈子头农产品物流园（原城东利民）,查找
[2021-11-12],菠菜,¥11.00,¥11.00,¥11.00,元/千克(kg) ,内蒙包头市友谊蔬菜批发市场,查找
[2021-11-12],胡萝卜,¥2.00,¥2.00,¥2.00,元/千克(kg) ,内蒙包头市友谊蔬菜批发市场,查找
[2021-11-12],白萝卜,¥2.60,¥3.00,¥2.80,元/千克(kg) ,山西太原丈子头农产品物流园（原城东利民）,查找
[2021-11-12],生菜,¥4.60,¥5.00,¥4.80,元/千克(kg) ,山西太原丈子头农产品物流园（原城东利民）,查找
[2021-11-12],生菜,¥8.00,¥8.00,¥8.00,元/千克(kg) ,内蒙包头市友谊蔬菜批发市场,查找
[2021-11-12],萝卜,¥3.00,¥3.00,¥3.00,元/千克(kg) ,内蒙包头市友谊蔬菜批发市场,查找
[2021-11-12],小白菜,¥2.00,¥4.00,¥3.00,元/千克(kg) ,山西太原丈子头农产品物流园（原城东利民）,查找
[2021-11-12],茴香,¥12.00,¥12.00,¥12.00,元/千克(kg) ,内蒙包头市友谊蔬菜批发市场,查找
[2021-11-12],油菜,¥7.00,¥7.00,¥7.00,元/千克(kg) ,内蒙包头市友谊蔬菜批发市场,查找
[2021-11-12],油菜,¥4.00,¥4.20,¥4.10,元/千克(kg) ,山西太原丈子头农产品物流园（原城东利民）,查找
[2021-11-12],韭菜,¥10.00,¥10.00,¥10.00,元/千克(kg) ,内蒙包头市友谊蔬菜批发市场,查找
[2021-11-12],韭菜,¥6.00,¥6.40,¥6.20,元/千克(kg) ,湖南常德甘露寺蔬菜批发市场,查找
[2021-11-12],洋白菜,¥4.60,¥5.00,¥4.80,元/千克(kg) ,山西太原丈子头农产品物流园（原城东利民）,查找
[2021-11-12],洋白菜,¥4.00,¥4.00,¥4.00,元/千克(kg) ,内蒙包头市友谊蔬菜批发市场,查找
[2021-11-12],韭菜,¥6.00,¥8.00,¥7.00,元/千克(kg) ,北京京丰岳各庄农副产品批发市场,查找
[2021-11-12],韭菜,¥5.00,¥5.00,¥5.00,元/千克(kg) ,湖南吉首市蔬菜果品批发大市场,查找
[2021-11-12],韭菜,¥6.60,¥7.00,¥6.80,元/千克(kg) ,山西太原丈子头农产品物流园（原城东利民）,查找
[2021-11-12],大白菜,¥2.00,¥2.40,¥2.20,元/千克(kg) ,山西太原丈子头农产品物流园（原城东利民）,查找
[2021-11-12],油麦菜,¥5.20,¥5.60,¥5.40,元/千克(kg) ,山西太原丈子头农产品物流园（原城东利民）,查找
[2021-11-12],香菜,¥8.00,¥12.00,¥10.00,元/千克(kg) ,山西太原丈子头农产品物流园（原城东利民）,查找
[2021-11-12],茼蒿,¥5.60,¥6.00,¥5.80,元/千克(kg) ,山西太原丈子头农产品物流园（原城东利民）,查找
[2021-11-12],大葱,¥5.20,¥6.20,¥5.70,元/千克(kg) ,北京朝阳区大洋路综合市场,查找
[2021-11-12],大葱,¥6.60,¥7.60,¥7.10,元/千克(kg) ,青藏高原农副产品集散中心,查找
[2021-11-12],大葱,¥5.20,¥5.60,¥5.40,元/千克(kg) ,湖南常德甘露寺蔬菜批发市场,查找
[2021-11-12],西兰花,¥6.00,¥7.60,¥7.00,元/千克(kg) ,北京京丰岳各庄农副产品批发市场,查找
[2021-11-12],西兰花,¥7.00,¥8.00,¥7.50,元/千克(kg) ,阜阳农产品中心批发市场,查找
[2021-11-12],西兰花,¥1.00,¥8.89,¥4.60,元/千克(kg) ,中国寿光地利农产品物流园有限公司,查找
[2021-11-12],西兰花,¥10.00,¥10.00,¥10.00,元/千克(kg) ,湖南吉首市蔬菜果品批发大市场,查找
[2021-11-12],西兰花,¥7.00,¥7.60,¥7.30,元/千克(kg) ,山西省太原市河西农产品有限公司,查找
[2021-11-12],西兰花,¥10.00,¥10.00,¥10.00,元/千克(kg) ,黑龙江鹤岗市万圃源蔬菜有限责任公司,查找
[2021-11-12],西兰花,¥10.00,¥10.00,¥10.00,元/千克(kg) ,内蒙包头市友谊蔬菜批发市场,查找
[2021-11-12],西兰花,¥0.00,¥0.00,¥5.00,元/千克(kg) ,河南濮阳宏进农副产品批发市场有限公司...,查找
[2021-11-12],西兰花,¥0.00,¥0.00,¥6.50,元/千克(kg) ,新疆绿珠九鼎农产品经营管理有限公司,查找
[2021-11-12],大白菜,¥0.00,¥0.00,¥2.40,元/千克(kg) ,蚌埠海吉星农产品物流有限公司,查找
[2021-11-12],西兰花,¥4.00,¥8.40,¥6.50,元/千克(kg) ,滕州市农副产品物流中心有限公司,查找
[2021-11-12],西兰花,¥5.00,¥5.50,¥5.20,元/千克(kg) ,湖北省孝感市南大农产品批发市场,查找
[2021-11-12],西兰花,¥8.00,¥9.60,¥8.80,元/千克(kg) ,广东汕头农副产品批发中心市场,查找
[2021-11-12],菜花,¥8.00,¥10.40,¥9.20,元/千克(kg) ,广东汕头农副产品批发中心市场,查找
[2021-11-12],菜花,¥6.00,¥8.00,¥7.00,元/千克(kg) ,湖北鄂州市蟠龙蔬菜批发市场,查找
[2021-11-12],菜花,¥7.80,¥8.80,¥8.30,元/千克(kg) ,北京朝阳区大洋路综合市场,查找
[2021-11-12],菜花,¥3.00,¥4.20,¥4.00,元/千克(kg) ,山东青岛莱西市东庄头蔬菜批发市场服务...,查找
[2021-11-12],菜花,¥6.00,¥9.00,¥7.50,元/千克(kg) ,武汉白沙洲农副产品大市场有限公司,查找
[2021-11-12],菜花,¥5.00,¥6.00,¥5.50,元/千克(kg) ,河北秦皇岛海阳农副产品批发市场,查找
[2021-11-12],菜花,¥6.00,¥8.40,¥7.20,元/千克(kg) ,浙江宁波市蔬菜副食品批发交易市场,查找
[2021-11-12],菜花,¥0.00,¥0.00,¥8.60,元/千克(kg) ,山东淄博市鲁中蔬菜批发市场,查找
[2021-11-12],菜花,¥5.60,¥6.40,¥6.00,元/千克(kg) ,河南商丘市农产品中心批发市场,查找
[2021-11-12],菜花,¥4.00,¥11.00,¥9.00,元/千克(kg) ,青岛抚顺路蔬菜副食品批发市场股份有限公司,查找
[2021-11-12],菜花,¥1.56,¥10.16,¥7.61,元/千克(kg) ,福建省福州市海峡蔬菜批发市场,查找
[2021-11-12],菜花,¥5.40,¥5.40,¥5.40,元/千克(kg) ,陕西泾云现代农业股份有限公司云阳蔬菜...,查找
[2021-11-12],葱头,¥2.60,¥3.00,¥2.80,元/千克(kg) ,湖南常德甘露寺蔬菜批发市场,查找
[2021-11-12],生菜,¥7.60,¥8.00,¥7.80,元/千克(kg) ,湖南常德甘露寺蔬菜批发市场,查找
[2021-11-12],芋头,¥2.60,¥2.60,¥2.60,元/千克(kg) ,湖南吉首市蔬菜果品批发大市场,查找
[2021-11-12],山药,¥6.00,¥12.00,¥7.00,元/千克(kg) ,北京京丰岳各庄农副产品批发市场,查找
[2021-11-12],土豆,¥2.00,¥2.60,¥2.40,元/千克(kg) ,北京京丰岳各庄农副产品批发市场,查找
[2021-11-12],土豆,¥3.00,¥3.40,¥3.20,元/千克(kg) ,湖南常德甘露寺蔬菜批发市场,查找
[2021-11-12],土豆,¥2.00,¥3.20,¥2.60,元/千克(kg) ,湖南吉首市蔬菜果品批发大市场,查找
[2021-11-12],土豆,¥2.40,¥2.60,¥2.50,元/千克(kg) ,广西新柳邕农产品批发市场有限公司,查找
[2021-11-12],油菜,¥5.60,¥6.00,¥5.80,元/千克(kg) ,湖南常德甘露寺蔬菜批发市场,查找
[2021-11-12],洋白菜,¥2.40,¥2.80,¥2.60,元/千克(kg) ,湖南常德甘露寺蔬菜批发市场,查找
[2021-11-12],胡萝卜,¥3.40,¥4.00,¥3.70,元/千克(kg) ,广西新柳邕农产品批发市场有限公司,查找
[2021-11-12],胡萝卜,¥2.60,¥3.20,¥2.80,元/千克(kg) ,北京京丰岳各庄农副产品批发市场,查找
[2021-11-12],胡萝卜,¥3.60,¥4.00,¥3.80,元/千克(kg) ,湖南常德甘露寺蔬菜批发市场,查找
[2021-11-12],胡萝卜,¥2.60,¥3.40,¥3.00,元/千克(kg) ,湖南吉首市蔬菜果品批发大市场,查找
[2021-11-12],大白菜,¥2.80,¥3.00,¥2.90,元/千克(kg) ,湖南常德甘露寺蔬菜批发市场,查找
[2021-11-12],白萝卜,¥1.40,¥2.40,¥1.90,元/千克(kg) ,广西新柳邕农产品批发市场有限公司,查找
[2021-11-12],白萝卜,¥1.60,¥2.00,¥1.80,元/千克(kg) ,湖南吉首市蔬菜果品批发大市场,查找
[2021-11-12],白萝卜,¥2.60,¥3.20,¥3.00,元/千克(kg) ,北京京丰岳各庄农副产品批发市场,查找
[2021-11-12],萝卜,¥2.20,¥2.40,¥2.30,元/千克(kg) ,湖南常德甘露寺蔬菜批发市场,查找
[2021-11-12],茴香,¥5.60,¥7.00,¥6.60,元/千克(kg) ,北京京丰岳各庄农副产品批发市场,查找
[2021-11-12],蒜苗,¥6.00,¥7.00,¥6.60,元/千克(kg) ,北京京丰岳各庄农副产品批发市场,查找
[2021-11-12],菜花,¥8.50,¥9.50,¥9.00,元/千克(kg) ,新疆九鼎恒兴蔬菜经营管理有限公司,查找
[2021-11-12],菜花,¥2.50,¥3.50,¥3.00,元/千克(kg) ,红星实业集团有限公司红星农副产品大市场,查找
[2021-11-12],菜花,¥7.00,¥9.00,¥8.00,元/千克(kg) ,四川成都龙泉聚和(国际)果蔬菜交易中心,查找
[2021-11-12],菜花,¥8.00,¥9.00,¥8.60,元/千克(kg) ,湖北省洪湖农贸市场,查找
[2021-11-12],莴笋,¥5.00,¥5.00,¥5.00,元/千克(kg) ,黑龙江鹤岗市万圃源蔬菜有限责任公司,查找
[2021-11-12],莴笋,¥3.60,¥5.00,¥4.30,元/千克(kg) ,山西省太原市河西农产品有限公司,查找
[2021-11-12],莴笋,¥4.00,¥5.00,¥4.50,元/千克(kg) ,湖南常德甘露寺蔬菜批发市场,查找
[2021-11-12],莴笋,¥0.00,¥0.00,¥4.50,元/千克(kg) ,新疆绿珠九鼎农产品经营管理有限公司,查找
[2021-11-12],莴笋,¥0.00,¥0.00,¥3.00,元/千克(kg) ,河南濮阳宏进农副产品批发市场有限公司...,查找
[2021-11-12],莴笋,¥1.60,¥3.40,¥2.62,元/千克(kg) ,中国寿光地利农产品物流园有限公司,查找
[2021-11-12],莴笋,¥3.20,¥4.00,¥3.40,元/千克(kg) ,北京京丰岳各庄农副产品批发市场,查找
[2021-11-12],莴笋,¥3.20,¥4.00,¥3.60,元/千克(kg) ,南昌深圳农产品中心批发市场有限公司,查找
[2021-11-12],莴笋,¥3.20,¥3.60,¥3.40,元/千克(kg) ,湖南吉首市蔬菜果品批发大市场,查找
[2021-11-12],莴笋,¥2.50,¥4.50,¥3.40,元/千克(kg) ,广州江南果菜批发市场经营管理有限公司,查找
[2021-11-12],菠菜,¥7.00,¥10.00,¥8.00,元/千克(kg) ,北京京丰岳各庄农副产品批发市场,查找
[2021-11-12],菠菜,¥13.00,¥13.00,¥13.00,元/千克(kg) ,湖南吉首市蔬菜果品批发大市场,查找
[2021-11-12],莴笋,¥3.00,¥4.00,¥3.50,元/千克(kg) ,河南万邦国际农产品物流股份有限公司,查找
[2021-11-12],莴笋,¥0.00,¥0.00,¥2.73,元/千克(kg) ,江苏无锡朝阳农产品大市场,查找
[2021-11-12],莴笋,¥2.20,¥3.80,¥3.00,元/千克(kg) ,红星实业集团有限公司红星农副产品大市场,查找
[2021-11-12],莴笋,¥4.00,¥6.00,¥5.00,元/千克(kg) ,四川成都龙泉聚和(国际)果蔬菜交易中心,查找
[2021-11-12],菠菜,¥11.00,¥12.00,¥11.50,元/千克(kg) ,广西新柳邕农产品批发市场有限公司,查找
[2021-11-12],莴笋,¥1.80,¥3.00,¥2.40,元/千克(kg) ,武汉白沙洲农副产品大市场有限公司,查找
[2021-11-12],莴笋,¥3.00,¥5.00,¥4.00,元/千克(kg) ,湖北鄂州市蟠龙蔬菜批发市场,查找
[2021-11-12],莴笋,¥0.00,¥0.00,¥2.80,元/千克(kg) ,安徽省淮北市中瑞农产品批发市场,查找
[2021-11-12],莴笋,¥0.60,¥6.56,¥3.31,元/千克(kg) ,福建省福州市海峡蔬菜批发市场,查找
[2021-11-12],莴笋,¥5.00,¥5.00,¥5.00,元/千克(kg) ,青藏高原农副产品集散中心,查找
[2021-11-12],莴笋,¥7.00,¥7.40,¥7.20,元/千克(kg) ,山东青岛黄河路农产品批发市场,查找
[2021-11-12],莴笋,¥1.50,¥5.00,¥4.00,元/千克(kg) ,安徽六安市裕安区紫竹林农产品批发市场,查找
[2021-11-12],莴笋,¥3.60,¥4.00,¥3.80,元/千克(kg) ,广西新柳邕农产品批发市场有限公司,查找
[2021-11-12],尖椒,¥10.00,¥12.00,¥11.00,元/千克(kg) ,辽宁朝阳市果菜批发市场,查找
[2021-11-12],尖椒,¥4.00,¥6.00,¥5.00,元/千克(kg) ,山东章丘蔬菜批发市场,查找
[2021-11-12],尖椒,¥5.00,¥8.00,¥6.50,元/千克(kg) ,河北秦皇岛海阳农副产品批发市场,查找
[2021-11-12],尖椒,¥0.00,¥0.00,¥7.80,元/千克(kg) ,安徽省淮北市中瑞农产品批发市场,查找
[2021-11-12],尖椒,¥4.00,¥5.50,¥5.00,元/千克(kg) ,北京朝阳区大洋路综合市场,查找
[2021-11-12],尖椒,¥2.00,¥9.00,¥8.00,元/千克(kg) ,山东青岛莱西市东庄头蔬菜批发市场服务...,查找
[2021-11-12],尖椒,¥6.00,¥10.00,¥10.00,元/千克(kg) ,青岛抚顺路蔬菜副食品批发市场股份有限公司,查找
[2021-11-12],尖椒,¥8.00,¥8.00,¥8.00,元/千克(kg) ,陕西泾云现代农业股份有限公司云阳蔬菜...,查找
[2021-11-12],尖椒,¥8.00,¥9.00,¥8.60,元/千克(kg) ,吉林省辽源市仙城物流园区有限公司,查找
[2021-11-12],尖椒,¥0.00,¥0.00,¥8.00,元/千克(kg) ,山东淄博市鲁中蔬菜批发市场,查找
[2021-11-12],尖椒,¥8.00,¥9.00,¥8.50,元/千克(kg) ,陕西咸阳新阳光批发市场,查找
[2021-11-12],樱桃西红柿,¥8.00,¥9.00,¥8.50,元/千克(kg) ,辽宁朝阳市果菜批发市场,查找
[2021-11-12],樱桃西红柿,¥14.00,¥14.00,¥14.00,元/千克(kg) ,乐亭县冀东果菜批发市场,查找
[2021-11-12],樱桃西红柿,¥5.40,¥6.40,¥6.00,元/千克(kg) ,河南南阳果品批发交易中心,查找
[2021-11-12],樱桃西红柿,¥10.00,¥16.00,¥12.00,元/千克(kg) ,济南堤口果品批发发展有限责任公司,查找
[2021-11-12],樱桃西红柿,¥10.00,¥12.00,¥11.00,元/千克(kg) ,山西省太原市河西农产品有限公司,查找
[2021-11-12],樱桃西红柿,¥0.00,¥0.00,¥12.07,元/千克(kg) ,江苏无锡朝阳农产品大市场,查找
[2021-11-12],樱桃西红柿,¥6.00,¥12.00,¥10.30,元/千克(kg) ,青岛抚顺路蔬菜副食品批发市场股份有限公司,查找
[2021-11-12],樱桃西红柿,¥6.00,¥8.00,¥7.00,元/千克(kg) ,山东章丘蔬菜批发市场,查找
[2021-11-12],西红柿,¥0.00,¥0.00,¥5.00,元/千克(kg) ,蚌埠海吉星农产品物流有限公司,查找
[2021-11-12],西红柿,¥7.00,¥8.00,¥7.50,元/千克(kg) ,江苏宜兴市瑞德蔬菜果品批发市场有限公司,查找
[2021-11-12],西红柿,¥5.00,¥6.00,¥5.50,元/千克(kg) ,陕西咸阳新阳光批发市场,查找
[2021-11-12],西红柿,¥6.00,¥7.00,¥6.20,元/千克(kg) ,吉林省辽源市仙城物流园区有限公司,查找
[2021-11-12],西红柿,¥0.00,¥0.00,¥6.60,元/千克(kg) ,安徽省淮北市中瑞农产品批发市场,查找
[2021-11-12],西红柿,¥6.00,¥7.00,¥6.50,元/千克(kg) ,徐州农副产品中心批发市场,查找
[2021-11-12],茄子,¥7.00,¥7.00,¥7.00,元/千克(kg) ,陕西泾云现代农业股份有限公司云阳蔬菜...,查找
[2021-11-12],茄子,¥7.00,¥8.00,¥7.60,元/千克(kg) ,吉林省辽源市仙城物流园区有限公司,查找
[2021-11-12],茄子,¥5.20,¥6.00,¥5.60,元/千克(kg) ,徐州农副产品中心批发市场,查找
[2021-11-12],茄子,¥5.00,¥7.00,¥6.00,元/千克(kg) ,西安市朱雀农产品交易中心,查找
[2021-11-12],茄子,¥0.00,¥0.00,¥5.20,元/千克(kg) ,山东淄博市鲁中蔬菜批发市场,查找
[2021-11-12],茄子,¥2.80,¥3.20,¥3.00,元/千克(kg) ,江西乐平市蔬菜批发大市场,查找
[2021-11-12],茄子,¥7.00,¥7.40,¥7.20,元/千克(kg) ,江苏宜兴市瑞德蔬菜果品批发市场有限公司,查找
[2021-11-12],菠菜,¥0.00,¥0.00,¥10.00,元/千克(kg) ,蚌埠海吉星农产品物流有限公司,查找
[2021-11-12],茄子,¥0.00,¥0.00,¥6.00,元/千克(kg) ,山东宁津县东崔蔬菜批发市场,查找
[2021-11-12],茄子,¥6.00,¥7.00,¥6.50,元/千克(kg) ,陕西咸阳新阳光批发市场,查找
[2021-11-12],茄子,¥6.60,¥7.00,¥6.80,元/千克(kg) ,湖南吉首市蔬菜果品批发大市场,查找
[2021-11-12],红椒,¥2.40,¥6.67,¥6.12,元/千克(kg) ,中国寿光地利农产品物流园有限公司,查找
[2021-11-12],红椒,¥1.00,¥11.00,¥5.50,元/千克(kg) ,滕州市农副产品物流中心有限公司,查找
[2021-11-12],红椒,¥7.00,¥8.00,¥7.60,元/千克(kg) ,河北魏县天仙果菜批发交易市场,查找
[2021-11-12],红椒,¥5.20,¥7.80,¥6.50,元/千克(kg) ,红星实业集团有限公司红星农副产品大市场,查找
[2021-11-12],红椒,¥6.00,¥7.00,¥6.00,元/千克(kg) ,江苏联谊农副产品批发市场,查找
[2021-11-12],红椒,¥9.00,¥11.00,¥10.00,元/千克(kg) ,四川成都龙泉聚和(国际)果蔬菜交易中心,查找
[2021-11-12],红椒,¥6.00,¥7.00,¥6.60,元/千克(kg) ,湖北省洪湖农贸市场,查找
[2021-11-12],红椒,¥10.00,¥12.00,¥11.00,元/千克(kg) ,安徽亳州农产品有限责任公司,查找
[2021-11-12],红椒,¥10.00,¥11.00,¥10.50,元/千克(kg) ,山西省长治市紫坊农产品综合交易市场有...,查找
[2021-11-12],红椒,¥7.60,¥8.40,¥8.00,元/千克(kg) ,河南万邦国际农产品物流股份有限公司,查找
[2021-11-12],红椒,¥10.00,¥10.00,¥10.00,元/千克(kg) ,湖北鄂州市蟠龙蔬菜批发市场,查找
[2021-11-12],红椒,¥0.00,¥0.00,¥9.40,元/千克(kg) ,安徽省淮北市中瑞农产品批发市场,查找
[2021-11-12],红椒,¥5.00,¥6.00,¥5.50,元/千克(kg) ,徐州农副产品中心批发市场,查找
[2021-11-12],红椒,¥3.80,¥4.20,¥4.00,元/千克(kg) ,江西乐平市蔬菜批发大市场,查找
[2021-11-12],西洋芹,¥5.00,¥5.00,¥5.00,元/千克(kg) ,陕西泾云现代农业股份有限公司云阳蔬菜...,查找
[2021-11-12],西洋芹,¥5.00,¥5.60,¥5.30,元/千克(kg) ,武汉白沙洲农副产品大市场有限公司,查找
[2021-11-12],西洋芹,¥3.60,¥4.60,¥4.20,元/千克(kg) ,河北魏县天仙果菜批发交易市场,查找
[2021-11-12],西洋芹,¥2.00,¥6.00,¥5.00,元/千克(kg) ,滕州市农副产品物流中心有限公司,查找
[2021-11-12],芹菜,¥6.00,¥6.00,¥6.00,元/千克(kg) ,天津何庄子鲜活农产品中心批发市场,查找
[2021-11-12],芹菜,¥6.40,¥6.80,¥6.60,元/千克(kg) ,湖南吉首市蔬菜果品批发大市场,查找
[2021-11-12],芹菜,¥2.00,¥10.00,¥8.90,元/千克(kg) ,滕州市农副产品物流中心有限公司,查找
[2021-11-12],芹菜,¥5.00,¥6.00,¥5.50,元/千克(kg) ,阜阳农产品中心批发市场,查找
[2021-11-12],芹菜,¥4.00,¥5.20,¥4.60,元/千克(kg) ,山西省太原市河西农产品有限公司,查找
[2021-11-12],芹菜,¥5.00,¥6.00,¥5.20,元/千克(kg) ,北京京丰岳各庄农副产品批发市场,查找
[2021-11-12],芹菜,¥7.60,¥10.40,¥9.00,元/千克(kg) ,南昌深圳农产品中心批发市场有限公司,查找
[2021-11-12],芹菜,¥1.00,¥5.40,¥3.75,元/千克(kg) ,中国寿光地利农产品物流园有限公司,查找
[2021-11-12],生菜,¥8.00,¥11.00,¥9.00,元/千克(kg) ,北京京丰岳各庄农副产品批发市场,查找
[2021-11-12],芹菜,¥5.00,¥5.00,¥5.00,元/千克(kg) ,黑龙江鹤岗市万圃源蔬菜有限责任公司,查找
[2021-11-12],芹菜,¥6.00,¥8.00,¥7.00,元/千克(kg) ,武汉白沙洲农副产品大市场有限公司,查找
[2021-11-12],芹菜,¥5.00,¥16.00,¥9.50,元/千克(kg) ,广州江南果菜批发市场经营管理有限公司,查找
[2021-11-12],芹菜,¥8.00,¥10.00,¥10.00,元/千克(kg) ,湖北鄂州市蟠龙蔬菜批发市场,查找
[2021-11-12],芹菜,¥0.00,¥0.00,¥4.00,元/千克(kg) ,安徽省淮北市中瑞农产品批发市场,查找
[2021-11-12],芹菜,¥0.00,¥0.00,¥6.40,元/千克(kg) ,江苏无锡朝阳农产品大市场,查找
[2021-11-12],芹菜,¥5.00,¥7.00,¥6.00,元/千克(kg) ,青岛市城阳蔬菜水产品批发市场有限公司,查找
[2021-11-12],芹菜,¥0.00,¥0.00,¥5.00,元/千克(kg) ,山西临汾尧丰农副产品批发市场,查找
[2021-11-12],芹菜,¥6.00,¥6.00,¥6.00,元/千克(kg) ,山东青岛黄河路农产品批发市场,查找
[2021-11-12],芹菜,¥8.00,¥10.00,¥9.00,元/千克(kg) ,四川成都龙泉聚和(国际)果蔬菜交易中心,查找
[2021-11-12],芹菜,¥4.00,¥5.00,¥4.50,元/千克(kg) ,辽宁朝阳市果菜批发市场,查找
[2021-11-12],芹菜,¥4.00,¥9.00,¥5.10,元/千克(kg) ,安徽六安市裕安区紫竹林农产品批发市场,查找
[2021-11-12],莴笋,¥6.00,¥6.60,¥6.30,元/千克(kg) ,山西省长治市紫坊农产品综合交易市场有...,查找
[2021-11-12],莴笋,¥5.00,¥6.00,¥5.50,元/千克(kg) ,陕西咸阳新阳光批发市场,查找
[2021-11-12],莴笋,¥4.20,¥4.60,¥4.40,元/千克(kg) ,遵义金土地绿色产品交易有限公司,查找
[2021-11-12],莴笋,¥0.00,¥0.00,¥1.80,元/千克(kg) ,鲁南蔬菜产业有限公司,查找
[2021-11-12],莴笋,¥2.00,¥2.40,¥2.20,元/千克(kg) ,江苏宜兴市瑞德蔬菜果品批发市场有限公司,查找
[2021-11-12],莴笋,¥4.00,¥4.00,¥4.00,元/千克(kg) ,陕西泾云现代农业股份有限公司云阳蔬菜...,查找
[2021-11-12],莴笋,¥1.80,¥2.20,¥2.00,元/千克(kg) ,江西乐平市蔬菜批发大市场,查找
[2021-11-12],莴笋,¥2.40,¥4.00,¥3.20,元/千克(kg) ,徐州农副产品中心批发市场,查找
[2021-11-12],莴笋,¥4.00,¥4.80,¥4.40,元/千克(kg) ,河北秦皇岛海阳农副产品批发市场,查找
[2021-11-12],莴笋,¥4.00,¥5.60,¥5.00,元/千克(kg) ,浙江宁波市蔬菜副食品批发交易市场,查找
[2021-11-12],生菜,¥4.80,¥5.20,¥5.00,元/千克(kg) ,广西新柳邕农产品批发市场有限公司,查找
[2021-11-12],莴笋,¥0.00,¥0.00,¥5.00,元/千克(kg) ,山东淄博市鲁中蔬菜批发市场,查找
[2021-11-12],莴笋,¥1.40,¥5.00,¥2.60,元/千克(kg) ,青岛抚顺路蔬菜副食品批发市场股份有限公司,查找
[2021-11-12],莴笋,¥3.00,¥4.00,¥3.50,元/千克(kg) ,广东汕头农副产品批发中心市场,查找
[2021-11-12],莴笋,¥3.00,¥4.00,¥3.50,元/千克(kg) ,北京朝阳区大洋路综合市场,查找
[2021-11-12],莴笋,¥2.40,¥4.00,¥3.20,元/千克(kg) ,马鞍山市安民农副产品贸易有限公司,查找
[2021-11-12],莴笋,¥3.80,¥4.60,¥4.20,元/千克(kg) ,西安市朱雀农产品交易中心,查找
[2021-11-12],西洋芹,¥7.00,¥8.00,¥7.50,元/千克(kg) ,江苏宜兴市瑞德蔬菜果品批发市场有限公司,查找
[2021-11-12],西洋芹,¥6.00,¥6.00,¥6.00,元/千克(kg) ,黑龙江鹤岗市万圃源蔬菜有限责任公司,查找
[2021-11-12],西洋芹,¥8.00,¥8.00,¥8.00,元/千克(kg) ,湖北鄂州市蟠龙蔬菜批发市场,查找
[2021-11-12],西洋芹,¥8.00,¥11.20,¥9.60,元/千克(kg) ,广东汕头农副产品批发中心市场,查找
[2021-11-12],西洋芹,¥4.60,¥5.00,¥4.80,元/千克(kg) ,河南万邦国际农产品物流股份有限公司,查找
[2021-11-12],西洋芹,¥6.00,¥7.00,¥6.50,元/千克(kg) ,陕西咸阳新阳光批发市场,查找
[2021-11-12],西洋芹,¥7.00,¥7.00,¥7.00,元/千克(kg) ,湖南吉首市蔬菜果品批发大市场,查找
[2021-11-12],生菜,¥6.00,¥6.40,¥6.20,元/千克(kg) ,湖南吉首市蔬菜果品批发大市场,查找
[2021-11-12],芹菜,¥4.00,¥4.00,¥4.00,元/千克(kg) ,青藏高原农副产品集散中心,查找
[2021-11-12],芹菜,¥4.80,¥5.20,¥5.00,元/千克(kg) ,山西省长治市紫坊农产品综合交易市场有...,查找
[2021-11-12],油菜,¥4.60,¥5.40,¥5.00,元/千克(kg) ,广西新柳邕农产品批发市场有限公司,查找
[2021-11-12],芹菜,¥3.60,¥4.00,¥3.80,元/千克(kg) ,河北魏县天仙果菜批发交易市场,查找
[2021-11-12],芹菜,¥4.20,¥6.50,¥5.35,元/千克(kg) ,红星实业集团有限公司红星农副产品大市场,查找
[2021-11-12],芹菜,¥4.00,¥5.00,¥4.50,元/千克(kg) ,新疆九鼎恒兴蔬菜经营管理有限公司,查找
[2021-11-12],芹菜,¥0.00,¥0.00,¥3.50,元/千克(kg) ,新疆绿珠九鼎农产品经营管理有限公司,查找
[2021-11-12],芹菜,¥0.00,¥0.00,¥3.60,元/千克(kg) ,河南濮阳宏进农副产品批发市场有限公司...,查找
[2021-11-12],芹菜,¥5.80,¥6.20,¥6.00,元/千克(kg) ,湖北省孝感市南大农产品批发市场,查找
[2021-11-12],芹菜,¥9.00,¥10.00,¥9.50,元/千克(kg) ,浙江嘉善曹安农产品批发有限公司,查找
[2021-11-12],芹菜,¥5.80,¥0.00,¥5.80,元/千克(kg) ,河北省怀来县京西果菜批发市场有限责任公司,查找
[2021-11-12],白蒜6.0公分,¥6.80,¥6.96,¥6.88,元/千克(kg) ,山东金乡大蒜专业批发市场,查找
[2021-11-12],白蒜5.0公分,¥6.60,¥6.70,¥6.65,元/千克(kg) ,山东金乡大蒜专业批发市场,查找
[2021-11-12],红蒜6.0公分,¥6.40,¥6.76,¥6.58,元/千克(kg) ,山东金乡大蒜专业批发市场,查找
[2021-11-12],红蒜5.0公分,¥5.66,¥5.90,¥5.78,元/千克(kg) ,山东金乡大蒜专业批发市场,查找
[2021-11-12],大蒜,¥8.40,¥9.00,¥8.70,元/千克(kg) ,山西省长治市紫坊农产品综合交易市场有...,查找
[2021-11-12],大蒜,¥5.40,¥6.60,¥5.60,元/千克(kg) ,河北魏县天仙果菜批发交易市场,查找
[2021-11-12],大蒜,¥7.00,¥9.50,¥8.50,元/千克(kg) ,新疆九鼎恒兴蔬菜经营管理有限公司,查找
[2021-11-12],大蒜,¥0.00,¥0.00,¥7.50,元/千克(kg) ,新疆绿珠九鼎农产品经营管理有限公司,查找
[2021-11-12],大蒜,¥0.00,¥0.00,¥6.60,元/千克(kg) ,河南濮阳宏进农副产品批发市场有限公司...,查找
[2021-11-12],大蒜,¥10.00,¥12.00,¥11.00,元/千克(kg) ,浙江嘉善曹安农产品批发有限公司,查找
[2021-11-12],大蒜,¥8.40,¥0.00,¥8.40,元/千克(kg) ,河北省怀来县京西果菜批发市场有限责任公司,查找
[2021-11-12],大蒜,¥9.00,¥10.00,¥9.60,元/千克(kg) ,湖南吉首市蔬菜果品批发大市场,查找
[2021-11-12],大蒜,¥5.00,¥7.50,¥6.20,元/千克(kg) ,滕州市农副产品物流中心有限公司,查找
[2021-11-12],大蒜,¥7.00,¥9.00,¥8.00,元/千克(kg) ,北京京丰岳各庄农副产品批发市场,查找
[2021-11-12],香菇,¥14.00,¥15.00,¥14.50,元/千克(kg) ,山西省长治市紫坊农产品综合交易市场有...,查找
[2021-11-12],香菇,¥16.00,¥16.00,¥16.00,元/千克(kg) ,山东青岛黄河路农产品批发市场,查找
[2021-11-12],香菇,¥12.00,¥14.00,¥13.00,元/千克(kg) ,四川成都龙泉聚和(国际)果蔬菜交易中心,查找
[2021-11-12],洋白菜,¥2.20,¥4.40,¥3.30,元/千克(kg) ,江苏苏州南环桥农副产品批发市场,查找
[2021-11-12],洋白菜,¥0.00,¥0.00,¥5.00,元/千克(kg) ,山东滨州(六街）鲁北蔬菜批发市场,查找
[2021-11-12],洋白菜,¥3.00,¥6.00,¥4.50,元/千克(kg) ,辽宁鞍山宁远农产品批发市场,查找
[2021-11-12],香菇,¥9.60,¥10.00,¥9.80,元/千克(kg) ,山西太原丈子头农产品物流园（原城东利民）,查找
[2021-11-12],香菇,¥18.00,¥22.00,¥20.00,元/千克(kg) ,浙江嘉善曹安农产品批发有限公司,查找
[2021-11-12],香菇,¥8.00,¥9.40,¥8.60,元/千克(kg) ,河北魏县天仙果菜批发交易市场,查找
[2021-11-12],香菇,¥0.00,¥0.00,¥10.00,元/千克(kg) ,山东滨州(六街）鲁北蔬菜批发市场,查找
[2021-11-12],香菇,¥12.00,¥14.00,¥13.00,元/千克(kg) ,江苏联谊农副产品批发市场,查找
[2021-11-12],香菇,¥6.00,¥7.00,¥6.50,元/千克(kg) ,辽宁鞍山宁远农产品批发市场,查找
[2021-11-12],洋白菜,¥0.00,¥0.00,¥3.80,元/千克(kg) ,绵阳市高水农副产品批发有限公司,查找
[2021-11-12],香菇,¥10.00,¥14.00,¥12.00,元/千克(kg) ,广东汕头农副产品批发中心市场,查找
[2021-11-12],香菇,¥12.00,¥14.00,¥13.00,元/千克(kg) ,陕西咸阳新阳光批发市场,查找
[2021-11-12],香菇,¥8.00,¥11.00,¥9.50,元/千克(kg) ,徐州农副产品中心批发市场,查找
[2021-11-12],香菇,¥6.00,¥12.00,¥9.00,元/千克(kg) ,西安市朱雀农产品交易中心,查找
[2021-11-12],香菇,¥8.60,¥9.00,¥8.80,元/千克(kg) ,江西乐平市蔬菜批发大市场,查找
[2021-11-12],香菇,¥12.00,¥14.00,¥13.00,元/千克(kg) ,江苏宜兴市瑞德蔬菜果品批发市场有限公司,查找
[2021-11-12],香菇,¥6.00,¥7.00,¥6.50,元/千克(kg) ,北京朝阳区大洋路综合市场,查找
[2021-11-12],香菇,¥0.00,¥0.00,¥9.00,元/千克(kg) ,山东淄博市鲁中蔬菜批发市场,查找
[2021-11-12],香菇,¥9.00,¥12.00,¥10.50,元/千克(kg) ,河南万邦国际农产品物流股份有限公司,查找
[2021-11-12],香菇,¥16.00,¥18.00,¥16.00,元/千克(kg) ,湖北鄂州市蟠龙蔬菜批发市场,查找
[2021-11-12],香菇,¥12.00,¥16.00,¥14.00,元/千克(kg) ,浙江宁波市蔬菜副食品批发交易市场,查找
[2021-11-12],香菇,¥6.50,¥14.00,¥10.25,元/千克(kg) ,武汉白沙洲农副产品大市场有限公司,查找
[2021-11-12],西红柿,¥3.40,¥5.00,¥4.20,元/千克(kg) ,山西省太原市河西农产品有限公司,查找
[2021-11-12],西红柿,¥6.20,¥6.60,¥6.40,元/千克(kg) ,黑龙江鹤岗市万圃源蔬菜有限责任公司,查找
[2021-11-12],西红柿,¥3.00,¥4.40,¥4.00,元/千克(kg) ,湖南吉首市蔬菜果品批发大市场,查找
[2021-11-12],西红柿,¥5.20,¥7.00,¥6.10,元/千克(kg) ,南昌深圳农产品中心批发市场有限公司,查找
[2021-11-12],西红柿,¥2.00,¥4.00,¥2.79,元/千克(kg) ,中国寿光地利农产品物流园有限公司,查找
[2021-11-12],西兰花,¥6.20,¥8.00,¥7.60,元/千克(kg) ,乐亭县冀东果菜批发市场,查找
[2021-11-12],西兰花,¥10.00,¥12.00,¥10.00,元/千克(kg) ,湖北鄂州市蟠龙蔬菜批发市场,查找
[2021-11-12],西兰花,¥6.40,¥7.40,¥6.90,元/千克(kg) ,北京朝阳区大洋路综合市场,查找
[2021-11-12],西兰花,¥2.60,¥6.00,¥5.20,元/千克(kg) ,山东青岛莱西市东庄头蔬菜批发市场服务...,查找
[2021-11-12],西兰花,¥8.50,¥9.50,¥9.00,元/千克(kg) ,武汉白沙洲农副产品大市场有限公司,查找
[2021-11-12],西兰花,¥5.00,¥7.00,¥6.00,元/千克(kg) ,河北秦皇岛海阳农副产品批发市场,查找
[2021-11-12],西兰花,¥4.00,¥11.00,¥7.60,元/千克(kg) ,青岛抚顺路蔬菜副食品批发市场股份有限公司,查找
[2021-11-12],西兰花,¥7.20,¥7.60,¥7.40,元/千克(kg) ,江西乐平市蔬菜批发大市场,查找
[2021-11-12],西兰花,¥0.00,¥0.00,¥9.20,元/千克(kg) ,安徽省淮北市中瑞农产品批发市场,查找
[2021-11-12],西兰花,¥10.00,¥12.00,¥11.00,元/千克(kg) ,陕西咸阳新阳光批发市场,查找
[2021-11-12],西兰花,¥0.00,¥0.00,¥8.60,元/千克(kg) ,蚌埠海吉星农产品物流有限公司,查找
[2021-11-12],西兰花,¥10.00,¥14.00,¥12.00,元/千克(kg) ,浙江嘉善曹安农产品批发有限公司,查找
[2021-11-12],西兰花,¥8.00,¥9.00,¥8.00,元/千克(kg) ,天津何庄子鲜活农产品中心批发市场,查找
[2021-11-12],西兰花,¥8.20,¥8.40,¥8.30,元/千克(kg) ,山西太原丈子头农产品物流园（原城东利民）,查找
[2021-11-12],西兰花,¥6.00,¥7.00,¥6.50,元/千克(kg) ,新疆九鼎恒兴蔬菜经营管理有限公司,查找
[2021-11-12],西兰花,¥8.80,¥9.60,¥9.20,元/千克(kg) ,三门峡金河农产品批发交易中心,查找
[2021-11-12],西兰花,¥12.40,¥13.00,¥12.70,元/千克(kg) ,山东青岛黄河路农产品批发市场,查找
[2021-11-12],西兰花,¥10.00,¥12.00,¥11.00,元/千克(kg) ,四川成都龙泉聚和(国际)果蔬菜交易中心,查找
[2021-11-12],西兰花,¥8.00,¥9.00,¥8.50,元/千克(kg) ,山西省长治市紫坊农产品综合交易市场有...,查找
[2021-11-12],西兰花,¥6.20,¥6.80,¥6.50,元/千克(kg) ,河南万邦国际农产品物流股份有限公司,查找
[2021-11-12],生姜,¥0.00,¥0.00,¥5.40,元/千克(kg) ,河南濮阳宏进农副产品批发市场有限公司...,查找
[2021-11-12],生姜,¥6.00,¥7.00,¥6.50,元/千克(kg) ,浙江嘉善曹安农产品批发有限公司,查找
[2021-11-12],生姜,¥6.00,¥0.00,¥6.00,元/千克(kg) ,河北省怀来县京西果菜批发市场有限责任公司,查找
[2021-11-12],生姜,¥4.80,¥5.60,¥5.00,元/千克(kg) ,天津何庄子鲜活农产品中心批发市场,查找
[2021-11-12],生姜,¥5.00,¥5.00,¥5.00,元/千克(kg) ,湖南吉首市蔬菜果品批发大市场,查找
[2021-11-12],生姜,¥3.00,¥6.00,¥5.50,元/千克(kg) ,滕州市农副产品物流中心有限公司,查找
[2021-11-12],生姜,¥6.00,¥8.00,¥7.60,元/千克(kg) ,北京京丰岳各庄农副产品批发市场,查找
[2021-11-12],生姜,¥7.00,¥8.00,¥7.50,元/千克(kg) ,阜阳农产品中心批发市场,查找
[2021-11-12],生姜,¥4.00,¥5.40,¥4.70,元/千克(kg) ,山西省太原市河西农产品有限公司,查找
[2021-11-12],生姜,¥2.40,¥5.90,¥3.10,元/千克(kg) ,中国寿光地利农产品物流园有限公司,查找
[2021-11-12],生姜,¥7.00,¥7.40,¥7.20,元/千克(kg) ,黑龙江鹤岗市万圃源蔬菜有限责任公司,查找
[2021-11-12],生姜,¥7.00,¥8.00,¥7.50,元/千克(kg) ,马鞍山市安民农副产品贸易有限公司,查找
[2021-11-12],生姜,¥8.00,¥9.60,¥8.80,元/千克(kg) ,武汉白沙洲农副产品大市场有限公司,查找
[2021-11-12],生姜,¥0.00,¥0.00,¥4.00,元/千克(kg) ,安徽省淮北市中瑞农产品批发市场,查找
[2021-11-12],生姜,¥0.00,¥0.00,¥4.40,元/千克(kg) ,江苏无锡朝阳农产品大市场,查找
[2021-11-12],生姜,¥0.00,¥0.00,¥8.00,元/千克(kg) ,四川雅安市汉源县九襄农产品批发市场,查找
[2021-11-12],生姜,¥3.00,¥5.20,¥4.10,元/千克(kg) ,广东汕头农副产品批发中心市场,查找
[2021-11-12],生姜,¥0.00,¥0.00,¥4.60,元/千克(kg) ,山西临汾尧丰农副产品批发市场,查找
[2021-11-12],生姜,¥5.00,¥6.00,¥5.50,元/千克(kg) ,陕西咸阳新阳光批发市场,查找
[2021-11-12],生姜,¥10.00,¥10.00,¥10.00,元/千克(kg) ,湖北鄂州市蟠龙蔬菜批发市场,查找
[2021-11-12],生姜,¥7.00,¥9.00,¥8.00,元/千克(kg) ,四川成都龙泉聚和(国际)果蔬菜交易中心,查找
[2021-11-12],生姜,¥3.50,¥5.00,¥4.50,元/千克(kg) ,安徽亳州农产品有限责任公司,查找
[2021-11-12],生姜,¥4.00,¥7.00,¥5.00,元/千克(kg) ,山东章丘蔬菜批发市场,查找
[2021-11-12],生姜,¥2.00,¥4.60,¥3.30,元/千克(kg) ,河北秦皇岛海阳农副产品批发市场,查找
[2021-11-12],生姜,¥8.00,¥8.00,¥8.00,元/千克(kg) ,山东青岛黄河路农产品批发市场,查找
[2021-11-12],大葱,¥7.00,¥9.00,¥8.00,元/千克(kg) ,新疆九鼎恒兴蔬菜经营管理有限公司,查找
[2021-11-12],大葱,¥8.15,¥8.20,¥8.18,元/千克(kg) ,红星实业集团有限公司红星农副产品大市场,查找
[2021-11-12],大葱,¥6.40,¥8.00,¥7.20,元/千克(kg) ,南昌深圳农产品中心批发市场有限公司,查找
[2021-11-12],大葱,¥4.90,¥7.40,¥6.53,元/千克(kg) ,中国寿光地利农产品物流园有限公司,查找
[2021-11-12],大葱,¥7.20,¥7.60,¥7.40,元/千克(kg) ,黑龙江鹤岗市万圃源蔬菜有限责任公司,查找
[2021-11-12],大葱,¥2.00,¥7.00,¥4.00,元/千克(kg) ,滕州市农副产品物流中心有限公司,查找
[2021-11-12],大葱,¥7.40,¥8.00,¥8.00,元/千克(kg) ,北京京丰岳各庄农副产品批发市场,查找
[2021-11-12],大葱,¥3.00,¥4.00,¥3.50,元/千克(kg) ,阜阳农产品中心批发市场,查找
[2021-11-12],大葱,¥6.00,¥6.80,¥6.40,元/千克(kg) ,山西省太原市河西农产品有限公司,查找
[2021-11-12],大葱,¥0.00,¥0.00,¥3.50,元/千克(kg) ,新疆绿珠九鼎农产品经营管理有限公司,查找
[2021-11-12],大葱,¥0.00,¥0.00,¥6.00,元/千克(kg) ,河南濮阳宏进农副产品批发市场有限公司...,查找
[2021-11-12],葱头,¥2.00,¥2.00,¥2.00,元/千克(kg) ,陕西泾云现代农业股份有限公司云阳蔬菜...,查找
[2021-11-12],葱头,¥2.20,¥2.60,¥2.40,元/千克(kg) ,江西乐平市蔬菜批发大市场,查找
[2021-11-12],葱头,¥2.00,¥4.00,¥3.00,元/千克(kg) ,徐州农副产品中心批发市场,查找
[2021-11-12],葱头,¥2.40,¥2.60,¥2.50,元/千克(kg) ,江苏宜兴市瑞德蔬菜果品批发市场有限公司,查找
[2021-11-12],葱头,¥1.60,¥2.60,¥2.10,元/千克(kg) ,北京朝阳区大洋路综合市场,查找
[2021-11-12],葱头,¥1.40,¥2.40,¥2.00,元/千克(kg) ,山东青岛莱西市东庄头蔬菜批发市场服务...,查找
[2021-11-12],葱头,¥2.40,¥3.20,¥2.80,元/千克(kg) ,武汉白沙洲农副产品大市场有限公司,查找
[2021-11-12],葱头,¥1.60,¥2.40,¥2.00,元/千克(kg) ,山东金乡大蒜专业批发市场,查找
[2021-11-12],葱头,¥2.20,¥3.30,¥2.80,元/千克(kg) ,浙江宁波市蔬菜副食品批发交易市场,查找
[2021-11-12],葱头,¥0.00,¥0.00,¥2.40,元/千克(kg) ,山东淄博市鲁中蔬菜批发市场,查找
[2021-11-12],葱头,¥1.80,¥2.40,¥2.10,元/千克(kg) ,河南商丘市农产品中心批发市场,查找
[2021-11-12],葱头,¥2.00,¥4.00,¥3.20,元/千克(kg) ,青岛抚顺路蔬菜副食品批发市场股份有限公司,查找
[2021-11-12],葱头,¥0.00,¥0.00,¥1.80,元/千克(kg) ,山西临汾尧丰农副产品批发市场,查找
[2021-11-12],葱头,¥3.00,¥3.80,¥3.40,元/千克(kg) ,河南万邦国际农产品物流股份有限公司,查找
[2021-11-12],韭菜,¥6.00,¥6.60,¥6.30,元/千克(kg) ,山西省长治市紫坊农产品综合交易市场有...,查找
[2021-11-12],韭菜,¥8.00,¥10.00,¥9.00,元/千克(kg) ,青藏高原农副产品集散中心,查找
[2021-11-12],韭菜,¥8.00,¥8.00,¥8.00,元/千克(kg) ,山东青岛黄河路农产品批发市场,查找
[2021-11-12],韭菜,¥5.00,¥7.00,¥6.00,元/千克(kg) ,湖北省洪湖农贸市场,查找
[2021-11-12],韭菜,¥6.00,¥7.00,¥6.00,元/千克(kg) ,天津何庄子鲜活农产品中心批发市场,查找
[2021-11-12],韭菜,¥3.60,¥5.00,¥4.20,元/千克(kg) ,河北魏县天仙果菜批发交易市场,查找
[2021-11-12],韭菜,¥3.80,¥4.20,¥4.00,元/千克(kg) ,湖北省孝感市南大农产品批发市场,查找
[2021-11-12],韭菜,¥5.00,¥6.50,¥6.00,元/千克(kg) ,新疆九鼎恒兴蔬菜经营管理有限公司,查找
[2021-11-12],韭菜,¥6.00,¥7.00,¥6.50,元/千克(kg) ,山西省太原市河西农产品有限公司,查找
[2021-11-12],韭菜,¥9.00,¥9.00,¥9.00,元/千克(kg) ,黑龙江鹤岗市万圃源蔬菜有限责任公司,查找
[2021-11-12],韭菜,¥0.00,¥0.00,¥3.50,元/千克(kg) ,新疆绿珠九鼎农产品经营管理有限公司,查找
[2021-11-12],韭菜,¥0.00,¥0.00,¥4.80,元/千克(kg) ,河南濮阳宏进农副产品批发市场有限公司...,查找
[2021-11-12],韭菜,¥1.40,¥12.00,¥8.50,元/千克(kg) ,滕州市农副产品物流中心有限公司,查找
[2021-11-12],韭菜,¥3.00,¥5.00,¥4.00,元/千克(kg) ,浙江嘉善曹安农产品批发有限公司,查找
[2021-11-12],韭菜,¥7.20,¥0.00,¥7.20,元/千克(kg) ,河北省怀来县京西果菜批发市场有限责任公司,查找
[2021-11-12],韭菜,¥5.00,¥7.20,¥6.10,元/千克(kg) ,南昌深圳农产品中心批发市场有限公司,查找
[2021-11-12],韭菜,¥0.00,¥0.00,¥7.00,元/千克(kg) ,山东淄博市鲁中蔬菜批发市场,查找
[2021-11-12],韭菜,¥2.80,¥3.60,¥3.20,元/千克(kg) ,江西乐平市蔬菜批发大市场,查找
[2021-11-12],韭菜,¥5.00,¥6.00,¥5.50,元/千克(kg) ,武汉白沙洲农副产品大市场有限公司,查找
[2021-11-12],韭菜,¥2.50,¥7.50,¥5.40,元/千克(kg) ,广州江南果菜批发市场经营管理有限公司,查找
[2021-11-12],韭菜,¥4.00,¥5.60,¥4.80,元/千克(kg) ,浙江宁波市蔬菜副食品批发交易市场,查找
[2021-11-12],韭菜,¥8.00,¥8.00,¥8.00,元/千克(kg) ,湖北鄂州市蟠龙蔬菜批发市场,查找
[2021-11-12],韭菜,¥0.00,¥0.00,¥6.00,元/千克(kg) ,安徽省淮北市中瑞农产品批发市场,查找
[2021-11-12],韭菜,¥6.00,¥9.20,¥7.60,元/千克(kg) ,广东汕头农副产品批发中心市场,查找
[2021-11-12],韭菜,¥8.00,¥9.00,¥8.50,元/千克(kg) ,北京朝阳区大洋路综合市场,查找
[2021-11-12],芹菜,¥4.00,¥5.00,¥4.50,元/千克(kg) ,安徽亳州农产品有限责任公司,查找
[2021-11-12],芹菜,¥4.80,¥5.20,¥5.00,元/千克(kg) ,天津武清大沙河批发市场,查找
[2021-11-12],芹菜,¥3.00,¥5.00,¥4.00,元/千克(kg) ,山东章丘蔬菜批发市场,查找
[2021-11-12],芹菜,¥8.00,¥9.80,¥9.00,元/千克(kg) ,湖北省洪湖农贸市场,查找
[2021-11-12],芹菜,¥11.40,¥12.00,¥11.70,元/千克(kg) ,广西新柳邕农产品批发市场有限公司,查找
[2021-11-12],芹菜,¥7.00,¥8.00,¥7.50,元/千克(kg) ,江苏宜兴市瑞德蔬菜果品批发市场有限公司,查找
[2021-11-12],芹菜,¥4.00,¥5.00,¥4.50,元/千克(kg) ,陕西咸阳新阳光批发市场,查找
[2021-11-12],芹菜,¥6.00,¥6.40,¥6.20,元/千克(kg) ,遵义金土地绿色产品交易有限公司,查找
[2021-11-12],芹菜,¥5.20,¥6.00,¥5.60,元/千克(kg) ,江西乐平市蔬菜批发大市场,查找
[2021-11-12],芹菜,¥4.20,¥4.60,¥4.40,元/千克(kg) ,河南万邦国际农产品物流股份有限公司,查找
[2021-11-12],芹菜,¥5.00,¥5.60,¥5.20,元/千克(kg) ,吉林省辽源市仙城物流园区有限公司,查找
[2021-11-12],芹菜,¥4.00,¥5.00,¥4.50,元/千克(kg) ,徐州农副产品中心批发市场,查找
[2021-11-12],小白菜,¥5.60,¥6.00,¥5.80,元/千克(kg) ,湖南吉首市蔬菜果品批发大市场,查找
[2021-11-12],小白菜,¥3.20,¥5.00,¥4.00,元/千克(kg) ,北京京丰岳各庄农副产品批发市场,查找
[2021-11-12],芹菜,¥4.00,¥4.80,¥4.40,元/千克(kg) ,河北秦皇岛海阳农副产品批发市场,查找
[2021-11-12],芹菜,¥6.00,¥8.80,¥7.40,元/千克(kg) ,浙江宁波市蔬菜副食品批发交易市场,查找
[2021-11-12],芹菜,¥0.00,¥0.00,¥5.60,元/千克(kg) ,山东淄博市鲁中蔬菜批发市场,查找
[2021-11-12],芹菜,¥3.00,¥5.00,¥4.20,元/千克(kg) ,山东青岛莱西市东庄头蔬菜批发市场服务...,查找
[2021-11-12],芹菜,¥3.80,¥4.40,¥4.10,元/千克(kg) ,河南商丘市农产品中心批发市场,查找
[2021-11-12],芹菜,¥4.00,¥6.00,¥5.00,元/千克(kg) ,青岛抚顺路蔬菜副食品批发市场股份有限公司,查找
[2021-11-12],芹菜,¥4.00,¥11.96,¥5.09,元/千克(kg) ,福建省福州市海峡蔬菜批发市场,查找
[2021-11-12],芹菜,¥5.00,¥6.40,¥5.70,元/千克(kg) ,广东汕头农副产品批发中心市场,查找
[2021-11-12],芹菜,¥6.00,¥7.00,¥6.50,元/千克(kg) ,北京朝阳区大洋路综合市场,查找
[2021-11-12],芹菜,¥4.00,¥9.00,¥6.50,元/千克(kg) ,马鞍山市安民农副产品贸易有限公司,查找
[2021-11-12],芹菜,¥4.40,¥4.60,¥4.50,元/千克(kg) ,西安市朱雀农产品交易中心,查找
[2021-11-12],土豆,¥1.80,¥2.40,¥2.00,元/千克(kg) ,吉林省辽源市仙城物流园区有限公司,查找
[2021-11-12],土豆,¥3.00,¥3.60,¥3.30,元/千克(kg) ,徐州农副产品中心批发市场,查找
[2021-11-12],土豆,¥2.00,¥2.40,¥2.20,元/千克(kg) ,西安市朱雀农产品交易中心,查找
[2021-11-12],土豆,¥2.00,¥2.40,¥2.20,元/千克(kg) ,江苏宜兴市瑞德蔬菜果品批发市场有限公司,查找
[2021-11-12],土豆,¥1.80,¥2.20,¥2.00,元/千克(kg) ,陕西咸阳新阳光批发市场,查找
[2021-11-12],土豆,¥1.70,¥1.90,¥1.80,元/千克(kg) ,遵义金土地绿色产品交易有限公司,查找
[2021-11-12],土豆,¥3.60,¥4.00,¥3.60,元/千克(kg) ,湖北鄂州市蟠龙蔬菜批发市场,查找
[2021-11-12],土豆,¥0.00,¥0.00,¥2.60,元/千克(kg) ,安徽省淮北市中瑞农产品批发市场,查找
[2021-11-12],土豆,¥0.60,¥3.80,¥2.51,元/千克(kg) ,福建省福州市海峡蔬菜批发市场,查找
[2021-11-12],土豆,¥0.00,¥0.00,¥2.10,元/千克(kg) ,四川雅安市汉源县九襄农产品批发市场,查找
[2021-11-12],土豆,¥2.20,¥3.20,¥2.70,元/千克(kg) ,广东汕头农副产品批发中心市场,查找
[2021-11-12],土豆,¥1.80,¥2.80,¥2.30,元/千克(kg) ,北京朝阳区大洋路综合市场,查找
[2021-11-12],土豆,¥0.80,¥1.80,¥1.60,元/千克(kg) ,山东青岛莱西市东庄头蔬菜批发市场服务...,查找
[2021-11-12],土豆,¥2.40,¥4.00,¥3.20,元/千克(kg) ,马鞍山市安民农副产品贸易有限公司,查找
[2021-11-12],土豆,¥1.70,¥2.40,¥2.00,元/千克(kg) ,河南商丘市农产品中心批发市场,查找
[2021-11-12],土豆,¥1.80,¥2.60,¥2.20,元/千克(kg) ,武汉白沙洲农副产品大市场有限公司,查找
[2021-11-12],土豆,¥1.80,¥3.10,¥2.50,元/千克(kg) ,浙江宁波市蔬菜副食品批发交易市场,查找
[2021-11-12],土豆,¥2.00,¥3.00,¥2.60,元/千克(kg) ,湖北省洪湖农贸市场,查找
[2021-11-12],土豆,¥1.40,¥3.00,¥2.00,元/千克(kg) ,四川成都龙泉聚和(国际)果蔬菜交易中心,查找
[2021-11-12],土豆,¥2.35,¥3.00,¥2.68,元/千克(kg) ,红星实业集团有限公司红星农副产品大市场,查找
[2021-11-12],土豆,¥1.60,¥2.00,¥1.80,元/千克(kg) ,山西省长治市紫坊农产品综合交易市场有...,查找
[2021-11-12],土豆,¥1.50,¥1.70,¥1.60,元/千克(kg) ,青藏高原农副产品集散中心,查找
[2021-11-12],土豆,¥2.40,¥2.60,¥2.50,元/千克(kg) ,山东青岛黄河路农产品批发市场,查找
[2021-11-12],土豆,¥2.00,¥2.40,¥2.20,元/千克(kg) ,辽宁朝阳市果菜批发市场,查找
[2021-11-12],土豆,¥2.00,¥4.00,¥3.00,元/千克(kg) ,安徽六安市裕安区紫竹林农产品批发市场,查找
[2021-11-12],大蒜,¥8.00,¥11.00,¥9.50,元/千克(kg) ,浙江宁波市蔬菜副食品批发交易市场,查找
[2021-11-12],洋白菜,¥3.40,¥4.60,¥4.00,元/千克(kg) ,广西新柳邕农产品批发市场有限公司,查找
[2021-11-12],洋白菜,¥1.00,¥3.00,¥2.80,元/千克(kg) ,滕州市农副产品物流中心有限公司,查找
[2021-11-12],洋白菜,¥2.60,¥4.00,¥3.30,元/千克(kg) ,山西省太原市河西农产品有限公司,查找
[2021-11-12],洋白菜,¥4.00,¥4.40,¥4.00,元/千克(kg) ,天津何庄子鲜活农产品中心批发市场,查找
[2021-11-12],洋白菜,¥0.00,¥0.00,¥4.20,元/千克(kg) ,河南濮阳宏进农副产品批发市场有限公司...,查找
[2021-11-12],大蒜,¥0.00,¥0.00,¥8.00,元/千克(kg) ,山东淄博市鲁中蔬菜批发市场,查找
[2021-11-12],大蒜,¥4.00,¥7.40,¥6.20,元/千克(kg) ,山东青岛莱西市东庄头蔬菜批发市场服务...,查找
[2021-11-12],大蒜,¥5.60,¥6.30,¥5.90,元/千克(kg) ,河南商丘市农产品中心批发市场,查找
[2021-11-12],大蒜,¥6.00,¥12.00,¥10.00,元/千克(kg) ,青岛抚顺路蔬菜副食品批发市场股份有限公司,查找
[2021-11-12],大蒜,¥9.00,¥20.00,¥14.50,元/千克(kg) ,武汉白沙洲农副产品大市场有限公司,查找
[2021-11-12],大蒜,¥6.40,¥7.40,¥6.90,元/千克(kg) ,北京朝阳区大洋路综合市场,查找
[2021-11-12],生姜,¥6.00,¥10.00,¥8.00,元/千克(kg) ,青岛抚顺路蔬菜副食品批发市场股份有限公司,查找
[2021-11-12],生姜,¥7.00,¥8.00,¥7.50,元/千克(kg) ,山西省长治市紫坊农产品综合交易市场有...,查找
[2021-11-12],生姜,¥6.00,¥7.00,¥6.50,元/千克(kg) ,青藏高原农副产品集散中心,查找
[2021-11-12],生姜,¥2.00,¥3.60,¥3.00,元/千克(kg) ,河北魏县天仙果菜批发交易市场,查找
[2021-11-12],生姜,¥8.80,¥9.20,¥9.00,元/千克(kg) ,湖北省孝感市南大农产品批发市场,查找
[2021-11-12],生姜,¥13.80,¥16.20,¥15.00,元/千克(kg) ,红星实业集团有限公司红星农副产品大市场,查找
[2021-11-12],生姜,¥5.00,¥7.00,¥6.00,元/千克(kg) ,新疆九鼎恒兴蔬菜经营管理有限公司,查找
[2021-11-12],洋白菜,¥3.00,¥4.00,¥3.40,元/千克(kg) ,河北魏县天仙果菜批发交易市场,查找
[2021-11-12],洋白菜,¥4.20,¥0.00,¥4.20,元/千克(kg) ,河北省怀来县京西果菜批发市场有限责任公司,查找
[2021-11-12],洋白菜,¥5.80,¥6.20,¥6.00,元/千克(kg) ,湖北省孝感市南大农产品批发市场,查找
[2021-11-12],洋白菜,¥2.00,¥5.00,¥3.10,元/千克(kg) ,广州江南果菜批发市场经营管理有限公司,查找
[2021-11-12],洋白菜,¥3.60,¥6.00,¥4.40,元/千克(kg) ,北京京丰岳各庄农副产品批发市场,查找
[2021-11-12],生姜,¥0.00,¥0.00,¥9.00,元/千克(kg) ,新疆绿珠九鼎农产品经营管理有限公司,查找
[2021-11-12],油麦菜,¥4.00,¥4.40,¥4.20,元/千克(kg) ,河北秦皇岛海阳农副产品批发市场,查找
[2021-11-12],油麦菜,¥5.00,¥7.00,¥6.00,元/千克(kg) ,湖北鄂州市蟠龙蔬菜批发市场,查找
[2021-11-12],油麦菜,¥0.00,¥0.00,¥7.80,元/千克(kg) ,安徽省淮北市中瑞农产品批发市场,查找
[2021-11-12],油麦菜,¥5.30,¥6.30,¥5.80,元/千克(kg) ,北京朝阳区大洋路综合市场,查找
[2021-11-12],油麦菜,¥12.00,¥13.00,¥12.50,元/千克(kg) ,陕西咸阳新阳光批发市场,查找
[2021-11-12],油麦菜,¥4.00,¥5.00,¥4.50,元/千克(kg) ,江苏宜兴市瑞德蔬菜果品批发市场有限公司,查找
[2021-11-12],油麦菜,¥5.60,¥6.60,¥6.10,元/千克(kg) ,河南万邦国际农产品物流股份有限公司,查找
[2021-11-12],油麦菜,¥0.00,¥0.00,¥8.00,元/千克(kg) ,山东淄博市鲁中蔬菜批发市场,查找
[2021-11-12],香菜,¥9.00,¥11.00,¥10.00,元/千克(kg) ,青岛抚顺路蔬菜副食品批发市场股份有限公司,查找
[2021-11-12],香菜,¥20.00,¥21.00,¥20.60,元/千克(kg) ,湖北省洪湖农贸市场,查找
[2021-11-12],香菜,¥3.17,¥4.75,¥3.96,元/千克(kg) ,红星实业集团有限公司红星农副产品大市场,查找
[2021-11-12],香菜,¥14.00,¥14.00,¥14.00,元/千克(kg) ,山东青岛黄河路农产品批发市场,查找
[2021-11-12],香菜,¥10.00,¥11.00,¥10.50,元/千克(kg) ,辽宁朝阳市果菜批发市场,查找
[2021-11-12],香菜,¥9.00,¥10.00,¥10.00,元/千克(kg) ,天津何庄子鲜活农产品中心批发市场,查找
[2021-11-12],香菜,¥6.00,¥8.00,¥7.00,元/千克(kg) ,河北魏县天仙果菜批发交易市场,查找
[2021-11-12],香菜,¥10.80,¥11.20,¥11.00,元/千克(kg) ,湖北省孝感市南大农产品批发市场,查找
[2021-11-12],香菜,¥17.00,¥19.00,¥18.00,元/千克(kg) ,新疆九鼎恒兴蔬菜经营管理有限公司,查找
[2021-11-12],香菜,¥12.00,¥14.00,¥13.00,元/千克(kg) ,山西省太原市河西农产品有限公司,查找
[2021-11-12],香菜,¥12.00,¥12.00,¥12.00,元/千克(kg) ,黑龙江鹤岗市万圃源蔬菜有限责任公司,查找
[2021-11-12],香菜,¥0.00,¥0.00,¥9.00,元/千克(kg) ,新疆绿珠九鼎农产品经营管理有限公司,查找
[2021-11-12],香菜,¥0.00,¥0.00,¥8.00,元/千克(kg) ,河南濮阳宏进农副产品批发市场有限公司...,查找
[2021-11-12],香菜,¥3.00,¥25.00,¥10.00,元/千克(kg) ,滕州市农副产品物流中心有限公司,查找
[2021-11-12],香菜,¥14.00,¥0.00,¥14.00,元/千克(kg) ,河北省怀来县京西果菜批发市场有限责任公司,查找
[2021-11-12],香菜,¥7.40,¥8.20,¥7.80,元/千克(kg) ,江西乐平市蔬菜批发大市场,查找
[2021-11-12],香菜,¥6.00,¥10.00,¥8.00,元/千克(kg) ,徐州农副产品中心批发市场,查找
[2021-11-12],山药,¥6.00,¥8.00,¥7.00,元/千克(kg) ,四川成都龙泉聚和(国际)果蔬菜交易中心,查找
[2021-11-12],山药,¥8.00,¥12.00,¥10.00,元/千克(kg) ,青岛抚顺路蔬菜副食品批发市场股份有限公司,查找
[2021-11-12],山药,¥8.00,¥8.00,¥8.00,元/千克(kg) ,山东青岛黄河路农产品批发市场,查找
[2021-11-12],山药,¥9.60,¥10.00,¥9.80,元/千克(kg) ,河南万邦国际农产品物流股份有限公司,查找
[2021-11-12],山药,¥5.60,¥6.00,¥5.80,元/千克(kg) ,山西省长治市紫坊农产品综合交易市场有...,查找
[2021-11-12],山药,¥4.00,¥7.00,¥5.50,元/千克(kg) ,徐州农副产品中心批发市场,查找
[2021-11-12],山药,¥3.50,¥8.80,¥5.19,元/千克(kg) ,中国寿光地利农产品物流园有限公司,查找
[2021-11-12],山药,¥7.80,¥8.00,¥8.00,元/千克(kg) ,黑龙江鹤岗市万圃源蔬菜有限责任公司,查找
[2021-11-12],山药,¥8.00,¥18.00,¥11.00,元/千克(kg) ,滕州市农副产品物流中心有限公司,查找
[2021-11-12],山药,¥4.50,¥5.50,¥5.00,元/千克(kg) ,北京朝阳区大洋路综合市场,查找
[2021-11-12],山药,¥5.00,¥5.60,¥5.40,元/千克(kg) ,河北魏县天仙果菜批发交易市场,查找
[2021-11-12],山药,¥0.00,¥0.00,¥4.60,元/千克(kg) ,河南濮阳宏进农副产品批发市场有限公司...,查找
[2021-11-12],山药,¥6.00,¥6.60,¥6.30,元/千克(kg) ,山西省太原市河西农产品有限公司,查找
[2021-11-12],山药,¥0.00,¥0.00,¥5.80,元/千克(kg) ,江苏无锡朝阳农产品大市场,查找
[2021-11-12],山药,¥11.00,¥12.00,¥12.00,元/千克(kg) ,湖北鄂州市蟠龙蔬菜批发市场,查找
[2021-11-12],山药,¥0.00,¥0.00,¥4.40,元/千克(kg) ,安徽省淮北市中瑞农产品批发市场,查找
[2021-11-12],山药,¥7.00,¥8.00,¥7.50,元/千克(kg) ,江苏宜兴市瑞德蔬菜果品批发市场有限公司,查找
[2021-11-12],山药,¥6.00,¥8.00,¥7.00,元/千克(kg) ,陕西咸阳新阳光批发市场,查找
[2021-11-12],山药,¥6.00,¥8.00,¥7.00,元/千克(kg) ,浙江嘉善曹安农产品批发有限公司,查找
[2021-11-12],山药,¥5.00,¥6.60,¥5.80,元/千克(kg) ,广东汕头农副产品批发中心市场,查找
[2021-11-12],土豆,¥1.70,¥2.00,¥1.85,元/千克(kg) ,河南万邦国际农产品物流股份有限公司,查找
[2021-11-12],土豆,¥1.40,¥3.60,¥3.00,元/千克(kg) ,青岛抚顺路蔬菜副食品批发市场股份有限公司,查找
[2021-11-12],土豆,¥2.20,¥2.20,¥2.20,元/千克(kg) ,陕西泾云现代农业股份有限公司云阳蔬菜...,查找
[2021-11-12],土豆,¥0.00,¥0.00,¥2.40,元/千克(kg) ,山东淄博市鲁中蔬菜批发市场,查找
[2021-11-12],土豆,¥2.20,¥2.60,¥2.40,元/千克(kg) ,江西乐平市蔬菜批发大市场,查找
[2021-11-12],萝卜,¥1.60,¥3.00,¥2.40,元/千克(kg) ,山东青岛莱西市东庄头蔬菜批发市场服务...,查找
[2021-11-12],萝卜,¥2.60,¥3.00,¥2.80,元/千克(kg) ,江苏宜兴市瑞德蔬菜果品批发市场有限公司,查找
[2021-11-12],萝卜,¥1.90,¥2.20,¥2.00,元/千克(kg) ,遵义金土地绿色产品交易有限公司,查找
[2021-11-12],萝卜,¥0.00,¥0.00,¥2.00,元/千克(kg) ,安徽省淮北市中瑞农产品批发市场,查找
[2021-11-12],萝卜,¥1.60,¥2.00,¥1.80,元/千克(kg) ,山东章丘蔬菜批发市场,查找
[2021-11-12],萝卜,¥5.00,¥5.00,¥5.00,元/千克(kg) ,山东青岛黄河路农产品批发市场,查找
[2021-11-12],萝卜,¥2.40,¥3.00,¥2.70,元/千克(kg) ,天津武清大沙河批发市场,查找
[2021-11-12],茴香,¥7.00,¥8.60,¥7.80,元/千克(kg) ,河南万邦国际农产品物流股份有限公司,查找
[2021-11-12],茴香,¥4.00,¥6.00,¥5.40,元/千克(kg) ,山东宁津县东崔蔬菜批发市场,查找
[2021-11-12],茴香,¥8.00,¥9.00,¥8.50,元/千克(kg) ,北京朝阳区大洋路综合市场,查找
[2021-11-12],茴香,¥0.00,¥0.00,¥8.60,元/千克(kg) ,山东淄博市鲁中蔬菜批发市场,查找
[2021-11-12],茴香,¥6.00,¥8.00,¥7.00,元/千克(kg) ,山东章丘蔬菜批发市场,查找
[2021-11-12],茴香,¥2.00,¥3.00,¥2.50,元/千克(kg) ,天津武清大沙河批发市场,查找
[2021-11-12],茴香,¥4.00,¥6.00,¥5.00,元/千克(kg) ,河北魏县天仙果菜批发交易市场,查找
[2021-11-12],茴香,¥11.00,¥0.00,¥11.00,元/千克(kg) ,河北省怀来县京西果菜批发市场有限责任公司,查找
[2021-11-12],茴香,¥9.00,¥9.60,¥9.30,元/千克(kg) ,山西省长治市紫坊农产品综合交易市场有...,查找
[2021-11-12],蒜苗,¥7.00,¥7.40,¥7.20,元/千克(kg) ,江西乐平市蔬菜批发大市场,查找
[2021-11-12],蒜苗,¥8.00,¥9.50,¥8.75,元/千克(kg) ,武汉白沙洲农副产品大市场有限公司,查找
[2021-11-12],蒜苗,¥0.00,¥0.00,¥6.00,元/千克(kg) ,四川雅安市汉源县九襄农产品批发市场,查找
[2021-11-12],蒜苗,¥7.00,¥8.00,¥7.50,元/千克(kg) ,江苏宜兴市瑞德蔬菜果品批发市场有限公司,查找
[2021-11-12],蒜苗,¥6.00,¥15.00,¥8.20,元/千克(kg) ,滕州市农副产品物流中心有限公司,查找
[2021-11-12],蒜苗,¥18.00,¥18.00,¥18.00,元/千克(kg) ,黑龙江鹤岗市万圃源蔬菜有限责任公司,查找
[2021-11-12],蒜苗,¥4.00,¥5.00,¥4.40,元/千克(kg) ,河北魏县天仙果菜批发交易市场,查找
[2021-11-12],蒜苗,¥8.00,¥9.00,¥8.50,元/千克(kg) ,山西省长治市紫坊农产品综合交易市场有...,查找
[2021-11-12],蒜苗,¥8.00,¥10.00,¥9.00,元/千克(kg) ,四川成都龙泉聚和(国际)果蔬菜交易中心,查找
[2021-11-12],毛豆,¥5.50,¥6.00,¥5.60,元/千克(kg) ,河北魏县天仙果菜批发交易市场,查找
[2021-11-12],毛豆,¥5.00,¥7.00,¥6.00,元/千克(kg) ,浙江嘉善曹安农产品批发有限公司,查找
[2021-11-12],毛豆,¥6.40,¥8.00,¥7.20,元/千克(kg) ,江苏苏州南环桥农副产品批发市场,查找
[2021-11-12],毛豆,¥8.00,¥10.00,¥9.00,元/千克(kg) ,武汉白沙洲农副产品大市场有限公司,查找
[2021-11-12],毛豆,¥6.00,¥8.00,¥6.00,元/千克(kg) ,湖北鄂州市蟠龙蔬菜批发市场,查找
[2021-11-12],毛豆,¥5.80,¥6.40,¥6.10,元/千克(kg) ,河南万邦国际农产品物流股份有限公司,查找
[2021-11-12],毛豆,¥0.00,¥0.00,¥7.68,元/千克(kg) ,江苏无锡朝阳农产品大市场,查找
[2021-11-12],豌豆尖,¥6.00,¥7.00,¥6.50,元/千克(kg) ,北京朝阳区大洋路综合市场,查找
[2021-11-12],豌豆,¥4.00,¥5.00,¥4.50,元/千克(kg) ,北京朝阳区大洋路综合市场,查找
[2021-11-12],豌豆,¥10.00,¥16.00,¥15.00,元/千克(kg) ,湖北鄂州市蟠龙蔬菜批发市场,查找
[2021-11-12],豇豆,¥9.00,¥11.00,¥10.00,元/千克(kg) ,四川成都龙泉聚和(国际)果蔬菜交易中心,查找
[2021-11-12],豇豆,¥6.00,¥8.00,¥7.00,元/千克(kg) ,湖北省洪湖农贸市场,查找
[2021-11-12],豇豆,¥9.00,¥11.00,¥10.00,元/千克(kg) ,辽宁朝阳市果菜批发市场,查找
[2021-11-12],豇豆,¥8.00,¥9.00,¥8.50,元/千克(kg) ,陕西咸阳新阳光批发市场,查找
[2021-11-12],豇豆,¥10.00,¥12.00,¥11.00,元/千克(kg) ,安徽亳州农产品有限责任公司,查找
[2021-11-12],豇豆,¥0.00,¥6.00,¥6.00,元/千克(kg) ,吉林扶余三井子杂粮批发市场,查找
[2021-11-12],豇豆,¥7.60,¥8.00,¥7.80,元/千克(kg) ,湖南吉首市蔬菜果品批发大市场,查找
[2021-11-12],豇豆,¥6.80,¥9.00,¥8.00,元/千克(kg) ,北京京丰岳各庄农副产品批发市场,查找
[2021-11-12],豇豆,¥9.00,¥10.00,¥9.50,元/千克(kg) ,北京朝阳区大洋路综合市场,查找
[2021-11-12],豇豆,¥8.00,¥8.40,¥8.20,元/千克(kg) ,湖南常德甘露寺蔬菜批发市场,查找
[2021-11-12],豇豆,¥5.00,¥7.00,¥6.00,元/千克(kg) ,山东章丘蔬菜批发市场,查找
[2021-11-12],豇豆,¥4.00,¥9.00,¥6.50,元/千克(kg) ,江苏苏州南环桥农副产品批发市场,查找
[2021-11-12],豇豆,¥0.00,¥0.00,¥4.00,元/千克(kg) ,新疆绿珠九鼎农产品经营管理有限公司,查找
[2021-11-12],豇豆,¥0.00,¥0.00,¥9.00,元/千克(kg) ,绵阳市高水农副产品批发有限公司,查找
[2021-11-12],豇豆,¥6.50,¥7.00,¥6.80,元/千克(kg) ,湖北省孝感市南大农产品批发市场,查找
[2021-11-12],大白菜,¥5.00,¥5.40,¥5.20,元/千克(kg) ,湖北省孝感市南大农产品批发市场,查找
[2021-11-12],大白菜,¥2.00,¥2.40,¥2.40,元/千克(kg) ,天津何庄子鲜活农产品中心批发市场,查找
[2021-11-12],大白菜,¥3.40,¥3.40,¥3.40,元/千克(kg) ,山东青岛黄河路农产品批发市场,查找
[2021-11-12],大白菜,¥3.00,¥3.20,¥3.20,元/千克(kg) ,湖北鄂州市蟠龙蔬菜批发市场,查找
[2021-11-12],大白菜,¥3.00,¥5.80,¥4.40,元/千克(kg) ,广东汕头农副产品批发中心市场,查找
[2021-11-12],大白菜,¥1.00,¥2.50,¥1.50,元/千克(kg) ,安徽六安市裕安区紫竹林农产品批发市场,查找
[2021-11-12],大白菜,¥2.50,¥3.00,¥2.80,元/千克(kg) ,安徽亳州农产品有限责任公司,查找
[2021-11-12],大白菜,¥1.20,¥1.60,¥1.40,元/千克(kg) ,天津武清大沙河批发市场,查找
[2021-11-12],大白菜,¥2.00,¥2.40,¥2.20,元/千克(kg) ,山东章丘蔬菜批发市场,查找
[2021-11-12],大白菜,¥0.00,¥0.00,¥2.95,元/千克(kg) ,江苏无锡朝阳农产品大市场,查找
[2021-11-12],大白菜,¥3.20,¥5.00,¥4.40,元/千克(kg) ,青岛市城阳蔬菜水产品批发市场有限公司,查找
[2021-11-12],大白菜,¥0.00,¥0.00,¥2.20,元/千克(kg) ,山西临汾尧丰农副产品批发市场,查找
[2021-11-12],大白菜,¥2.00,¥3.60,¥2.80,元/千克(kg) ,徐州农副产品中心批发市场,查找
[2021-11-12],大白菜,¥2.50,¥3.10,¥2.80,元/千克(kg) ,河南商丘市农产品中心批发市场,查找
[2021-11-12],大白菜,¥3.00,¥3.20,¥3.10,元/千克(kg) ,西安市朱雀农产品交易中心,查找
[2021-11-12],大白菜,¥2.00,¥2.60,¥2.30,元/千克(kg) ,武汉白沙洲农副产品大市场有限公司,查找
[2021-11-12],大白菜,¥1.60,¥8.50,¥4.50,元/千克(kg) ,广州江南果菜批发市场经营管理有限公司,查找
[2021-11-12],大白菜,¥1.60,¥2.00,¥1.80,元/千克(kg) ,河北秦皇岛海阳农副产品批发市场,查找
[2021-11-12],大白菜,¥2.10,¥3.20,¥2.70,元/千克(kg) ,浙江宁波市蔬菜副食品批发交易市场,查找
[2021-11-12],大白菜,¥0.00,¥0.00,¥2.40,元/千克(kg) ,山东淄博市鲁中蔬菜批发市场,查找
[2021-11-12],大白菜,¥0.00,¥0.00,¥4.50,元/千克(kg) ,四川雅安市汉源县九襄农产品批发市场,查找
[2021-11-12],大白菜,¥1.00,¥3.00,¥2.80,元/千克(kg) ,山东青岛莱西市东庄头蔬菜批发市场服务...,查找
[2021-11-12],大白菜,¥1.60,¥4.40,¥3.60,元/千克(kg) ,青岛抚顺路蔬菜副食品批发市场股份有限公司,查找
[2021-11-12],大白菜,¥2.40,¥2.60,¥2.50,元/千克(kg) ,河南万邦国际农产品物流股份有限公司,查找
[2021-11-12],大白菜,¥1.90,¥2.20,¥2.00,元/千克(kg) ,遵义金土地绿色产品交易有限公司,查找
[2021-11-12],小白菜,¥0.00,¥0.00,¥3.00,元/千克(kg) ,山东淄博市鲁中蔬菜批发市场,查找
[2021-11-12],小白菜,¥2.00,¥4.00,¥3.00,元/千克(kg) ,山东章丘蔬菜批发市场,查找
[2021-11-12],小白菜,¥1.80,¥2.20,¥2.00,元/千克(kg) ,河北秦皇岛海阳农副产品批发市场,查找
[2021-11-12],小白菜,¥3.00,¥4.60,¥4.00,元/千克(kg) ,湖北鄂州市蟠龙蔬菜批发市场,查找
[2021-11-12],小白菜,¥0.00,¥0.00,¥4.00,元/千克(kg) ,安徽省淮北市中瑞农产品批发市场,查找
[2021-11-12],小白菜,¥5.40,¥6.40,¥5.90,元/千克(kg) ,广东汕头农副产品批发中心市场,查找
[2021-11-12],小白菜,¥4.00,¥5.00,¥4.50,元/千克(kg) ,北京朝阳区大洋路综合市场,查找
[2021-11-12],小白菜,¥4.00,¥6.00,¥5.00,元/千克(kg) ,安徽亳州农产品有限责任公司,查找
[2021-11-12],小白菜,¥1.60,¥2.00,¥1.80,元/千克(kg) ,天津武清大沙河批发市场,查找
[2021-11-12],小白菜,¥2.20,¥2.80,¥2.50,元/千克(kg) ,河南万邦国际农产品物流股份有限公司,查找
[2021-11-12],小白菜,¥8.00,¥8.00,¥8.00,元/千克(kg) ,山东青岛黄河路农产品批发市场,查找
[2021-11-12],小白菜,¥4.00,¥4.80,¥4.40,元/千克(kg) ,辽宁朝阳市果菜批发市场,查找
[2021-11-12],小白菜,¥4.00,¥4.40,¥4.20,元/千克(kg) ,湖北省孝感市南大农产品批发市场,查找
[2021-11-12],小白菜,¥0.00,¥0.00,¥4.30,元/千克(kg) ,新疆绿珠九鼎农产品经营管理有限公司,查找
[2021-11-12],小白菜,¥2.80,¥3.20,¥3.00,元/千克(kg) ,河北魏县天仙果菜批发交易市场,查找
[2021-11-12],小白菜,¥4.31,¥4.49,¥4.40,元/千克(kg) ,红星实业集团有限公司红星农副产品大市场,查找
[2021-11-12],小白菜,¥6.00,¥6.00,¥6.00,元/千克(kg) ,黑龙江鹤岗市万圃源蔬菜有限责任公司,查找
[2021-11-12],小白菜,¥1.00,¥4.00,¥3.50,元/千克(kg) ,滕州市农副产品物流中心有限公司,查找
[2021-11-12],小白菜,¥0.00,¥0.00,¥3.00,元/千克(kg) ,河南濮阳宏进农副产品批发市场有限公司...,查找
[2021-11-12],油菜,¥4.00,¥6.00,¥5.00,元/千克(kg) ,徐州农副产品中心批发市场,查找
[2021-11-12],油菜,¥2.60,¥3.00,¥2.80,元/千克(kg) ,江苏宜兴市瑞德蔬菜果品批发市场有限公司,查找
[2021-11-12],油菜,¥3.90,¥4.20,¥4.00,元/千克(kg) ,遵义金土地绿色产品交易有限公司,查找
[2021-11-12],油菜,¥0.00,¥0.00,¥3.80,元/千克(kg) ,山东淄博市鲁中蔬菜批发市场,查找
[2021-11-12],油菜,¥5.60,¥6.60,¥6.10,元/千克(kg) ,河南万邦国际农产品物流股份有限公司,查找
[2021-11-12],油菜,¥2.00,¥3.40,¥3.00,元/千克(kg) ,山东青岛莱西市东庄头蔬菜批发市场服务...,查找
[2021-11-12],生姜,¥8.00,¥10.00,¥9.00,元/千克(kg) ,湖北省洪湖农贸市场,查找
[2021-11-12],生姜,¥5.40,¥5.80,¥5.60,元/千克(kg) ,江西乐平市蔬菜批发大市场,查找
[2021-11-12],生姜,¥7.00,¥7.40,¥7.20,元/千克(kg) ,遵义金土地绿色产品交易有限公司,查找
[2021-11-12],生姜,¥9.00,¥11.00,¥10.00,元/千克(kg) ,江苏宜兴市瑞德蔬菜果品批发市场有限公司,查找
[2021-11-12],生姜,¥4.60,¥4.60,¥4.60,元/千克(kg) ,陕西泾云现代农业股份有限公司云阳蔬菜...,查找
[2021-11-12],生姜,¥0.00,¥0.00,¥5.00,元/千克(kg) ,山东淄博市鲁中蔬菜批发市场,查找
[2021-11-12],生姜,¥4.00,¥5.00,¥4.50,元/千克(kg) ,河南万邦国际农产品物流股份有限公司,查找
[2021-11-12],生姜,¥6.00,¥10.00,¥8.00,元/千克(kg) ,徐州农副产品中心批发市场,查找
[2021-11-12],生姜,¥7.00,¥8.00,¥7.50,元/千克(kg) ,北京朝阳区大洋路综合市场,查找
[2021-11-12],生姜,¥2.00,¥4.00,¥3.60,元/千克(kg) ,山东青岛莱西市东庄头蔬菜批发市场服务...,查找
[2021-11-12],大白菜,¥1.98,¥2.80,¥2.10,元/千克(kg) ,河北魏县天仙果菜批发交易市场,查找
[2021-11-12],大白菜,¥2.00,¥3.80,¥2.90,元/千克(kg) ,广西新柳邕农产品批发市场有限公司,查找
[2021-11-12],大葱,¥4.00,¥8.00,¥6.80,元/千克(kg) ,青岛抚顺路蔬菜副食品批发市场股份有限公司,查找
[2021-11-12],大葱,¥8.00,¥0.00,¥8.00,元/千克(kg) ,河北省怀来县京西果菜批发市场有限责任公司,查找
[2021-11-12],大葱,¥7.00,¥8.60,¥7.50,元/千克(kg) ,广州江南果菜批发市场经营管理有限公司,查找
[2021-11-12],大白菜,¥2.00,¥2.40,¥2.20,元/千克(kg) ,湖南吉首市蔬菜果品批发大市场,查找
[2021-11-12],大白菜,¥2.80,¥3.20,¥3.00,元/千克(kg) ,北京京丰岳各庄农副产品批发市场,查找
[2021-11-12],大葱,¥8.00,¥8.40,¥8.20,元/千克(kg) ,湖南吉首市蔬菜果品批发大市场,查找
[2021-11-12],大葱,¥7.00,¥8.00,¥7.50,元/千克(kg) ,马鞍山市安民农副产品贸易有限公司,查找
[2021-11-12],大葱,¥7.50,¥8.00,¥7.75,元/千克(kg) ,武汉白沙洲农副产品大市场有限公司,查找
[2021-11-12],大葱,¥9.00,¥10.00,¥10.00,元/千克(kg) ,湖北鄂州市蟠龙蔬菜批发市场,查找
[2021-11-12],大葱,¥0.00,¥0.00,¥6.60,元/千克(kg) ,安徽省淮北市中瑞农产品批发市场,查找
[2021-11-12],大葱,¥1.66,¥12.36,¥7.70,元/千克(kg) ,福建省福州市海峡蔬菜批发市场,查找
[2021-11-12],大葱,¥0.00,¥0.00,¥7.01,元/千克(kg) ,江苏无锡朝阳农产品大市场,查找
[2021-11-12],大葱,¥5.20,¥7.00,¥6.10,元/千克(kg) ,广东汕头农副产品批发中心市场,查找
[2021-9-3],香瓜,¥4.00,¥4.40,¥4.00,元/千克(kg) ,江苏凌家塘农副产品批发市场,查找
[2021-9-3],网纹瓜,¥3.00,¥0.00,¥3.40,元/千克(kg) ,河南南阳果品批发交易中心,查找
[2021-9-3],网纹瓜,¥6.00,¥20.00,¥13.00,元/千克(kg) ,南京农副产品物流配送中心有限公司,查找
[2021-9-3],甜瓜,¥5.00,¥0.00,¥5.00,元/千克(kg) ,新疆兵团第五师三和农副产品综合批发市场,查找
[2021-9-3],甜瓜,¥4.00,¥10.00,¥7.00,元/千克(kg) ,石家庄桥西蔬菜中心批发市场有限公司,查找
[2021-9-3],麒麟西瓜,¥4.00,¥4.20,¥4.00,元/千克(kg) ,江苏凌家塘农副产品批发市场,查找
[2021-9-3],麒麟西瓜,¥3.20,¥0.00,¥3.60,元/千克(kg) ,河南南阳果品批发交易中心,查找
[2021-9-3],麒麟西瓜,¥5.00,¥8.00,¥6.50,元/千克(kg) ,南京农副产品物流配送中心有限公司,查找
[2021-9-3],特小凤西瓜,¥3.40,¥4.00,¥3.60,元/千克(kg) ,江苏凌家塘农副产品批发市场,查找
[2021-9-3],早春红玉瓜,¥7.00,¥9.00,¥8.00,元/千克(kg) ,江苏凌家塘农副产品批发市场,查找
[2021-9-3],西瓜,¥1.60,¥2.40,¥2.00,元/千克(kg) ,甘肃酒泉春光农产品市场有限责任公司,查找
[2021-9-3],西瓜,¥1.00,¥1.30,¥1.20,元/千克(kg) ,河北秦皇岛昌黎农副产品批发市场,查找
[2021-9-3],西瓜,¥2.00,¥6.00,¥4.00,元/千克(kg) ,上海农产品中心批发市场经营管理有限公司,查找
[2021-9-3],西瓜,¥1.40,¥1.40,¥1.40,元/千克(kg) ,吉林省辽源市仙城物流园区有限公司,查找
[2021-9-3],西瓜,¥2.20,¥5.00,¥3.60,元/千克(kg) ,湖南长沙马王堆农产品股份有限公司,查找
[2021-9-3],西瓜,¥0.00,¥0.00,¥2.00,元/千克(kg) ,新疆绿珠九鼎农产品经营管理有限公司,查找
[2021-9-3],西瓜,¥2.60,¥3.00,¥2.60,元/千克(kg) ,乌鲁木齐北园春（集团）有限责任公司北...,查找
[2021-9-3],西瓜,¥2.20,¥4.40,¥4.00,元/千克(kg) ,江苏凌家塘农副产品批发市场,查找
[2021-9-3],西瓜,¥1.60,¥3.00,¥2.30,元/千克(kg) ,安徽合肥周谷堆农产品批发市场,查找
[2021-9-3],西瓜,¥2.00,¥4.60,¥3.20,元/千克(kg) ,阜阳农产品中心批发市场,查找
[2021-9-3],西瓜,¥1.60,¥2.20,¥1.90,元/千克(kg) ,重庆双福国际农贸城,查找
[2021-9-3],西瓜,¥2.00,¥0.00,¥2.00,元/千克(kg) ,新疆兵团第五师三和农副产品综合批发市场,查找
[2021-9-3],西瓜,¥1.50,¥2.40,¥1.80,元/千克(kg) ,河南南阳果品批发交易中心,查找
[2021-9-3],西瓜,¥5.80,¥6.20,¥6.00,元/千克(kg) ,湖北省孝感市南大农产品批发市场,查找
[2021-9-3],西瓜,¥1.60,¥1.60,¥1.60,元/千克(kg) ,邯郸市(馆陶)金凤禽蛋农贸批发市场,查找
[2021-11-12],白萝卜,¥1.60,¥2.20,¥1.90,元/千克(kg) ,广东汕头农副产品批发中心市场,查找
[2021-11-12],白萝卜,¥2.60,¥3.60,¥3.10,元/千克(kg) ,北京朝阳区大洋路综合市场,查找
[2021-11-12],白萝卜,¥1.40,¥2.40,¥2.20,元/千克(kg) ,山东青岛莱西市东庄头蔬菜批发市场服务...,查找
[2021-11-12],白萝卜,¥2.00,¥3.40,¥2.70,元/千克(kg) ,马鞍山市安民农副产品贸易有限公司,查找
[2021-11-12],白萝卜,¥1.00,¥2.00,¥1.50,元/千克(kg) ,广州江南果菜批发市场经营管理有限公司,查找
[2021-11-12],白萝卜,¥2.40,¥3.70,¥3.00,元/千克(kg) ,浙江宁波市蔬菜副食品批发交易市场,查找
[2021-11-12],白萝卜,¥4.00,¥4.00,¥4.00,元/千克(kg) ,山东青岛黄河路农产品批发市场,查找
[2021-11-12],白萝卜,¥2.00,¥3.00,¥2.60,元/千克(kg) ,湖北省洪湖农贸市场,查找
[2021-11-12],白萝卜,¥2.00,¥3.80,¥3.00,元/千克(kg) ,四川成都龙泉聚和(国际)果蔬菜交易中心,查找
[2021-11-12],白萝卜,¥1.75,¥2.80,¥2.28,元/千克(kg) ,红星实业集团有限公司红星农副产品大市场,查找
[2021-11-12],白萝卜,¥1.80,¥2.40,¥2.10,元/千克(kg) ,山西省长治市紫坊农产品综合交易市场有...,查找
[2021-11-12],白萝卜,¥2.80,¥2.80,¥2.80,元/千克(kg) ,青藏高原农副产品集散中心,查找
[2021-11-12],白萝卜,¥3.00,¥3.60,¥3.30,元/千克(kg) ,辽宁朝阳市果菜批发市场,查找
[2021-11-12],白萝卜,¥1.00,¥3.00,¥2.30,元/千克(kg) ,安徽六安市裕安区紫竹林农产品批发市场,查找
[2021-11-12],白萝卜,¥1.60,¥3.20,¥2.40,元/千克(kg) ,河北秦皇岛海阳农副产品批发市场,查找
[2021-11-12],白萝卜,¥3.00,¥4.00,¥3.60,元/千克(kg) ,青岛市城阳蔬菜水产品批发市场有限公司,查找
[2021-11-12],白萝卜,¥0.00,¥0.00,¥2.40,元/千克(kg) ,山西临汾尧丰农副产品批发市场,查找
[2021-11-12],白萝卜,¥2.40,¥2.60,¥2.50,元/千克(kg) ,陕西咸阳新阳光批发市场,查找
[2021-11-12],白萝卜,¥2.00,¥2.40,¥2.20,元/千克(kg) ,山西省太原市河西农产品有限公司,查找
[2021-11-12],白萝卜,¥4.00,¥4.00,¥4.00,元/千克(kg) ,黑龙江鹤岗市万圃源蔬菜有限责任公司,查找
[2021-11-12],白萝卜,¥1.00,¥5.00,¥4.00,元/千克(kg) ,滕州市农副产品物流中心有限公司,查找
[2021-11-12],白萝卜,¥0.00,¥0.00,¥2.50,元/千克(kg) ,新疆绿珠九鼎农产品经营管理有限公司,查找
[2021-11-12],白萝卜,¥0.00,¥0.00,¥1.80,元/千克(kg) ,河南濮阳宏进农副产品批发市场有限公司...,查找
[2021-11-12],白萝卜,¥2.20,¥2.60,¥2.40,元/千克(kg) ,浙江嘉善曹安农产品批发有限公司,查找
[2021-11-12],白萝卜,¥3.00,¥3.80,¥3.00,元/千克(kg) ,天津何庄子鲜活农产品中心批发市场,查找
[2021-11-12],生菜,¥7.00,¥9.00,¥8.00,元/千克(kg) ,安徽亳州农产品有限责任公司,查找
[2021-11-12],生菜,¥4.60,¥5.60,¥5.10,元/千克(kg) ,河南万邦国际农产品物流股份有限公司,查找
[2021-11-12],生菜,¥6.00,¥8.00,¥7.00,元/千克(kg) ,天津武清大沙河批发市场,查找
[2021-11-12],生菜,¥0.00,¥0.00,¥5.56,元/千克(kg) ,江苏无锡朝阳农产品大市场,查找
[2021-11-12],生菜,¥0.00,¥0.00,¥5.00,元/千克(kg) ,山西临汾尧丰农副产品批发市场,查找
[2021-11-12],生菜,¥6.00,¥7.00,¥6.60,元/千克(kg) ,湖北省洪湖农贸市场,查找
[2021-11-12],生菜,¥5.00,¥7.00,¥6.00,元/千克(kg) ,四川成都龙泉聚和(国际)果蔬菜交易中心,查找
[2021-11-12],生菜,¥5.00,¥6.00,¥5.50,元/千克(kg) ,山西省长治市紫坊农产品综合交易市场有...,查找
[2021-11-12],生菜,¥14.00,¥14.00,¥14.00,元/千克(kg) ,山东青岛黄河路农产品批发市场,查找
[2021-11-12],生菜,¥8.00,¥9.00,¥8.50,元/千克(kg) ,辽宁朝阳市果菜批发市场,查找
[2021-11-12],生菜,¥0.00,¥0.00,¥5.00,元/千克(kg) ,新疆绿珠九鼎农产品经营管理有限公司,查找
[2021-11-12],生菜,¥4.00,¥5.40,¥4.60,元/千克(kg) ,河北魏县天仙果菜批发交易市场,查找
[2021-11-12],生菜,¥4.50,¥5.50,¥5.00,元/千克(kg) ,新疆九鼎恒兴蔬菜经营管理有限公司,查找
[2021-11-12],生菜,¥11.00,¥11.00,¥11.00,元/千克(kg) ,黑龙江鹤岗市万圃源蔬菜有限责任公司,查找
[2021-11-12],生菜,¥5.00,¥12.00,¥10.00,元/千克(kg) ,滕州市农副产品物流中心有限公司,查找
[2021-11-12],生菜,¥0.00,¥0.00,¥4.00,元/千克(kg) ,河南濮阳宏进农副产品批发市场有限公司...,查找
[2021-11-12],生菜,¥4.00,¥6.00,¥5.00,元/千克(kg) ,浙江嘉善曹安农产品批发有限公司,查找
[2021-11-12],生菜,¥11.00,¥0.00,¥11.00,元/千克(kg) ,河北省怀来县京西果菜批发市场有限责任公司,查找
[2021-11-12],生菜,¥3.20,¥5.00,¥4.10,元/千克(kg) ,南昌深圳农产品中心批发市场有限公司,查找
[2021-11-12],生菜,¥2.00,¥9.20,¥4.07,元/千克(kg) ,中国寿光地利农产品物流园有限公司,查找
[2021-11-12],生菜,¥4.00,¥4.40,¥4.20,元/千克(kg) ,山西省太原市河西农产品有限公司,查找
[2021-11-12],小白菜,¥3.00,¥5.00,¥4.00,元/千克(kg) ,徐州农副产品中心批发市场,查找
[2021-11-12],小白菜,¥2.20,¥3.00,¥2.60,元/千克(kg) ,江西乐平市蔬菜批发大市场,查找
[2021-11-12],小白菜,¥3.60,¥4.00,¥3.80,元/千克(kg) ,陕西咸阳新阳光批发市场,查找
[2021-11-12],小白菜,¥0.00,¥0.00,¥5.00,元/千克(kg) ,四川雅安市汉源县九襄农产品批发市场,查找
[2021-9-3],西瓜,¥4.00,¥6.00,¥5.00,元/千克(kg) ,天津韩家墅海吉星农产品物流有限公司,查找
[2021-9-3],西瓜,¥1.20,¥2.00,¥1.60,元/千克(kg) ,石家庄桥西蔬菜中心批发市场有限公司,查找
[2021-9-3],西瓜,¥2.00,¥2.20,¥2.10,元/千克(kg) ,山西太原丈子头农产品物流园（原城东利民）,查找
[2021-9-3],西瓜,¥3.00,¥3.00,¥3.00,元/千克(kg) ,广东汕头农副产品批发中心市场,查找
[2021-9-3],木瓜,¥9.00,¥11.00,¥10.40,元/千克(kg) ,河南南阳果品批发交易中心,查找
[2021-9-3],草莓,¥30.00,¥0.00,¥30.00,元/千克(kg) ,新疆兵团第五师三和农副产品综合批发市场,查找
[2021-9-3],草莓,¥30.00,¥40.00,¥30.00,元/千克(kg) ,江苏凌家塘农副产品批发市场,查找
[2021-9-3],玉米棒,¥1.60,¥3.60,¥2.80,元/千克(kg) ,江苏凌家塘农副产品批发市场,查找
[2021-9-3],玉米棒,¥2.60,¥3.00,¥2.80,元/千克(kg) ,湖南吉首市蔬菜果品批发大市场,查找
[2021-9-3],玉米棒,¥0.00,¥0.00,¥9.60,元/千克(kg) ,绵阳市高水农副产品批发有限公司,查找
[2021-9-3],玉米棒,¥6.00,¥8.00,¥7.00,元/千克(kg) ,四川成都龙泉聚和(国际)果蔬菜交易中心,查找
[2021-9-3],玉米棒,¥2.60,¥4.54,¥3.18,元/千克(kg) ,浙江嘉兴蔬菜批发交易市场,查找
[2021-9-3],玉米棒,¥0.00,¥0.00,¥2.80,元/千克(kg) ,贵阳地利农产品物流园有限公司,查找
[2021-9-3],银耳,¥40.00,¥65.00,¥54.00,元/千克(kg) ,江苏凌家塘农副产品批发市场,查找
[2021-9-3],黑木耳,¥40.00,¥100.00,¥70.00,元/千克(kg) ,江苏凌家塘农副产品批发市场,查找
[2021-9-3],黑木耳,¥5.60,¥6.80,¥6.20,元/千克(kg) ,福建福鼎闽浙边界农贸中心市场,查找
[2021-9-3],黑木耳,¥0.00,¥0.00,¥35.00,元/千克(kg) ,新疆绿珠九鼎农产品经营管理有限公司,查找
[2021-9-3],木耳,¥6.00,¥7.00,¥6.50,元/千克(kg) ,重庆双福国际农贸城,查找
[2021-9-3],鸡腿菇,¥5.00,¥8.00,¥6.00,元/千克(kg) ,江苏凌家塘农副产品批发市场,查找
[2021-9-3],鸡腿菇,¥4.00,¥6.00,¥5.00,元/千克(kg) ,呼和浩特市东瓦窑农副产品批发市场有限...,查找
[2021-9-3],茶树菇,¥15.00,¥16.20,¥16.00,元/千克(kg) ,福建福鼎闽浙边界农贸中心市场,查找
[2021-9-3],茶树菇,¥14.00,¥16.00,¥15.00,元/千克(kg) ,呼和浩特市东瓦窑农副产品批发市场有限...,查找
[2021-9-3],茶树菇,¥10.00,¥14.00,¥12.00,元/千克(kg) ,江苏凌家塘农副产品批发市场,查找
[2021-9-3],草菇,¥14.00,¥26.00,¥20.00,元/千克(kg) ,江苏凌家塘农副产品批发市场,查找
[2021-9-3],金针菇,¥3.50,¥5.70,¥4.60,元/千克(kg) ,石家庄桥西蔬菜中心批发市场有限公司,查找
[2021-11-12],葱头,¥4.00,¥7.40,¥5.44,元/千克(kg) ,福建省福州市海峡蔬菜批发市场,查找
[2021-11-12],葱头,¥0.00,¥0.00,¥2.38,元/千克(kg) ,江苏无锡朝阳农产品大市场,查找
[2021-11-12],葱头,¥2.60,¥4.00,¥3.60,元/千克(kg) ,青岛市城阳蔬菜水产品批发市场有限公司,查找
[2021-11-12],葱头,¥2.00,¥3.20,¥2.60,元/千克(kg) ,广东汕头农副产品批发中心市场,查找
[2021-11-12],葱头,¥3.60,¥4.40,¥4.00,元/千克(kg) ,湖北鄂州市蟠龙蔬菜批发市场,查找
[2021-11-12],葱头,¥4.00,¥4.00,¥4.00,元/千克(kg) ,山东青岛黄河路农产品批发市场,查找
[2021-11-12],葱头,¥2.60,¥3.60,¥3.00,元/千克(kg) ,湖北省洪湖农贸市场,查找
[2021-11-12],葱头,¥1.80,¥3.00,¥2.40,元/千克(kg) ,四川成都龙泉聚和(国际)果蔬菜交易中心,查找
[2021-11-12],葱头,¥1.60,¥2.80,¥2.20,元/千克(kg) ,广西新柳邕农产品批发市场有限公司,查找
[2021-11-12],葱头,¥2.60,¥3.00,¥2.80,元/千克(kg) ,山西省长治市紫坊农产品综合交易市场有...,查找
[2021-11-12],葱头,¥2.60,¥2.80,¥2.70,元/千克(kg) ,青藏高原农副产品集散中心,查找
[2021-11-12],葱头,¥2.60,¥3.20,¥2.90,元/千克(kg) ,辽宁朝阳市果菜批发市场,查找
[2021-11-12],葱头,¥2.00,¥3.00,¥2.50,元/千克(kg) ,安徽亳州农产品有限责任公司,查找
[2021-11-12],葱头,¥2.00,¥3.00,¥2.60,元/千克(kg) ,山东章丘蔬菜批发市场,查找
[2021-11-12],葱头,¥1.80,¥1.80,¥1.80,元/千克(kg) ,河北秦皇岛海阳农副产品批发市场,查找
[2021-11-12],葱头,¥2.60,¥0.00,¥2.60,元/千克(kg) ,河北省怀来县京西果菜批发市场有限责任公司,查找
[2021-11-12],葱头,¥2.00,¥2.60,¥2.30,元/千克(kg) ,广州江南果菜批发市场经营管理有限公司,查找
[2021-11-12],葱头,¥2.00,¥2.00,¥2.00,元/千克(kg) ,天津何庄子鲜活农产品中心批发市场,查找
[2021-11-12],葱头,¥1.80,¥2.00,¥2.00,元/千克(kg) ,河北魏县天仙果菜批发交易市场,查找
[2021-11-12],葱头,¥1.70,¥2.20,¥2.00,元/千克(kg) ,新疆九鼎恒兴蔬菜经营管理有限公司,查找
[2021-11-12],葱头,¥1.20,¥3.44,¥2.01,元/千克(kg) ,中国寿光地利农产品物流园有限公司,查找
[2021-11-12],葱头,¥1.50,¥3.00,¥2.80,元/千克(kg) ,滕州市农副产品物流中心有限公司,查找
[2021-11-12],葱头,¥2.40,¥3.60,¥2.60,元/千克(kg) ,北京京丰岳各庄农副产品批发市场,查找
[2021-11-12],葱头,¥1.80,¥2.60,¥2.20,元/千克(kg) ,山西省太原市河西农产品有限公司,查找
[2021-11-12],葱头,¥0.00,¥0.00,¥2.40,元/千克(kg) ,河南濮阳宏进农副产品批发市场有限公司...,查找
[2021-11-12],洋白菜,¥2.20,¥2.60,¥2.40,元/千克(kg) ,武汉白沙洲农副产品大市场有限公司,查找
[2021-11-12],洋白菜,¥0.00,¥0.00,¥5.20,元/千克(kg) ,山东淄博市鲁中蔬菜批发市场,查找
[2021-11-12],洋白菜,¥1.60,¥4.20,¥3.80,元/千克(kg) ,山东青岛莱西市东庄头蔬菜批发市场服务...,查找
[2021-11-12],洋白菜,¥5.00,¥7.00,¥5.80,元/千克(kg) ,青岛抚顺路蔬菜副食品批发市场股份有限公司,查找
[2021-11-12],洋白菜,¥4.50,¥5.00,¥4.80,元/千克(kg) ,陕西咸阳新阳光批发市场,查找
[2021-11-12],洋白菜,¥3.00,¥4.00,¥3.50,元/千克(kg) ,江苏宜兴市瑞德蔬菜果品批发市场有限公司,查找
[2021-11-12],洋白菜,¥1.02,¥5.16,¥3.27,元/千克(kg) ,福建省福州市海峡蔬菜批发市场,查找
[2021-11-12],洋白菜,¥3.40,¥3.40,¥3.40,元/千克(kg) ,陕西泾云现代农业股份有限公司云阳蔬菜...,查找
[2021-11-12],洋白菜,¥2.50,¥3.00,¥3.00,元/千克(kg) ,新疆九鼎恒兴蔬菜经营管理有限公司,查找
[2021-11-12],洋白菜,¥2.40,¥3.20,¥2.80,元/千克(kg) ,江西乐平市蔬菜批发大市场,查找
[2021-11-12],大白菜,¥2.60,¥3.00,¥2.80,元/千克(kg) ,山西省长治市紫坊农产品综合交易市场有...,查找
[2021-11-12],大白菜,¥2.80,¥4.20,¥3.50,元/千克(kg) ,红星实业集团有限公司红星农副产品大市场,查找
[2021-11-12],大白菜,¥1.50,¥2.00,¥1.80,元/千克(kg) ,新疆九鼎恒兴蔬菜经营管理有限公司,查找
[2021-11-12],大白菜,¥0.80,¥4.20,¥3.07,元/千克(kg) ,中国寿光地利农产品物流园有限公司,查找
[2021-11-12],大白菜,¥2.00,¥2.40,¥2.20,元/千克(kg) ,山西省太原市河西农产品有限公司,查找
[2021-11-12],大白菜,¥1.80,¥2.00,¥2.00,元/千克(kg) ,黑龙江鹤岗市万圃源蔬菜有限责任公司,查找
[2021-11-12],大白菜,¥0.00,¥0.00,¥1.60,元/千克(kg) ,新疆绿珠九鼎农产品经营管理有限公司,查找
[2021-11-12],大白菜,¥0.00,¥0.00,¥2.80,元/千克(kg) ,河南濮阳宏进农副产品批发市场有限公司...,查找
[2021-11-12],大白菜,¥0.50,¥7.00,¥4.60,元/千克(kg) ,滕州市农副产品物流中心有限公司,查找
[2021-11-12],大白菜,¥2.40,¥0.00,¥2.40,元/千克(kg) ,河北省怀来县京西果菜批发市场有限责任公司,查找
[2021-11-12],大白菜,¥2.40,¥3.60,¥3.00,元/千克(kg) ,南昌深圳农产品中心批发市场有限公司,查找
[2021-11-12],大白菜,¥2.60,¥3.40,¥3.00,元/千克(kg) ,阜阳农产品中心批发市场,查找
[2021-11-12],大白菜,¥2.00,¥4.00,¥3.00,元/千克(kg) ,四川成都龙泉聚和(国际)果蔬菜交易中心,查找
[2021-11-12],大白菜,¥1.60,¥2.60,¥2.00,元/千克(kg) ,湖北省洪湖农贸市场,查找
[2021-11-12],大白菜,¥2.40,¥3.00,¥2.70,元/千克(kg) ,辽宁朝阳市果菜批发市场,查找
[2021-9-3],香菇,¥12.00,¥16.00,¥14.00,元/千克(kg) ,山西晋城绿欣农产品批发交易中心,查找
[2021-9-3],香菇,¥13.00,¥14.00,¥13.40,元/千克(kg) ,山西新绛县蔬菜批发市场,查找
[2021-9-3],香菇,¥9.00,¥9.00,¥9.00,元/千克(kg) ,湖南吉首市蔬菜果品批发大市场,查找
[2021-9-3],香菇,¥14.00,¥16.00,¥15.00,元/千克(kg) ,呼和浩特市东瓦窑农副产品批发市场有限...,查找
[2021-9-3],香菇,¥16.00,¥0.00,¥17.00,元/千克(kg) ,新疆兵团第五师三和农副产品综合批发市场,查找
[2021-9-3],香菇,¥7.60,¥8.00,¥7.80,元/千克(kg) ,河北秦皇岛昌黎农副产品批发市场,查找
[2021-9-3],香菇,¥8.00,¥14.00,¥10.00,元/千克(kg) ,甘肃酒泉春光农产品市场有限责任公司,查找
[2021-9-3],香菇,¥7.00,¥11.00,¥9.00,元/千克(kg) ,广东汕头农副产品批发中心市场,查找
[2021-9-3],香菇,¥13.00,¥15.00,¥14.00,元/千克(kg) ,四川成都龙泉聚和(国际)果蔬菜交易中心,查找
[2021-9-3],香菇,¥0.00,¥0.00,¥18.00,元/千克(kg) ,四川广安市邻水县农产品交易中心,查找
[2021-9-3],香菇,¥10.00,¥16.00,¥13.00,元/千克(kg) ,安徽安庆市龙狮桥蔬菜批发市场,查找
[2021-9-3],香菇,¥7.20,¥12.00,¥9.60,元/千克(kg) ,天津韩家墅海吉星农产品物流有限公司,查找
[2021-9-3],香菇,¥0.00,¥0.00,¥13.00,元/千克(kg) ,绵阳市高水农副产品批发有限公司,查找
[2021-9-3],香菇,¥13.00,¥14.20,¥13.80,元/千克(kg) ,福建福鼎闽浙边界农贸中心市场,查找
[2021-9-3],香菇,¥10.89,¥18.00,¥14.69,元/千克(kg) ,浙江嘉兴蔬菜批发交易市场,查找
[2021-9-3],香菇,¥7.00,¥12.00,¥9.50,元/千克(kg) ,湖南长沙马王堆农产品股份有限公司,查找
[2021-9-3],香菇,¥10.00,¥14.00,¥12.00,元/千克(kg) ,上海农产品中心批发市场经营管理有限公司,查找
[2021-9-3],香菇,¥12.00,¥14.00,¥14.00,元/千克(kg) ,江苏联谊农副产品批发市场,查找
[2021-9-3],香菇,¥10.00,¥14.00,¥12.00,元/千克(kg) ,广西新柳邕农产品批发市场有限公司,查找
[2021-9-3],香菇,¥0.00,¥0.00,¥15.00,元/千克(kg) ,绍兴市蔬菜果品批发交易市场有限公司,查找
[2021-9-3],香菇,¥0.00,¥0.00,¥9.00,元/千克(kg) ,山东滨州(六街）鲁北蔬菜批发市场,查找
[2021-9-3],香菇,¥0.00,¥0.00,¥10.00,元/千克(kg) ,贵阳地利农产品物流园有限公司,查找
[2021-9-3],香菇,¥18.00,¥20.00,¥19.00,元/千克(kg) ,乌鲁木齐北园春（集团）有限责任公司北...,查找
[2021-9-3],白灵菇,¥15.00,¥0.00,¥15.00,元/千克(kg) ,新疆兵团第五师三和农副产品综合批发市场,查找
[2021-9-3],杏鲍菇,¥6.00,¥8.00,¥7.00,元/千克(kg) ,甘肃酒泉春光农产品市场有限责任公司,查找
[2021-11-12],菜花,¥4.00,¥4.60,¥4.30,元/千克(kg) ,山西省长治市紫坊农产品综合交易市场有...,查找
[2021-11-12],菜花,¥5.20,¥7.00,¥6.10,元/千克(kg) ,青藏高原农副产品集散中心,查找
[2021-11-12],菜花,¥8.00,¥8.00,¥8.00,元/千克(kg) ,山东青岛黄河路农产品批发市场,查找
[2021-11-12],菜花,¥6.00,¥7.00,¥6.50,元/千克(kg) ,安徽亳州农产品有限责任公司,查找
[2021-11-12],菜花,¥7.60,¥10.00,¥8.80,元/千克(kg) ,广西新柳邕农产品批发市场有限公司,查找
[2021-11-12],菜花,¥7.00,¥8.00,¥7.50,元/千克(kg) ,辽宁朝阳市果菜批发市场,查找
[2021-11-12],菜花,¥5.00,¥7.00,¥6.00,元/千克(kg) ,天津武清大沙河批发市场,查找
[2021-11-12],菜花,¥5.00,¥7.00,¥6.00,元/千克(kg) ,山东章丘蔬菜批发市场,查找
[2021-11-12],菜花,¥8.00,¥11.00,¥9.40,元/千克(kg) ,青岛市城阳蔬菜水产品批发市场有限公司,查找
[2021-11-12],菜花,¥0.00,¥0.00,¥6.00,元/千克(kg) ,山西临汾尧丰农副产品批发市场,查找
[2021-11-12],菜花,¥4.00,¥4.60,¥4.30,元/千克(kg) ,河南万邦国际农产品物流股份有限公司,查找
[2021-11-12],小葱,¥9.00,¥10.00,¥9.50,元/千克(kg) ,湖南常德甘露寺蔬菜批发市场,查找
[2021-11-12],小葱,¥8.00,¥8.00,¥8.00,元/千克(kg) ,湖南吉首市蔬菜果品批发大市场,查找
[2021-11-12],菜花,¥9.00,¥11.00,¥10.00,元/千克(kg) ,浙江嘉善曹安农产品批发有限公司,查找
[2021-11-12],菜花,¥3.40,¥4.80,¥4.20,元/千克(kg) ,河北魏县天仙果菜批发交易市场,查找
[2021-11-12],菜花,¥6.40,¥0.00,¥6.40,元/千克(kg) ,河北省怀来县京西果菜批发市场有限责任公司,查找
[2021-11-12],菜花,¥3.00,¥3.50,¥3.20,元/千克(kg) ,湖北省孝感市南大农产品批发市场,查找
[2021-11-12],菜花,¥5.50,¥12.00,¥8.10,元/千克(kg) ,广州江南果菜批发市场经营管理有限公司,查找
[2021-11-12],菜花,¥0.00,¥0.00,¥5.00,元/千克(kg) ,新疆绿珠九鼎农产品经营管理有限公司,查找
[2021-11-12],菜花,¥0.00,¥0.00,¥5.00,元/千克(kg) ,河南濮阳宏进农副产品批发市场有限公司...,查找
[2021-11-12],菜花,¥7.60,¥8.00,¥7.80,元/千克(kg) ,湖南常德甘露寺蔬菜批发市场,查找
[2021-11-12],菜花,¥2.00,¥10.00,¥8.00,元/千克(kg) ,滕州市农副产品物流中心有限公司,查找
[2021-11-12],菜花,¥5.40,¥6.00,¥5.70,元/千克(kg) ,山西省太原市河西农产品有限公司,查找
[2021-11-12],菜花,¥6.00,¥6.00,¥6.00,元/千克(kg) ,黑龙江鹤岗市万圃源蔬菜有限责任公司,查找
[2021-11-12],菜花,¥6.00,¥6.00,¥6.00,元/千克(kg) ,湖南吉首市蔬菜果品批发大市场,查找
[2021-9-3],荷兰豆,¥10.00,¥17.20,¥13.60,元/千克(kg) ,广东汕头农副产品批发中心市场,查找
[2021-9-3],荷兰豆,¥0.00,¥0.00,¥9.60,元/千克(kg) ,贵阳地利农产品物流园有限公司,查找
[2021-9-3],荷兰豆,¥0.00,¥0.00,¥15.00,元/千克(kg) ,绍兴市蔬菜果品批发交易市场有限公司,查找
[2021-9-3],荷兰豆,¥18.00,¥24.00,¥21.00,元/千克(kg) ,乌鲁木齐北园春（集团）有限责任公司北...,查找
[2021-9-3],荷兰豆,¥19.20,¥20.40,¥20.00,元/千克(kg) ,福建福鼎闽浙边界农贸中心市场,查找
[2021-9-3],豆角,¥0.00,¥0.00,¥6.00,元/千克(kg) ,河南濮阳宏进农副产品批发市场有限公司...,查找
[2021-9-3],豆角,¥0.00,¥0.00,¥4.40,元/千克(kg) ,山西汾阳市晋阳农副产品批发市场,查找
[2021-9-3],豆角,¥4.60,¥5.20,¥4.90,元/千克(kg) ,重庆双福国际农贸城,查找
[2021-9-3],豆角,¥5.00,¥6.00,¥5.50,元/千克(kg) ,阜阳农产品中心批发市场,查找
[2021-9-3],豆角,¥5.00,¥6.40,¥5.70,元/千克(kg) ,安徽合肥周谷堆农产品批发市场,查找
[2021-9-3],豆角,¥0.00,¥0.00,¥4.40,元/千克(kg) ,江西永丰县农产品批发中心市场,查找
[2021-9-3],豆角,¥5.00,¥5.50,¥5.20,元/千克(kg) ,上海市江桥批发市场经营管理有限公司,查找
[2021-9-3],豆角,¥5.00,¥8.00,¥6.50,元/千克(kg) ,石家庄桥西蔬菜中心批发市场有限公司,查找
[2021-9-3],豆角,¥3.20,¥5.00,¥3.40,元/千克(kg) ,运城蔬菜批发市场,查找
[2021-9-3],豆角,¥2.00,¥4.00,¥3.00,元/千克(kg) ,山西太原丈子头农产品物流园（原城东利民）,查找
[2021-9-3],豆角,¥6.20,¥6.40,¥6.30,元/千克(kg) ,山西晋城绿欣农产品批发交易中心,查找
[2021-9-3],豆角,¥4.40,¥6.00,¥5.00,元/千克(kg) ,山西新绛县蔬菜批发市场,查找
[2021-9-3],豆角,¥6.00,¥8.00,¥7.00,元/千克(kg) ,成都市农产品中心批发市场,查找
[2021-9-3],豆角,¥6.00,¥9.00,¥8.80,元/千克(kg) ,呼和浩特市东瓦窑农副产品批发市场有限...,查找
[2021-9-3],豆角,¥5.00,¥0.00,¥5.00,元/千克(kg) ,新疆兵团第五师三和农副产品综合批发市场,查找
[2021-9-3],豆角,¥5.60,¥6.20,¥6.00,元/千克(kg) ,甘肃武山县蔬菜事业管理局,查找
[2021-9-3],豆角,¥8.00,¥10.00,¥9.00,元/千克(kg) ,江苏凌家塘农副产品批发市场,查找
[2021-9-3],豆角,¥4.00,¥6.00,¥5.00,元/千克(kg) ,云南通海金山蔬菜批发市场,查找
[2021-9-3],豆角,¥0.00,¥0.00,¥6.00,元/千克(kg) ,浙江金华农产品批发市场,查找
[2021-9-3],豆角,¥4.00,¥6.00,¥5.00,元/千克(kg) ,甘肃酒泉春光农产品市场有限责任公司,查找
[2021-11-12],菠菜,¥9.00,¥11.00,¥10.00,元/千克(kg) ,吉林省辽源市仙城物流园区有限公司,查找
[2021-11-12],菠菜,¥6.00,¥10.00,¥8.00,元/千克(kg) ,西安市朱雀农产品交易中心,查找
[2021-11-12],菠菜,¥7.00,¥8.00,¥7.50,元/千克(kg) ,江苏宜兴市瑞德蔬菜果品批发市场有限公司,查找
[2021-11-12],菠菜,¥9.00,¥12.00,¥11.00,元/千克(kg) ,陕西咸阳新阳光批发市场,查找
[2021-11-12],菠菜,¥0.00,¥0.00,¥8.00,元/千克(kg) ,鲁南蔬菜产业有限公司,查找
[2021-11-12],菠菜,¥0.00,¥0.00,¥6.00,元/千克(kg) ,山东淄博市鲁中蔬菜批发市场,查找
[2021-11-12],菠菜,¥4.00,¥5.40,¥5.20,元/千克(kg) ,山东青岛莱西市东庄头蔬菜批发市场服务...,查找
[2021-11-12],菠菜,¥3.00,¥5.00,¥4.00,元/千克(kg) ,青岛抚顺路蔬菜副食品批发市场股份有限公司,查找
[2021-11-12],菠菜,¥4.00,¥12.76,¥8.52,元/千克(kg) ,福建省福州市海峡蔬菜批发市场,查找
[2021-11-12],生菜,¥3.00,¥7.00,¥5.00,元/千克(kg) ,徐州农副产品中心批发市场,查找
[2021-11-12],生菜,¥4.00,¥9.00,¥6.50,元/千克(kg) ,西安市朱雀农产品交易中心,查找
[2021-11-12],生菜,¥3.90,¥4.20,¥4.00,元/千克(kg) ,遵义金土地绿色产品交易有限公司,查找
[2021-11-12],生菜,¥4.60,¥5.00,¥4.80,元/千克(kg) ,陕西咸阳新阳光批发市场,查找
[2021-11-12],生菜,¥6.00,¥7.00,¥6.50,元/千克(kg) ,武汉白沙洲农副产品大市场有限公司,查找
[2021-11-12],生菜,¥2.36,¥18.36,¥12.51,元/千克(kg) ,福建省福州市海峡蔬菜批发市场,查找
[2021-11-12],生菜,¥3.00,¥3.80,¥3.40,元/千克(kg) ,江西乐平市蔬菜批发大市场,查找
[2021-11-12],生菜,¥6.60,¥7.30,¥6.90,元/千克(kg) ,河南商丘市农产品中心批发市场,查找
[2021-11-12],生菜,¥4.00,¥7.70,¥5.40,元/千克(kg) ,广州江南果菜批发市场经营管理有限公司,查找
[2021-11-12],生菜,¥4.00,¥5.00,¥4.50,元/千克(kg) ,河北秦皇岛海阳农副产品批发市场,查找
[2021-11-12],生菜,¥5.60,¥7.60,¥6.60,元/千克(kg) ,浙江宁波市蔬菜副食品批发交易市场,查找
[2021-11-12],生菜,¥0.00,¥0.00,¥5.20,元/千克(kg) ,山东淄博市鲁中蔬菜批发市场,查找
[2021-11-12],生菜,¥7.00,¥8.00,¥8.00,元/千克(kg) ,湖北鄂州市蟠龙蔬菜批发市场,查找
[2021-11-12],生菜,¥0.00,¥0.00,¥6.20,元/千克(kg) ,安徽省淮北市中瑞农产品批发市场,查找
[2021-11-12],生菜,¥4.60,¥6.40,¥5.50,元/千克(kg) ,广东汕头农副产品批发中心市场,查找
[2021-11-12],生菜,¥8.00,¥9.00,¥8.50,元/千克(kg) ,北京朝阳区大洋路综合市场,查找
[2021-9-3],金针菇,¥5.40,¥5.60,¥5.40,元/千克(kg) ,山西新绛县蔬菜批发市场,查找
[2021-9-3],金针菇,¥0.00,¥0.00,¥9.00,元/千克(kg) ,四川广安市邻水县农产品交易中心,查找
[2021-9-3],金针菇,¥8.00,¥0.00,¥8.00,元/千克(kg) ,新疆兵团第五师三和农副产品综合批发市场,查找
[2021-9-3],金针菇,¥6.80,¥7.20,¥7.00,元/千克(kg) ,湖北省孝感市南大农产品批发市场,查找
[2021-9-3],金针菇,¥1.80,¥3.00,¥2.00,元/千克(kg) ,呼和浩特市东瓦窑农副产品批发市场有限...,查找
[2021-9-3],金针菇,¥0.00,¥0.00,¥6.00,元/千克(kg) ,浙江金华农产品批发市场,查找
[2021-9-3],金针菇,¥4.00,¥6.20,¥5.10,元/千克(kg) ,广东汕头农副产品批发中心市场,查找
[2021-9-3],金针菇,¥8.40,¥10.00,¥9.20,元/千克(kg) ,四川成都龙泉聚和(国际)果蔬菜交易中心,查找
[2021-9-3],金针菇,¥0.00,¥0.00,¥11.00,元/千克(kg) ,绵阳市高水农副产品批发有限公司,查找
[2021-9-3],金针菇,¥5.20,¥6.40,¥6.20,元/千克(kg) ,福建福鼎闽浙边界农贸中心市场,查找
[2021-9-3],金针菇,¥4.40,¥8.61,¥5.70,元/千克(kg) ,浙江嘉兴蔬菜批发交易市场,查找
[2021-9-3],金针菇,¥0.00,¥0.00,¥7.00,元/千克(kg) ,绍兴市蔬菜果品批发交易市场有限公司,查找
[2021-9-3],金针菇,¥0.00,¥0.00,¥10.00,元/千克(kg) ,新疆绿珠九鼎农产品经营管理有限公司,查找
[2021-9-3],金针菇,¥0.00,¥0.00,¥6.00,元/千克(kg) ,贵阳地利农产品物流园有限公司,查找
[2021-9-3],金针菇,¥7.00,¥8.00,¥8.00,元/千克(kg) ,江苏联谊农副产品批发市场,查找
[2021-9-3],金针菇,¥7.50,¥11.00,¥9.00,元/千克(kg) ,乌鲁木齐北园春（集团）有限责任公司北...,查找
[2021-9-3],金针菇,¥4.60,¥5.00,¥4.80,元/千克(kg) ,山西太原丈子头农产品物流园（原城东利民）,查找
[2021-9-3],金针菇,¥4.00,¥8.00,¥6.00,元/千克(kg) ,江苏凌家塘农副产品批发市场,查找
[2021-9-3],香菇,¥0.00,¥0.00,¥15.00,元/千克(kg) ,浙江金华农产品批发市场,查找
[2021-9-3],香菇,¥10.00,¥20.00,¥14.00,元/千克(kg) ,江苏凌家塘农副产品批发市场,查找
[2021-9-3],香菇,¥8.40,¥9.00,¥8.80,元/千克(kg) ,山西太原丈子头农产品物流园（原城东利民）,查找
[2021-9-3],香菇,¥12.00,¥14.00,¥13.00,元/千克(kg) ,安徽合肥周谷堆农产品批发市场,查找
[2021-9-3],香菇,¥0.00,¥0.00,¥13.00,元/千克(kg) ,江西永丰县农产品批发中心市场,查找
[2021-9-3],香菇,¥11.00,¥12.00,¥11.50,元/千克(kg) ,重庆双福国际农贸城,查找
[2021-9-3],香菇,¥5.00,¥14.00,¥9.50,元/千克(kg) ,石家庄桥西蔬菜中心批发市场有限公司,查找
[2021-9-3],豆角,¥7.00,¥9.00,¥8.20,元/千克(kg) ,四川成都龙泉聚和(国际)果蔬菜交易中心,查找
[2021-9-3],豆角,¥0.00,¥0.00,¥5.60,元/千克(kg) ,绵阳市高水农副产品批发有限公司,查找
[2021-9-3],豆角,¥7.00,¥8.00,¥7.60,元/千克(kg) ,湖南吉首市蔬菜果品批发大市场,查找
[2021-9-3],豆角,¥5.00,¥5.00,¥5.00,元/千克(kg) ,邯郸市(馆陶)金凤禽蛋农贸批发市场,查找
[2021-9-3],豆角,¥0.00,¥0.00,¥8.00,元/千克(kg) ,四川广安市邻水县农产品交易中心,查找
[2021-9-3],豆角,¥7.00,¥8.00,¥7.50,元/千克(kg) ,安徽安庆市龙狮桥蔬菜批发市场,查找
[2021-9-3],豆角,¥7.00,¥9.00,¥8.00,元/千克(kg) ,天津韩家墅海吉星农产品物流有限公司,查找
[2021-9-3],豆角,¥3.60,¥5.40,¥4.50,元/千克(kg) ,湖南长沙马王堆农产品股份有限公司,查找
[2021-9-3],豆角,¥10.00,¥12.00,¥11.00,元/千克(kg) ,上海农产品中心批发市场经营管理有限公司,查找
[2021-9-3],豆角,¥8.00,¥9.60,¥9.00,元/千克(kg) ,吉林省辽源市仙城物流园区有限公司,查找
[2021-9-3],豆角,¥3.80,¥4.20,¥4.00,元/千克(kg) ,阳泉蔬菜副食有限公司,查找
[2021-9-3],豆角,¥4.60,¥6.00,¥5.30,元/千克(kg) ,广东汕头农副产品批发中心市场,查找
[2021-9-3],豆角,¥6.20,¥7.00,¥6.80,元/千克(kg) ,河北秦皇岛昌黎农副产品批发市场,查找
[2021-9-3],豆角,¥4.70,¥6.00,¥5.50,元/千克(kg) ,佛山中南农产品交易中心,查找
[2021-9-3],豆角,¥0.00,¥0.00,¥6.00,元/千克(kg) ,山东滨州(六街）鲁北蔬菜批发市场,查找
[2021-9-3],豆角,¥0.00,¥0.00,¥8.50,元/千克(kg) ,新疆绿珠九鼎农产品经营管理有限公司,查找
[2021-9-3],豆角,¥0.00,¥0.00,¥6.00,元/千克(kg) ,贵阳地利农产品物流园有限公司,查找
[2021-9-3],豆角,¥0.00,¥0.00,¥9.00,元/千克(kg) ,绍兴市蔬菜果品批发交易市场有限公司,查找
[2021-9-3],豆角,¥0.00,¥0.00,¥4.40,元/千克(kg) ,山东宁津县东崔蔬菜批发市场,查找
[2021-9-3],豆角,¥5.50,¥7.50,¥6.50,元/千克(kg) ,乌鲁木齐北园春（集团）有限责任公司北...,查找
[2021-9-3],豆角,¥5.00,¥5.00,¥5.00,元/千克(kg) ,晋城市绿盛农工商实业有限公司农副产品...,查找
[2021-9-3],豆角,¥12.00,¥13.40,¥12.60,元/千克(kg) ,福建福鼎闽浙边界农贸中心市场,查找
[2021-9-3],丝瓜,¥6.00,¥6.60,¥6.30,元/千克(kg) ,重庆双福国际农贸城,查找
[2021-9-3],丝瓜,¥6.60,¥7.00,¥6.80,元/千克(kg) ,山西太原丈子头农产品物流园（原城东利民）,查找
[2021-9-3],丝瓜,¥3.40,¥4.00,¥3.70,元/千克(kg) ,安徽合肥周谷堆农产品批发市场,查找
[2021-9-3],丝瓜,¥5.80,¥6.00,¥5.90,元/千克(kg) ,山西晋城绿欣农产品批发交易中心,查找
[2021-9-3],丝瓜,¥3.40,¥6.00,¥4.60,元/千克(kg) ,江苏凌家塘农副产品批发市场,查找
[2021-9-3],丝瓜,¥2.00,¥8.00,¥5.00,元/千克(kg) ,石家庄桥西蔬菜中心批发市场有限公司,查找
[2021-9-3],丝瓜,¥12.00,¥14.00,¥13.00,元/千克(kg) ,呼和浩特市东瓦窑农副产品批发市场有限...,查找
[2021-9-3],丝瓜,¥5.00,¥0.00,¥6.00,元/千克(kg) ,新疆兵团第五师三和农副产品综合批发市场,查找
[2021-9-3],丝瓜,¥5.80,¥6.20,¥6.00,元/千克(kg) ,湖北省孝感市南大农产品批发市场,查找
[2021-9-3],丝瓜,¥0.00,¥0.00,¥4.60,元/千克(kg) ,浙江金华农产品批发市场,查找
[2021-9-3],丝瓜,¥6.00,¥8.00,¥7.00,元/千克(kg) ,四川成都龙泉聚和(国际)果蔬菜交易中心,查找
[2021-9-3],丝瓜,¥0.00,¥0.00,¥7.60,元/千克(kg) ,绵阳市高水农副产品批发有限公司,查找
[2021-9-3],丝瓜,¥5.00,¥5.00,¥5.00,元/千克(kg) ,邯郸市(馆陶)金凤禽蛋农贸批发市场,查找
[2021-9-3],丝瓜,¥4.00,¥6.00,¥5.00,元/千克(kg) ,湖南吉首市蔬菜果品批发大市场,查找
[2021-9-3],丝瓜,¥7.00,¥7.40,¥7.20,元/千克(kg) ,南京农副产品物流配送中心有限公司,查找
[2021-9-3],丝瓜,¥3.87,¥6.00,¥4.46,元/千克(kg) ,浙江嘉兴蔬菜批发交易市场,查找
[2021-9-3],青椒,¥0.00,¥0.00,¥5.20,元/千克(kg) ,四川广安市邻水县农产品交易中心,查找
[2021-9-3],青椒,¥6.00,¥7.00,¥6.50,元/千克(kg) ,安徽安庆市龙狮桥蔬菜批发市场,查找
[2021-9-3],青椒,¥4.00,¥6.00,¥5.00,元/千克(kg) ,天津韩家墅海吉星农产品物流有限公司,查找
[2021-9-3],丝瓜,¥2.80,¥4.80,¥3.80,元/千克(kg) ,广东汕头农副产品批发中心市场,查找
[2021-9-3],丝瓜,¥0.00,¥0.00,¥3.20,元/千克(kg) ,山东滨州(六街）鲁北蔬菜批发市场,查找
[2021-9-3],丝瓜,¥0.00,¥0.00,¥6.00,元/千克(kg) ,贵阳地利农产品物流园有限公司,查找
[2021-9-3],丝瓜,¥0.00,¥0.00,¥5.50,元/千克(kg) ,绍兴市蔬菜果品批发交易市场有限公司,查找
[2021-9-3],丝瓜,¥5.00,¥5.00,¥5.00,元/千克(kg) ,江苏联谊农副产品批发市场,查找
[2021-9-3],丝瓜,¥5.50,¥7.50,¥6.50,元/千克(kg) ,乌鲁木齐北园春（集团）有限责任公司北...,查找
[2021-9-3],丝瓜,¥8.00,¥9.20,¥9.00,元/千克(kg) ,福建福鼎闽浙边界农贸中心市场,查找
[2021-9-3],丝瓜,¥0.00,¥0.00,¥4.00,元/千克(kg) ,河南濮阳宏进农副产品批发市场有限公司...,查找
[2021-9-3],瓠子,¥2.00,¥3.00,¥2.60,元/千克(kg) ,呼和浩特市东瓦窑农副产品批发市场有限...,查找
[2021-11-12],油菜,¥3.00,¥6.00,¥3.60,元/千克(kg) ,青岛抚顺路蔬菜副食品批发市场股份有限公司,查找
[2021-11-12],油菜,¥1.16,¥4.00,¥3.26,元/千克(kg) ,福建省福州市海峡蔬菜批发市场,查找
[2021-11-12],油菜,¥2.00,¥2.80,¥2.40,元/千克(kg) ,江西乐平市蔬菜批发大市场,查找
[2021-11-12],油菜,¥3.00,¥4.00,¥3.50,元/千克(kg) ,武汉白沙洲农副产品大市场有限公司,查找
[2021-11-12],油菜,¥3.00,¥8.20,¥5.50,元/千克(kg) ,广州江南果菜批发市场经营管理有限公司,查找
[2021-11-12],油菜,¥2.00,¥3.00,¥2.50,元/千克(kg) ,河北秦皇岛海阳农副产品批发市场,查找
[2021-11-12],油菜,¥4.00,¥6.50,¥5.20,元/千克(kg) ,浙江宁波市蔬菜副食品批发交易市场,查找
[2021-11-12],油菜,¥3.00,¥4.80,¥3.90,元/千克(kg) ,广东汕头农副产品批发中心市场,查找
[2021-11-12],油菜,¥3.60,¥4.00,¥3.80,元/千克(kg) ,北京朝阳区大洋路综合市场,查找
[2021-11-12],油菜,¥1.80,¥4.00,¥3.70,元/千克(kg) ,安徽六安市裕安区紫竹林农产品批发市场,查找
[2021-11-12],油菜,¥3.00,¥4.00,¥3.50,元/千克(kg) ,安徽亳州农产品有限责任公司,查找
[2021-11-12],油菜,¥3.00,¥5.00,¥4.00,元/千克(kg) ,山东章丘蔬菜批发市场,查找
[2021-11-12],油菜,¥0.00,¥0.00,¥3.09,元/千克(kg) ,江苏无锡朝阳农产品大市场,查找
[2021-11-12],油菜,¥2.60,¥10.00,¥5.60,元/千克(kg) ,青岛市城阳蔬菜水产品批发市场有限公司,查找
[2021-11-12],油菜,¥0.00,¥0.00,¥3.20,元/千克(kg) ,山西临汾尧丰农副产品批发市场,查找
[2021-11-12],油菜,¥6.00,¥7.00,¥6.50,元/千克(kg) ,山东青岛黄河路农产品批发市场,查找
[2021-11-12],油菜,¥5.60,¥6.00,¥5.80,元/千克(kg) ,青藏高原农副产品集散中心,查找
[2021-11-12],油菜,¥7.00,¥9.00,¥8.00,元/千克(kg) ,四川成都龙泉聚和(国际)果蔬菜交易中心,查找
[2021-11-12],油菜,¥3.60,¥4.00,¥3.80,元/千克(kg) ,辽宁朝阳市果菜批发市场,查找
[2021-11-12],油菜,¥3.20,¥4.00,¥3.20,元/千克(kg) ,天津何庄子鲜活农产品中心批发市场,查找
[2021-11-12],油菜,¥0.00,¥0.00,¥4.20,元/千克(kg) ,新疆绿珠九鼎农产品经营管理有限公司,查找
[2021-11-12],油菜,¥3.00,¥4.00,¥3.50,元/千克(kg) ,浙江嘉善曹安农产品批发有限公司,查找
[2021-11-12],油菜,¥6.00,¥7.00,¥6.50,元/千克(kg) ,新疆九鼎恒兴蔬菜经营管理有限公司,查找
[2021-11-12],油菜,¥3.00,¥3.60,¥3.30,元/千克(kg) ,山西省太原市河西农产品有限公司,查找
[2021-11-12],油菜,¥6.80,¥7.00,¥7.00,元/千克(kg) ,黑龙江鹤岗市万圃源蔬菜有限责任公司,查找
[2021-11-12],菠菜,¥0.00,¥0.00,¥7.80,元/千克(kg) ,安徽省淮北市中瑞农产品批发市场,查找
[2021-11-12],菠菜,¥8.00,¥12.60,¥10.30,元/千克(kg) ,广东汕头农副产品批发中心市场,查找
[2021-11-12],菠菜,¥10.00,¥11.00,¥10.50,元/千克(kg) ,北京朝阳区大洋路综合市场,查找
[2021-11-12],菠菜,¥6.00,¥7.00,¥6.50,元/千克(kg) ,辽宁朝阳市果菜批发市场,查找
[2021-11-12],菠菜,¥9.00,¥11.00,¥10.00,元/千克(kg) ,安徽亳州农产品有限责任公司,查找
[2021-11-12],菠菜,¥6.00,¥7.60,¥6.80,元/千克(kg) ,河南万邦国际农产品物流股份有限公司,查找
[2021-11-12],菠菜,¥3.00,¥4.00,¥3.50,元/千克(kg) ,天津武清大沙河批发市场,查找
[2021-11-12],菠菜,¥6.00,¥9.00,¥7.00,元/千克(kg) ,山东章丘蔬菜批发市场,查找
[2021-11-12],菠菜,¥0.00,¥0.00,¥7.32,元/千克(kg) ,江苏无锡朝阳农产品大市场,查找
[2021-11-12],菠菜,¥6.00,¥7.00,¥6.50,元/千克(kg) ,山西省长治市紫坊农产品综合交易市场有...,查找
[2021-11-12],菠菜,¥8.00,¥8.00,¥8.00,元/千克(kg) ,山东青岛黄河路农产品批发市场,查找
[2021-11-12],菠菜,¥5.20,¥5.20,¥5.20,元/千克(kg) ,天津何庄子鲜活农产品中心批发市场,查找
[2021-11-12],菠菜,¥10.00,¥12.00,¥11.00,元/千克(kg) ,浙江嘉善曹安农产品批发有限公司,查找
[2021-11-12],菠菜,¥10.15,¥13.20,¥11.68,元/千克(kg) ,红星实业集团有限公司红星农副产品大市场,查找
[2021-11-12],菠菜,¥5.00,¥7.00,¥6.00,元/千克(kg) ,新疆九鼎恒兴蔬菜经营管理有限公司,查找
[2021-11-12],菠菜,¥8.00,¥9.00,¥8.50,元/千克(kg) ,山西省太原市河西农产品有限公司,查找
[2021-11-12],菠菜,¥10.00,¥10.00,¥10.00,元/千克(kg) ,黑龙江鹤岗市万圃源蔬菜有限责任公司,查找
[2021-11-12],菠菜,¥4.00,¥16.00,¥11.60,元/千克(kg) ,滕州市农副产品物流中心有限公司,查找
[2021-11-12],菠菜,¥0.00,¥0.00,¥5.50,元/千克(kg) ,新疆绿珠九鼎农产品经营管理有限公司,查找
[2021-11-12],菠菜,¥0.00,¥0.00,¥8.00,元/千克(kg) ,河南濮阳宏进农副产品批发市场有限公司...,查找
[2021-11-12],菠菜,¥6.00,¥7.00,¥6.40,元/千克(kg) ,河北魏县天仙果菜批发交易市场,查找
[2021-11-12],菠菜,¥9.00,¥0.00,¥9.00,元/千克(kg) ,河北省怀来县京西果菜批发市场有限责任公司,查找
[2021-11-12],菠菜,¥13.00,¥17.20,¥15.10,元/千克(kg) ,南昌深圳农产品中心批发市场有限公司,查找
[2021-11-12],菠菜,¥4.00,¥9.00,¥6.49,元/千克(kg) ,中国寿光地利农产品物流园有限公司,查找
[2021-11-12],菠菜,¥6.00,¥7.00,¥6.50,元/千克(kg) ,徐州农副产品中心批发市场,查找
[2021-9-3],冬瓜,¥1.00,¥1.60,¥1.30,元/千克(kg) ,广东汕头农副产品批发中心市场,查找
[2021-9-3],冬瓜,¥1.50,¥3.00,¥2.40,元/千克(kg) ,四川成都龙泉聚和(国际)果蔬菜交易中心,查找
[2021-9-3],冬瓜,¥1.20,¥1.60,¥1.40,元/千克(kg) ,江苏联谊农副产品批发市场,查找
[2021-9-3],冬瓜,¥1.80,¥3.80,¥2.80,元/千克(kg) ,乌鲁木齐北园春（集团）有限责任公司北...,查找
[2021-9-3],冬瓜,¥0.60,¥0.60,¥0.60,元/千克(kg) ,晋城市绿盛农工商实业有限公司农副产品...,查找
[2021-9-3],冬瓜,¥2.00,¥3.20,¥2.40,元/千克(kg) ,福建福鼎闽浙边界农贸中心市场,查找
[2021-9-3],冬瓜,¥1.20,¥1.60,¥1.40,元/千克(kg) ,湖南长沙马王堆农产品股份有限公司,查找
[2021-9-3],冬瓜,¥0.80,¥1.20,¥0.90,元/千克(kg) ,佛山中南农产品交易中心,查找
[2021-9-3],冬瓜,¥0.00,¥0.00,¥1.20,元/千克(kg) ,山东滨州(六街）鲁北蔬菜批发市场,查找
[2021-9-3],冬瓜,¥0.00,¥0.00,¥1.80,元/千克(kg) ,新疆绿珠九鼎农产品经营管理有限公司,查找
[2021-9-3],冬瓜,¥0.00,¥0.00,¥1.00,元/千克(kg) ,贵阳地利农产品物流园有限公司,查找
[2021-9-3],冬瓜,¥0.00,¥0.00,¥1.20,元/千克(kg) ,绍兴市蔬菜果品批发交易市场有限公司,查找
[2021-9-3],冬瓜,¥0.60,¥0.80,¥0.70,元/千克(kg) ,山西晋城绿欣农产品批发交易中心,查找
[2021-9-3],冬瓜,¥0.90,¥1.60,¥1.20,元/千克(kg) ,上海市江桥批发市场经营管理有限公司,查找
[2021-9-3],冬瓜,¥0.70,¥0.80,¥0.75,元/千克(kg) ,石家庄桥西蔬菜中心批发市场有限公司,查找
[2021-9-3],冬瓜,¥0.60,¥2.00,¥0.80,元/千克(kg) ,运城蔬菜批发市场,查找
[2021-9-3],冬瓜,¥0.60,¥0.70,¥0.70,元/千克(kg) ,山西新绛县蔬菜批发市场,查找
[2021-9-3],冬瓜,¥0.60,¥1.20,¥0.80,元/千克(kg) ,江苏凌家塘农副产品批发市场,查找
[2021-9-3],冬瓜,¥0.00,¥0.00,¥0.80,元/千克(kg) ,江西永丰县农产品批发中心市场,查找
[2021-9-3],冬瓜,¥2.40,¥3.00,¥2.60,元/千克(kg) ,云南通海金山蔬菜批发市场,查找
[2021-9-3],冬瓜,¥0.00,¥0.00,¥1.20,元/千克(kg) ,河南濮阳宏进农副产品批发市场有限公司...,查找
[2021-9-3],冬瓜,¥1.00,¥1.60,¥1.30,元/千克(kg) ,重庆双福国际农贸城,查找
[2021-9-3],冬瓜,¥1.60,¥2.00,¥1.80,元/千克(kg) ,阜阳农产品中心批发市场,查找
[2021-9-3],冬瓜,¥0.60,¥1.00,¥0.80,元/千克(kg) ,山西太原丈子头农产品物流园（原城东利民）,查找
[2021-9-3],冬瓜,¥1.40,¥2.00,¥1.90,元/千克(kg) ,呼和浩特市东瓦窑农副产品批发市场有限...,查找
[2021-11-12],韭菜,¥6.00,¥6.60,¥6.30,元/千克(kg) ,辽宁朝阳市果菜批发市场,查找
[2021-11-12],韭菜,¥2.00,¥6.00,¥4.00,元/千克(kg) ,安徽六安市裕安区紫竹林农产品批发市场,查找
[2021-11-12],韭菜,¥4.00,¥5.00,¥4.50,元/千克(kg) ,安徽亳州农产品有限责任公司,查找
[2021-11-12],韭菜,¥5.00,¥6.00,¥5.50,元/千克(kg) ,天津武清大沙河批发市场,查找
[2021-11-12],韭菜,¥5.00,¥7.00,¥6.00,元/千克(kg) ,山东章丘蔬菜批发市场,查找
[2021-11-12],韭菜,¥4.00,¥6.00,¥5.00,元/千克(kg) ,河北秦皇岛海阳农副产品批发市场,查找
[2021-11-12],韭菜,¥0.00,¥0.00,¥4.02,元/千克(kg) ,江苏无锡朝阳农产品大市场,查找
[2021-11-12],韭菜,¥8.00,¥9.60,¥8.00,元/千克(kg) ,青岛市城阳蔬菜水产品批发市场有限公司,查找
[2021-11-12],韭菜,¥0.00,¥0.00,¥8.00,元/千克(kg) ,山西临汾尧丰农副产品批发市场,查找
[2021-11-12],韭菜,¥7.00,¥7.60,¥7.30,元/千克(kg) ,陕西咸阳新阳光批发市场,查找
[2021-11-12],韭菜,¥5.00,¥7.00,¥6.00,元/千克(kg) ,四川成都龙泉聚和(国际)果蔬菜交易中心,查找
[2021-11-12],韭菜,¥7.00,¥7.00,¥7.00,元/千克(kg) ,陕西泾云现代农业股份有限公司云阳蔬菜...,查找
[2021-11-12],韭菜,¥4.60,¥5.20,¥4.90,元/千克(kg) ,河南万邦国际农产品物流股份有限公司,查找
[2021-11-12],韭菜,¥9.00,¥11.00,¥10.00,元/千克(kg) ,吉林省辽源市仙城物流园区有限公司,查找
[2021-11-12],韭菜,¥4.00,¥5.00,¥4.50,元/千克(kg) ,徐州农副产品中心批发市场,查找
[2021-11-12],韭菜,¥4.00,¥7.00,¥5.50,元/千克(kg) ,西安市朱雀农产品交易中心,查找
[2021-11-12],韭菜,¥4.00,¥4.40,¥4.20,元/千克(kg) ,江苏宜兴市瑞德蔬菜果品批发市场有限公司,查找
[2021-11-12],韭菜,¥2.60,¥6.00,¥5.40,元/千克(kg) ,山东宁津县东崔蔬菜批发市场,查找
[2021-11-12],韭菜,¥5.20,¥5.60,¥5.40,元/千克(kg) ,遵义金土地绿色产品交易有限公司,查找
[2021-11-12],韭菜,¥5.00,¥7.00,¥6.60,元/千克(kg) ,青岛抚顺路蔬菜副食品批发市场股份有限公司,查找
[2021-11-12],空心菜,¥8.00,¥9.00,¥8.50,元/千克(kg) ,山西省长治市紫坊农产品综合交易市场有...,查找
[2021-11-12],空心菜,¥0.00,¥0.00,¥5.00,元/千克(kg) ,新疆绿珠九鼎农产品经营管理有限公司,查找
[2021-11-12],空心菜,¥14.50,¥15.00,¥15.00,元/千克(kg) ,新疆九鼎恒兴蔬菜经营管理有限公司,查找
[2021-11-12],空心菜,¥5.00,¥11.00,¥7.20,元/千克(kg) ,滕州市农副产品物流中心有限公司,查找
[2021-11-12],空心菜,¥4.00,¥5.20,¥4.60,元/千克(kg) ,南昌深圳农产品中心批发市场有限公司,查找
[2021-11-12],油菜,¥0.00,¥0.00,¥2.60,元/千克(kg) ,河南濮阳宏进农副产品批发市场有限公司...,查找
[2021-11-12],油菜,¥2.40,¥19.00,¥11.00,元/千克(kg) ,滕州市农副产品物流中心有限公司,查找
[2021-11-12],油菜,¥5.00,¥5.60,¥5.30,元/千克(kg) ,山西省长治市紫坊农产品综合交易市场有...,查找
[2021-11-12],油菜,¥2.80,¥3.40,¥3.00,元/千克(kg) ,河北魏县天仙果菜批发交易市场,查找
[2021-11-12],油菜,¥5.00,¥0.00,¥5.00,元/千克(kg) ,河北省怀来县京西果菜批发市场有限责任公司,查找
[2021-11-12],油菜,¥2.00,¥6.00,¥2.60,元/千克(kg) ,中国寿光地利农产品物流园有限公司,查找
[2021-11-12],洋白菜,¥2.00,¥4.60,¥3.88,元/千克(kg) ,中国寿光地利农产品物流园有限公司,查找
[2021-11-12],洋白菜,¥3.00,¥5.00,¥4.00,元/千克(kg) ,河北秦皇岛海阳农副产品批发市场,查找
[2021-11-12],洋白菜,¥3.40,¥3.60,¥3.60,元/千克(kg) ,湖北鄂州市蟠龙蔬菜批发市场,查找
[2021-11-12],洋白菜,¥3.40,¥5.80,¥4.60,元/千克(kg) ,广东汕头农副产品批发中心市场,查找
[2021-11-12],洋白菜,¥5.00,¥6.00,¥5.50,元/千克(kg) ,北京朝阳区大洋路综合市场,查找
[2021-11-12],洋白菜,¥3.00,¥4.00,¥3.50,元/千克(kg) ,安徽亳州农产品有限责任公司,查找
[2021-11-12],洋白菜,¥2.40,¥3.60,¥3.00,元/千克(kg) ,天津武清大沙河批发市场,查找
[2021-11-12],洋白菜,¥2.00,¥4.00,¥3.00,元/千克(kg) ,山东章丘蔬菜批发市场,查找
[2021-11-12],洋白菜,¥0.00,¥0.00,¥3.48,元/千克(kg) ,江苏无锡朝阳农产品大市场,查找
[2021-11-12],洋白菜,¥2.40,¥3.00,¥2.80,元/千克(kg) ,湖北省洪湖农贸市场,查找
[2021-11-12],洋白菜,¥2.60,¥3.80,¥3.20,元/千克(kg) ,四川成都龙泉聚和(国际)果蔬菜交易中心,查找
[2021-11-12],洋白菜,¥4.00,¥4.40,¥4.20,元/千克(kg) ,山西省长治市紫坊农产品综合交易市场有...,查找
[2021-11-12],洋白菜,¥6.00,¥6.00,¥6.00,元/千克(kg) ,山东青岛黄河路农产品批发市场,查找
[2021-11-12],洋白菜,¥4.40,¥5.60,¥5.00,元/千克(kg) ,辽宁朝阳市果菜批发市场,查找
[2021-11-12],洋白菜,¥5.80,¥7.40,¥6.20,元/千克(kg) ,青岛市城阳蔬菜水产品批发市场有限公司,查找
[2021-11-12],洋白菜,¥0.00,¥0.00,¥4.00,元/千克(kg) ,山西临汾尧丰农副产品批发市场,查找
[2021-11-12],洋白菜,¥2.00,¥2.80,¥2.40,元/千克(kg) ,河南万邦国际农产品物流股份有限公司,查找
[2021-11-12],洋白菜,¥2.00,¥4.00,¥3.00,元/千克(kg) ,徐州农副产品中心批发市场,查找
[2021-11-12],洋白菜,¥3.20,¥3.80,¥3.50,元/千克(kg) ,河南商丘市农产品中心批发市场,查找
[2021-9-3],西葫芦,¥2.00,¥2.00,¥2.00,元/千克(kg) ,晋城市绿盛农工商实业有限公司农副产品...,查找
[2021-9-3],西葫芦,¥4.00,¥5.00,¥4.50,元/千克(kg) ,湖南长沙马王堆农产品股份有限公司,查找
[2021-9-3],西葫芦,¥0.00,¥0.00,¥3.40,元/千克(kg) ,山东滨州(六街）鲁北蔬菜批发市场,查找
[2021-9-3],西葫芦,¥0.00,¥0.00,¥5.00,元/千克(kg) ,贵阳地利农产品物流园有限公司,查找
[2021-9-3],西葫芦,¥0.00,¥0.00,¥3.00,元/千克(kg) ,绍兴市蔬菜果品批发交易市场有限公司,查找
[2021-9-3],西葫芦,¥3.60,¥3.80,¥3.70,元/千克(kg) ,山西晋城绿欣农产品批发交易中心,查找
[2021-9-3],西葫芦,¥1.20,¥3.20,¥2.20,元/千克(kg) ,石家庄桥西蔬菜中心批发市场有限公司,查找
[2021-9-3],西葫芦,¥1.60,¥3.00,¥1.80,元/千克(kg) ,运城蔬菜批发市场,查找
[2021-9-3],西葫芦,¥3.00,¥4.00,¥3.60,元/千克(kg) ,山西新绛县蔬菜批发市场,查找
[2021-9-3],西葫芦,¥2.40,¥4.40,¥4.00,元/千克(kg) ,呼和浩特市东瓦窑农副产品批发市场有限...,查找
[2021-9-3],西葫芦,¥2.00,¥2.20,¥2.20,元/千克(kg) ,甘肃武山县蔬菜事业管理局,查找
[2021-9-3],西葫芦,¥1.40,¥4.00,¥2.80,元/千克(kg) ,江苏凌家塘农副产品批发市场,查找
[2021-9-3],西葫芦,¥0.00,¥0.00,¥5.00,元/千克(kg) ,浙江金华农产品批发市场,查找
[2021-9-3],西葫芦,¥0.00,¥0.00,¥4.60,元/千克(kg) ,河南濮阳宏进农副产品批发市场有限公司...,查找
[2021-9-3],西葫芦,¥0.00,¥0.00,¥3.60,元/千克(kg) ,山西汾阳市晋阳农副产品批发市场,查找
[2021-9-3],西葫芦,¥3.00,¥3.80,¥3.40,元/千克(kg) ,重庆双福国际农贸城,查找
[2021-9-3],西葫芦,¥2.60,¥3.00,¥2.80,元/千克(kg) ,山西太原丈子头农产品物流园（原城东利民）,查找
[2021-9-3],西葫芦,¥4.20,¥6.00,¥5.10,元/千克(kg) ,安徽合肥周谷堆农产品批发市场,查找
[2021-9-3],西葫芦,¥3.00,¥0.00,¥3.00,元/千克(kg) ,新疆兵团第五师三和农副产品综合批发市场,查找
[2021-9-3],光皮黄瓜,¥6.00,¥8.00,¥7.00,元/千克(kg) ,呼和浩特市东瓦窑农副产品批发市场有限...,查找
[2021-9-3],光皮黄瓜,¥5.00,¥7.00,¥6.00,元/千克(kg) ,江苏凌家塘农副产品批发市场,查找
[2021-9-3],黄瓜,¥2.40,¥3.20,¥3.00,元/千克(kg) ,成都市农产品中心批发市场,查找
[2021-9-3],黄瓜,¥5.00,¥5.20,¥5.10,元/千克(kg) ,山西晋城绿欣农产品批发交易中心,查找
[2021-9-3],黄瓜,¥4.00,¥5.00,¥4.40,元/千克(kg) ,山西新绛县蔬菜批发市场,查找
[2021-9-3],黄瓜,¥3.40,¥5.60,¥3.80,元/千克(kg) ,上海市江桥批发市场经营管理有限公司,查找
[2021-9-3],杏鲍菇,¥0.00,¥0.00,¥10.00,元/千克(kg) ,新疆绿珠九鼎农产品经营管理有限公司,查找
[2021-9-3],杏鲍菇,¥8.00,¥0.00,¥9.00,元/千克(kg) ,新疆兵团第五师三和农副产品综合批发市场,查找
[2021-9-3],杏鲍菇,¥7.00,¥8.00,¥7.20,元/千克(kg) ,呼和浩特市东瓦窑农副产品批发市场有限...,查找
[2021-9-3],杏鲍菇,¥8.00,¥10.00,¥9.00,元/千克(kg) ,石家庄桥西蔬菜中心批发市场有限公司,查找
[2021-9-3],杏鲍菇,¥5.40,¥5.60,¥5.40,元/千克(kg) ,山西新绛县蔬菜批发市场,查找
[2021-9-3],凤尾菇,¥10.20,¥11.40,¥10.40,元/千克(kg) ,福建福鼎闽浙边界农贸中心市场,查找
[2021-9-3],平菇,¥6.80,¥7.20,¥7.00,元/千克(kg) ,湖北省孝感市南大农产品批发市场,查找
[2021-9-3],平菇,¥5.00,¥12.00,¥8.00,元/千克(kg) ,呼和浩特市东瓦窑农副产品批发市场有限...,查找
[2021-9-3],平菇,¥5.00,¥6.60,¥5.80,元/千克(kg) ,广东汕头农副产品批发中心市场,查找
[2021-9-3],平菇,¥0.00,¥0.00,¥14.00,元/千克(kg) ,四川广安市邻水县农产品交易中心,查找
[2021-9-3],平菇,¥8.00,¥13.00,¥10.50,元/千克(kg) ,安徽安庆市龙狮桥蔬菜批发市场,查找
[2021-9-3],平菇,¥0.00,¥0.00,¥14.60,元/千克(kg) ,绵阳市高水农副产品批发有限公司,查找
[2021-9-3],平菇,¥5.00,¥5.00,¥5.00,元/千克(kg) ,邯郸市(馆陶)金凤禽蛋农贸批发市场,查找
[2021-9-3],平菇,¥13.00,¥14.20,¥14.00,元/千克(kg) ,福建福鼎闽浙边界农贸中心市场,查找
[2021-9-3],平菇,¥6.16,¥8.34,¥7.25,元/千克(kg) ,浙江嘉兴蔬菜批发交易市场,查找
[2021-9-3],平菇,¥7.00,¥9.00,¥8.00,元/千克(kg) ,湖南长沙马王堆农产品股份有限公司,查找
[2021-9-3],平菇,¥6.00,¥8.00,¥7.00,元/千克(kg) ,上海农产品中心批发市场经营管理有限公司,查找
[2021-9-3],平菇,¥0.00,¥0.00,¥6.00,元/千克(kg) ,绍兴市蔬菜果品批发交易市场有限公司,查找
[2021-9-3],平菇,¥0.00,¥0.00,¥8.00,元/千克(kg) ,新疆绿珠九鼎农产品经营管理有限公司,查找
[2021-9-3],平菇,¥0.00,¥0.00,¥7.00,元/千克(kg) ,贵阳地利农产品物流园有限公司,查找
[2021-9-3],平菇,¥8.00,¥10.00,¥9.00,元/千克(kg) ,乌鲁木齐北园春（集团）有限责任公司北...,查找
[2021-9-3],平菇,¥5.00,¥10.00,¥8.00,元/千克(kg) ,江苏凌家塘农副产品批发市场,查找
[2021-9-3],平菇,¥6.00,¥8.00,¥7.00,元/千克(kg) ,安徽合肥周谷堆农产品批发市场,查找
[2021-9-3],平菇,¥4.00,¥8.00,¥6.00,元/千克(kg) ,山西太原丈子头农产品物流园（原城东利民）,查找
[2021-9-3],平菇,¥11.00,¥12.00,¥11.50,元/千克(kg) ,重庆双福国际农贸城,查找
[2021-9-3],南瓜,¥2.00,¥4.00,¥3.00,元/千克(kg) ,四川成都龙泉聚和(国际)果蔬菜交易中心,查找
[2021-9-3],南瓜,¥2.80,¥4.80,¥3.80,元/千克(kg) ,乌鲁木齐北园春（集团）有限责任公司北...,查找
[2021-9-3],南瓜,¥1.60,¥1.60,¥1.60,元/千克(kg) ,晋城市绿盛农工商实业有限公司农副产品...,查找
[2021-9-3],西红柿,¥3.00,¥0.00,¥3.00,元/千克(kg) ,新疆兵团第五师三和农副产品综合批发市场,查找
[2021-9-3],南瓜,¥1.72,¥4.00,¥3.08,元/千克(kg) ,浙江嘉兴蔬菜批发交易市场,查找
[2021-9-3],南瓜,¥1.10,¥1.40,¥1.30,元/千克(kg) ,湖南长沙马王堆农产品股份有限公司,查找
[2021-9-3],南瓜,¥2.00,¥2.20,¥2.10,元/千克(kg) ,马鞍山市安民农副产品贸易有限公司,查找
[2021-9-3],南瓜,¥0.00,¥0.00,¥2.00,元/千克(kg) ,山东滨州(六街）鲁北蔬菜批发市场,查找
[2021-9-3],南瓜,¥0.00,¥0.00,¥1.40,元/千克(kg) ,贵阳地利农产品物流园有限公司,查找
[2021-9-3],南瓜,¥0.00,¥0.00,¥4.00,元/千克(kg) ,绍兴市蔬菜果品批发交易市场有限公司,查找
[2021-9-3],苦瓜,¥4.00,¥5.00,¥4.50,元/千克(kg) ,重庆双福国际农贸城,查找
[2021-9-3],苦瓜,¥2.00,¥4.00,¥3.00,元/千克(kg) ,山西太原丈子头农产品物流园（原城东利民）,查找
[2021-9-3],苦瓜,¥6.00,¥9.00,¥8.00,元/千克(kg) ,呼和浩特市东瓦窑农副产品批发市场有限...,查找
[2021-9-3],苦瓜,¥6.00,¥0.00,¥7.00,元/千克(kg) ,新疆兵团第五师三和农副产品综合批发市场,查找
[2021-9-3],苦瓜,¥3.20,¥3.80,¥3.50,元/千克(kg) ,湖北省孝感市南大农产品批发市场,查找
[2021-9-3],苦瓜,¥4.00,¥6.00,¥5.00,元/千克(kg) ,四川成都龙泉聚和(国际)果蔬菜交易中心,查找
[2021-9-3],苦瓜,¥0.00,¥0.00,¥6.40,元/千克(kg) ,绵阳市高水农副产品批发有限公司,查找
[2021-9-3],苦瓜,¥6.00,¥6.00,¥6.00,元/千克(kg) ,湖南吉首市蔬菜果品批发大市场,查找
[2021-9-3],苦瓜,¥3.00,¥5.00,¥4.00,元/千克(kg) ,天津韩家墅海吉星农产品物流有限公司,查找
[2021-9-3],苦瓜,¥4.50,¥7.50,¥6.00,元/千克(kg) ,广东汕头农副产品批发中心市场,查找
[2021-9-3],苦瓜,¥5.00,¥7.00,¥6.00,元/千克(kg) ,乌鲁木齐北园春（集团）有限责任公司北...,查找
[2021-9-3],苦瓜,¥4.00,¥4.00,¥4.00,元/千克(kg) ,晋城市绿盛农工商实业有限公司农副产品...,查找
[2021-9-3],苦瓜,¥6.00,¥7.20,¥6.60,元/千克(kg) ,福建福鼎闽浙边界农贸中心市场,查找
[2021-9-3],苦瓜,¥4.50,¥5.74,¥5.12,元/千克(kg) ,浙江嘉兴蔬菜批发交易市场,查找
[2021-9-3],苦瓜,¥2.20,¥3.50,¥2.40,元/千克(kg) ,佛山中南农产品交易中心,查找
[2021-9-3],青椒,¥5.60,¥7.15,¥6.38,元/千克(kg) ,浙江嘉兴蔬菜批发交易市场,查找
[2021-9-3],青椒,¥1.60,¥3.00,¥2.40,元/千克(kg) ,甘肃酒泉春光农产品市场有限责任公司,查找
[2021-9-3],青椒,¥2.00,¥3.60,¥3.20,元/千克(kg) ,山东临邑县临南蔬菜大市场,查找
[2021-9-3],青椒,¥3.00,¥4.80,¥3.90,元/千克(kg) ,广东汕头农副产品批发中心市场,查找
[2021-9-3],青椒,¥0.00,¥0.00,¥2.60,元/千克(kg) ,绵阳市高水农副产品批发有限公司,查找
[2021-9-3],青椒,¥2.80,¥3.00,¥2.90,元/千克(kg) ,湖南吉首市蔬菜果品批发大市场,查找
[2021-9-3],青椒,¥3.20,¥3.60,¥3.40,元/千克(kg) ,南京农副产品物流配送中心有限公司,查找
[2021-9-3],青椒,¥4.00,¥4.00,¥4.00,元/千克(kg) ,邯郸市(馆陶)金凤禽蛋农贸批发市场,查找
[2021-9-3],青椒,¥5.80,¥6.20,¥6.00,元/千克(kg) ,湖北省孝感市南大农产品批发市场,查找
[2021-9-3],青椒,¥2.60,¥3.60,¥3.00,元/千克(kg) ,呼和浩特市东瓦窑农副产品批发市场有限...,查找
[2021-9-3],青椒,¥3.00,¥0.00,¥3.00,元/千克(kg) ,新疆兵团第五师三和农副产品综合批发市场,查找
[2021-9-3],青椒,¥2.20,¥5.00,¥3.60,元/千克(kg) ,石家庄桥西蔬菜中心批发市场有限公司,查找
[2021-9-3],青椒,¥3.00,¥4.00,¥3.50,元/千克(kg) ,阜阳农产品中心批发市场,查找
[2021-9-3],青椒,¥0.00,¥0.00,¥4.00,元/千克(kg) ,河南濮阳宏进农副产品批发市场有限公司...,查找
[2021-9-3],青椒,¥3.60,¥4.20,¥3.90,元/千克(kg) ,安徽合肥周谷堆农产品批发市场,查找
[2021-9-3],青椒,¥5.00,¥6.00,¥5.60,元/千克(kg) ,云南通海金山蔬菜批发市场,查找
[2021-9-3],青椒,¥0.00,¥0.00,¥5.00,元/千克(kg) ,浙江金华农产品批发市场,查找
[2021-9-3],青椒,¥1.00,¥1.20,¥1.00,元/千克(kg) ,甘肃武山县蔬菜事业管理局,查找
[2021-9-3],青椒,¥2.60,¥5.00,¥4.00,元/千克(kg) ,江苏凌家塘农副产品批发市场,查找
[2021-9-3],青椒,¥2.60,¥3.00,¥2.80,元/千克(kg) ,山西新绛县蔬菜批发市场,查找
[2021-9-3],青椒,¥3.00,¥4.00,¥3.50,元/千克(kg) ,山西晋城绿欣农产品批发交易中心,查找
[2021-9-3],青椒,¥2.60,¥4.00,¥2.80,元/千克(kg) ,运城蔬菜批发市场,查找
[2021-9-3],青椒,¥3.80,¥4.50,¥4.10,元/千克(kg) ,上海市江桥批发市场经营管理有限公司,查找
[2021-9-3],青椒,¥0.00,¥0.00,¥3.20,元/千克(kg) ,山西汾阳市晋阳农副产品批发市场,查找
[2021-9-3],青椒,¥4.80,¥5.60,¥5.20,元/千克(kg) ,重庆双福国际农贸城,查找
[2021-9-3],西兰花,¥7.00,¥7.00,¥7.00,元/千克(kg) ,晋城市绿盛农工商实业有限公司农副产品...,查找
[2021-9-3],西兰花,¥0.00,¥0.00,¥7.00,元/千克(kg) ,贵阳地利农产品物流园有限公司,查找
[2021-9-3],西兰花,¥0.00,¥0.00,¥8.00,元/千克(kg) ,绍兴市蔬菜果品批发交易市场有限公司,查找
[2021-9-3],西兰花,¥3.70,¥4.90,¥4.30,元/千克(kg) ,佛山中南农产品交易中心,查找
[2021-9-3],西兰花,¥9.00,¥11.00,¥10.00,元/千克(kg) ,四川成都龙泉聚和(国际)果蔬菜交易中心,查找
[2021-9-3],西兰花,¥5.00,¥7.20,¥6.10,元/千克(kg) ,广东汕头农副产品批发中心市场,查找
[2021-9-3],菜花,¥0.00,¥0.00,¥3.00,元/千克(kg) ,山东宁津县东崔蔬菜批发市场,查找
[2021-9-3],菜花,¥5.60,¥6.00,¥5.60,元/千克(kg) ,江苏联谊农副产品批发市场,查找
[2021-9-3],菜花,¥5.00,¥7.00,¥6.00,元/千克(kg) ,乌鲁木齐北园春（集团）有限责任公司北...,查找
[2021-9-3],菜花,¥0.00,¥0.00,¥4.00,元/千克(kg) ,山东滨州(六街）鲁北蔬菜批发市场,查找
[2021-9-3],菜花,¥0.00,¥0.00,¥4.00,元/千克(kg) ,新疆绿珠九鼎农产品经营管理有限公司,查找
[2021-9-3],菜花,¥4.40,¥4.40,¥4.40,元/千克(kg) ,晋城市绿盛农工商实业有限公司农副产品...,查找
[2021-9-3],菜花,¥0.00,¥0.00,¥6.60,元/千克(kg) ,贵阳地利农产品物流园有限公司,查找
[2021-9-3],菜花,¥7.20,¥9.00,¥8.00,元/千克(kg) ,青岛市城阳蔬菜水产品批发市场有限公司,查找
[2021-9-3],菜花,¥6.00,¥6.60,¥6.30,元/千克(kg) ,广西新柳邕农产品批发市场有限公司,查找
[2021-9-3],菜花,¥3.20,¥4.00,¥3.50,元/千克(kg) ,佛山中南农产品交易中心,查找
[2021-9-3],菜花,¥4.00,¥6.00,¥5.00,元/千克(kg) ,四川成都龙泉聚和(国际)果蔬菜交易中心,查找
[2021-9-3],菜花,¥3.60,¥5.40,¥4.50,元/千克(kg) ,广东汕头农副产品批发中心市场,查找
[2021-9-3],菜花,¥5.00,¥5.60,¥5.40,元/千克(kg) ,河北秦皇岛昌黎农副产品批发市场,查找
[2021-9-3],菜花,¥4.40,¥6.60,¥5.49,元/千克(kg) ,浙江嘉兴蔬菜批发交易市场,查找
[2021-9-3],菜花,¥6.00,¥8.00,¥7.00,元/千克(kg) ,上海农产品中心批发市场经营管理有限公司,查找
[2021-9-3],菜花,¥1.60,¥2.40,¥2.00,元/千克(kg) ,吉林省辽源市仙城物流园区有限公司,查找
[2021-9-3],菜花,¥4.80,¥5.20,¥5.00,元/千克(kg) ,阳泉蔬菜副食有限公司,查找
[2021-9-3],菜花,¥5.60,¥6.00,¥5.80,元/千克(kg) ,湖南长沙马王堆农产品股份有限公司,查找
[2021-9-3],菜花,¥7.00,¥8.00,¥7.60,元/千克(kg) ,福建福鼎闽浙边界农贸中心市场,查找
[2021-11-12],白萝卜,¥1.20,¥2.40,¥1.80,元/千克(kg) ,三门峡金河农产品批发交易中心,查找
[2021-11-12],大白菜,¥2.00,¥2.60,¥2.30,元/千克(kg) ,三门峡金河农产品批发交易中心,查找
[2021-11-12],白萝卜,¥2.00,¥2.40,¥2.20,元/千克(kg) ,南京农副产品物流配送中心有限公司,查找
[2021-11-12],大白菜,¥3.00,¥3.00,¥3.00,元/千克(kg) ,内蒙包头市友谊蔬菜批发市场,查找
[2021-11-12],大白菜,¥0.80,¥1.00,¥0.89,元/千克(kg) ,乐亭县冀东果菜批发市场,查找
[2021-11-12],红萝卜,¥0.84,¥1.20,¥0.96,元/千克(kg) ,乐亭县冀东果菜批发市场,查找
[2021-11-12],红萝卜,¥1.60,¥2.40,¥2.00,元/千克(kg) ,三门峡金河农产品批发交易中心,查找
[2021-11-12],大白菜,¥3.00,¥3.40,¥3.20,元/千克(kg) ,南京农副产品物流配送中心有限公司,查找
[2021-11-12],萝卜,¥2.00,¥2.40,¥2.24,元/千克(kg) ,乐亭县冀东果菜批发市场,查找
[2021-11-12],茴香,¥5.00,¥5.00,¥5.00,元/千克(kg) ,乐亭县冀东果菜批发市场,查找
[2021-11-12],蒜苗,¥6.00,¥6.80,¥6.40,元/千克(kg) ,三门峡金河农产品批发交易中心,查找
[2021-11-12],蒜苗,¥6.00,¥6.00,¥6.00,元/千克(kg) ,乐亭县冀东果菜批发市场,查找
[2021-11-12],小葱,¥4.00,¥4.40,¥4.20,元/千克(kg) ,三门峡金河农产品批发交易中心,查找
[2021-11-12],葱,¥2.00,¥3.60,¥3.00,元/千克(kg) ,乐亭县冀东果菜批发市场,查找
[2021-11-12],韭菜,¥3.00,¥5.60,¥4.76,元/千克(kg) ,乐亭县冀东果菜批发市场,查找
[2021-11-12],韭菜,¥4.80,¥5.20,¥5.00,元/千克(kg) ,南京农副产品物流配送中心有限公司,查找
[2021-11-12],葱头,¥2.00,¥2.00,¥2.00,元/千克(kg) ,内蒙包头市友谊蔬菜批发市场,查找
[2021-11-12],葱头,¥2.60,¥3.00,¥2.80,元/千克(kg) ,山西太原丈子头农产品物流园（原城东利民）,查找
[2021-11-12],芋头,¥2.00,¥2.00,¥2.00,元/千克(kg) ,内蒙包头市友谊蔬菜批发市场,查找
[2021-11-12],山药,¥6.60,¥7.00,¥6.80,元/千克(kg) ,山西太原丈子头农产品物流园（原城东利民）,查找
[2021-11-12],香菜,¥16.00,¥16.00,¥16.00,元/千克(kg) ,内蒙包头市友谊蔬菜批发市场,查找
[2021-11-12],土豆,¥1.80,¥1.80,¥1.80,元/千克(kg) ,内蒙包头市友谊蔬菜批发市场,查找
[2021-11-12],土豆,¥2.20,¥2.40,¥2.30,元/千克(kg) ,山西太原丈子头农产品物流园（原城东利民）,查找
[2021-11-12],茼蒿,¥7.00,¥7.00,¥7.00,元/千克(kg) ,内蒙包头市友谊蔬菜批发市场,查找
[2021-11-12],胡萝卜,¥2.00,¥2.40,¥2.20,元/千克(kg) ,山西太原丈子头农产品物流园（原城东利民）,查找
[2021-9-3],黄瓜,¥2.00,¥4.00,¥3.00,元/千克(kg) ,山西太原丈子头农产品物流园（原城东利民）,查找
[2021-9-3],黄瓜,¥2.40,¥3.60,¥3.00,元/千克(kg) ,石家庄桥西蔬菜中心批发市场有限公司,查找
[2021-9-3],黄瓜,¥4.00,¥6.00,¥4.20,元/千克(kg) ,运城蔬菜批发市场,查找
[2021-9-3],黄瓜,¥0.00,¥0.00,¥4.60,元/千克(kg) ,河南濮阳宏进农副产品批发市场有限公司...,查找
[2021-9-3],黄瓜,¥0.00,¥0.00,¥4.00,元/千克(kg) ,山西汾阳市晋阳农副产品批发市场,查找
[2021-9-3],黄瓜,¥2.80,¥3.40,¥3.10,元/千克(kg) ,重庆双福国际农贸城,查找
[2021-9-3],黄瓜,¥4.00,¥5.00,¥4.50,元/千克(kg) ,阜阳农产品中心批发市场,查找
[2021-9-3],黄瓜,¥3.20,¥3.60,¥3.40,元/千克(kg) ,安徽合肥周谷堆农产品批发市场,查找
[2021-9-3],黄瓜,¥2.00,¥2.40,¥2.00,元/千克(kg) ,甘肃武山县蔬菜事业管理局,查找
[2021-9-3],黄瓜,¥2.00,¥5.00,¥3.60,元/千克(kg) ,江苏凌家塘农副产品批发市场,查找
[2021-9-3],黄瓜,¥0.00,¥0.00,¥3.00,元/千克(kg) ,江西永丰县农产品批发中心市场,查找
[2021-9-3],黄瓜,¥4.00,¥5.00,¥4.60,元/千克(kg) ,云南通海金山蔬菜批发市场,查找
[2021-9-3],黄瓜,¥0.00,¥0.00,¥4.60,元/千克(kg) ,浙江金华农产品批发市场,查找
[2021-9-3],黄瓜,¥3.00,¥0.00,¥3.00,元/千克(kg) ,新疆兵团第五师三和农副产品综合批发市场,查找
[2021-9-3],黄瓜,¥2.40,¥3.00,¥2.80,元/千克(kg) ,呼和浩特市东瓦窑农副产品批发市场有限...,查找
[2021-9-3],黄瓜,¥3.80,¥4.20,¥4.00,元/千克(kg) ,湖北省孝感市南大农产品批发市场,查找
[2021-9-3],黄瓜,¥3.60,¥4.00,¥3.80,元/千克(kg) ,湖南吉首市蔬菜果品批发大市场,查找
[2021-9-3],黄瓜,¥2.00,¥2.00,¥2.00,元/千克(kg) ,邯郸市(馆陶)金凤禽蛋农贸批发市场,查找
[2021-9-3],黄瓜,¥0.00,¥0.00,¥7.00,元/千克(kg) ,四川广安市邻水县农产品交易中心,查找
[2021-9-3],黄瓜,¥5.00,¥7.00,¥6.00,元/千克(kg) ,安徽安庆市龙狮桥蔬菜批发市场,查找
[2021-9-3],黄瓜,¥3.60,¥4.40,¥4.00,元/千克(kg) ,天津韩家墅海吉星农产品物流有限公司,查找
[2021-9-3],黄瓜,¥0.00,¥0.00,¥5.20,元/千克(kg) ,绵阳市高水农副产品批发有限公司,查找
[2021-9-3],黄瓜,¥4.00,¥6.00,¥5.00,元/千克(kg) ,四川成都龙泉聚和(国际)果蔬菜交易中心,查找
[2021-9-3],黄瓜,¥2.00,¥3.00,¥2.60,元/千克(kg) ,甘肃酒泉春光农产品市场有限责任公司,查找
[2021-9-3],黄瓜,¥2.00,¥4.60,¥3.30,元/千克(kg) ,广东汕头农副产品批发中心市场,查找
[2021-9-3],冬瓜,¥1.80,¥2.20,¥2.00,元/千克(kg) ,湖北省孝感市南大农产品批发市场,查找
[2021-9-3],冬瓜,¥0.00,¥0.00,¥1.60,元/千克(kg) ,绵阳市高水农副产品批发有限公司,查找
[2021-9-3],冬瓜,¥0.00,¥0.00,¥1.40,元/千克(kg) ,浙江金华农产品批发市场,查找
[2021-9-3],南瓜,¥1.80,¥2.00,¥1.90,元/千克(kg) ,石家庄桥西蔬菜中心批发市场有限公司,查找
[2021-9-3],南瓜,¥1.60,¥3.00,¥1.80,元/千克(kg) ,运城蔬菜批发市场,查找
[2021-9-3],南瓜,¥1.00,¥1.40,¥1.20,元/千克(kg) ,山西太原丈子头农产品物流园（原城东利民）,查找
[2021-9-3],南瓜,¥2.00,¥2.40,¥2.20,元/千克(kg) ,山西晋城绿欣农产品批发交易中心,查找
[2021-9-3],南瓜,¥1.10,¥1.20,¥1.20,元/千克(kg) ,山西新绛县蔬菜批发市场,查找
[2021-9-3],南瓜,¥1.20,¥5.00,¥2.00,元/千克(kg) ,江苏凌家塘农副产品批发市场,查找
[2021-9-3],南瓜,¥2.60,¥4.00,¥3.00,元/千克(kg) ,云南通海金山蔬菜批发市场,查找
[2021-9-3],南瓜,¥0.00,¥0.00,¥2.00,元/千克(kg) ,浙江金华农产品批发市场,查找
[2021-9-3],南瓜,¥1.00,¥1.60,¥1.30,元/千克(kg) ,重庆双福国际农贸城,查找
[2021-9-3],南瓜,¥1.60,¥1.80,¥1.70,元/千克(kg) ,安徽合肥周谷堆农产品批发市场,查找
[2021-9-3],南瓜,¥2.40,¥5.00,¥4.80,元/千克(kg) ,呼和浩特市东瓦窑农副产品批发市场有限...,查找
[2021-9-3],南瓜,¥4.00,¥0.00,¥4.00,元/千克(kg) ,新疆兵团第五师三和农副产品综合批发市场,查找
[2021-9-3],南瓜,¥2.80,¥3.20,¥3.00,元/千克(kg) ,湖北省孝感市南大农产品批发市场,查找
[2021-9-3],南瓜,¥0.00,¥0.00,¥1.40,元/千克(kg) ,绵阳市高水农副产品批发有限公司,查找
[2021-9-3],南瓜,¥3.00,¥3.00,¥3.00,元/千克(kg) ,邯郸市(馆陶)金凤禽蛋农贸批发市场,查找
[2021-9-3],南瓜,¥1.20,¥1.60,¥1.40,元/千克(kg) ,湖南吉首市蔬菜果品批发大市场,查找
[2021-9-3],南瓜,¥0.00,¥0.00,¥3.00,元/千克(kg) ,四川广安市邻水县农产品交易中心,查找
[2021-9-3],南瓜,¥3.20,¥5.00,¥4.10,元/千克(kg) ,安徽安庆市龙狮桥蔬菜批发市场,查找
[2021-9-3],南瓜,¥1.80,¥3.00,¥2.40,元/千克(kg) ,天津韩家墅海吉星农产品物流有限公司,查找
[2021-9-3],南瓜,¥3.00,¥5.00,¥4.00,元/千克(kg) ,上海农产品中心批发市场经营管理有限公司,查找
[2021-9-3],南瓜,¥1.60,¥2.00,¥1.70,元/千克(kg) ,甘肃酒泉春光农产品市场有限责任公司,查找
[2021-9-3],南瓜,¥0.80,¥1.60,¥1.20,元/千克(kg) ,广东汕头农副产品批发中心市场,查找
[2021-9-3],苦瓜,¥2.80,¥3.50,¥3.15,元/千克(kg) ,武汉白沙洲农副产品大市场有限公司,查找
[2021-9-3],苦瓜,¥0.00,¥0.00,¥6.00,元/千克(kg) ,新疆绿珠九鼎农产品经营管理有限公司,查找
[2021-9-3],苦瓜,¥0.00,¥0.00,¥4.40,元/千克(kg) ,贵阳地利农产品物流园有限公司,查找
[2021-9-3],苦瓜,¥0.00,¥0.00,¥4.00,元/千克(kg) ,绍兴市蔬菜果品批发交易市场有限公司,查找
[2021-9-3],苦瓜,¥5.40,¥5.60,¥5.50,元/千克(kg) ,山西晋城绿欣农产品批发交易中心,查找
[2021-9-3],苦瓜,¥2.60,¥4.00,¥3.60,元/千克(kg) ,江苏凌家塘农副产品批发市场,查找
[2021-9-3],苦瓜,¥4.00,¥6.00,¥5.00,元/千克(kg) ,石家庄桥西蔬菜中心批发市场有限公司,查找
[2021-9-3],苦瓜,¥2.60,¥4.00,¥2.80,元/千克(kg) ,运城蔬菜批发市场,查找
[2021-9-3],苦瓜,¥0.00,¥0.00,¥3.00,元/千克(kg) ,江西永丰县农产品批发中心市场,查找
[2021-9-3],苦瓜,¥5.00,¥6.00,¥5.60,元/千克(kg) ,云南通海金山蔬菜批发市场,查找
[2021-9-3],苦瓜,¥0.00,¥0.00,¥5.00,元/千克(kg) ,浙江金华农产品批发市场,查找
[2021-9-3],苦瓜,¥0.00,¥0.00,¥2.00,元/千克(kg) ,河南濮阳宏进农副产品批发市场有限公司...,查找
[2021-9-3],西葫芦,¥1.00,¥2.00,¥1.80,元/千克(kg) ,甘肃酒泉春光农产品市场有限责任公司,查找
[2021-9-3],西葫芦,¥0.00,¥0.00,¥7.00,元/千克(kg) ,绵阳市高水农副产品批发有限公司,查找
[2021-9-3],西葫芦,¥3.00,¥3.00,¥3.00,元/千克(kg) ,邯郸市(馆陶)金凤禽蛋农贸批发市场,查找
[2021-9-3],西葫芦,¥5.00,¥5.00,¥5.00,元/千克(kg) ,湖南吉首市蔬菜果品批发大市场,查找
[2021-9-3],西葫芦,¥0.00,¥0.00,¥8.00,元/千克(kg) ,四川广安市邻水县农产品交易中心,查找
[2021-9-3],西葫芦,¥5.00,¥6.00,¥5.50,元/千克(kg) ,安徽安庆市龙狮桥蔬菜批发市场,查找
[2021-9-3],西葫芦,¥3.00,¥5.00,¥4.00,元/千克(kg) ,天津韩家墅海吉星农产品物流有限公司,查找
[2021-9-3],西葫芦,¥4.00,¥6.00,¥5.00,元/千克(kg) ,上海农产品中心批发市场经营管理有限公司,查找
[2021-9-3],西葫芦,¥1.80,¥2.20,¥2.00,元/千克(kg) ,阳泉蔬菜副食有限公司,查找
[2021-9-3],西葫芦,¥2.80,¥6.66,¥5.00,元/千克(kg) ,浙江嘉兴蔬菜批发交易市场,查找
[2021-9-3],西葫芦,¥2.00,¥2.60,¥2.40,元/千克(kg) ,河北秦皇岛昌黎农副产品批发市场,查找
[2021-9-3],西葫芦,¥3.50,¥5.50,¥4.50,元/千克(kg) ,乌鲁木齐北园春（集团）有限责任公司北...,查找
[2021-9-3],西葫芦,¥0.00,¥0.00,¥4.30,元/千克(kg) ,新疆绿珠九鼎农产品经营管理有限公司,查找
[2021-11-12],茼蒿,¥8.00,¥10.00,¥9.00,元/千克(kg) ,山东青岛黄河路农产品批发市场,查找
[2021-11-12],茼蒿,¥6.00,¥7.00,¥6.50,元/千克(kg) ,辽宁朝阳市果菜批发市场,查找
[2021-11-12],茼蒿,¥0.00,¥0.00,¥5.00,元/千克(kg) ,新疆绿珠九鼎农产品经营管理有限公司,查找
[2021-11-12],茼蒿,¥4.00,¥5.00,¥4.20,元/千克(kg) ,河北魏县天仙果菜批发交易市场,查找
[2021-11-12],茼蒿,¥12.00,¥18.00,¥15.00,元/千克(kg) ,浙江嘉善曹安农产品批发有限公司,查找
[2021-11-12],茼蒿,¥5.00,¥7.00,¥6.00,元/千克(kg) ,新疆九鼎恒兴蔬菜经营管理有限公司,查找
[2021-11-12],茼蒿,¥10.00,¥10.00,¥10.00,元/千克(kg) ,黑龙江鹤岗市万圃源蔬菜有限责任公司,查找
[2021-11-12],茼蒿,¥5.00,¥13.00,¥6.50,元/千克(kg) ,滕州市农副产品物流中心有限公司,查找
[2021-11-12],茼蒿,¥4.60,¥5.20,¥5.05,元/千克(kg) ,中国寿光地利农产品物流园有限公司,查找
[2021-11-12],茼蒿,¥7.00,¥8.00,¥8.00,元/千克(kg) ,湖北鄂州市蟠龙蔬菜批发市场,查找
[2021-11-12],茼蒿,¥4.60,¥5.60,¥5.10,元/千克(kg) ,河南万邦国际农产品物流股份有限公司,查找
[2021-11-12],茼蒿,¥0.00,¥0.00,¥5.20,元/千克(kg) ,山东淄博市鲁中蔬菜批发市场,查找
[2021-11-12],茼蒿,¥4.00,¥5.60,¥4.80,元/千克(kg) ,河北秦皇岛海阳农副产品批发市场,查找
[2021-11-12],茼蒿,¥5.00,¥7.00,¥6.00,元/千克(kg) ,山东章丘蔬菜批发市场,查找
[2021-11-12],茼蒿,¥5.50,¥6.50,¥6.00,元/千克(kg) ,武汉白沙洲农副产品大市场有限公司,查找
[2021-11-12],茼蒿,¥3.60,¥6.00,¥4.80,元/千克(kg) ,徐州农副产品中心批发市场,查找
[2021-11-12],茼蒿,¥3.00,¥4.00,¥3.20,元/千克(kg) ,山东青岛莱西市东庄头蔬菜批发市场服务...,查找
[2021-11-12],茼蒿,¥9.00,¥10.00,¥9.50,元/千克(kg) ,陕西咸阳新阳光批发市场,查找
[2021-11-12],木耳菜,¥3.60,¥4.00,¥3.80,元/千克(kg) ,徐州农副产品中心批发市场,查找
[2021-11-12],木耳菜,¥9.00,¥10.00,¥9.50,元/千克(kg) ,北京朝阳区大洋路综合市场,查找
[2021-11-12],木耳菜,¥7.00,¥8.00,¥7.50,元/千克(kg) ,陕西咸阳新阳光批发市场,查找
[2021-11-12],菠菜,¥5.70,¥16.20,¥9.10,元/千克(kg) ,广州江南果菜批发市场经营管理有限公司,查找
[2021-11-12],菠菜,¥6.00,¥7.00,¥6.50,元/千克(kg) ,河北秦皇岛海阳农副产品批发市场,查找
[2021-11-12],菠菜,¥10.00,¥14.00,¥12.00,元/千克(kg) ,浙江宁波市蔬菜副食品批发交易市场,查找
[2021-11-12],菠菜,¥6.00,¥8.00,¥8.00,元/千克(kg) ,湖北鄂州市蟠龙蔬菜批发市场,查找
[2021-9-3],白萝卜,¥1.40,¥2.00,¥1.80,元/千克(kg) ,乐亭县冀东果菜批发市场,查找
[2021-9-3],红萝卜,¥1.00,¥2.40,¥1.50,元/千克(kg) ,乐亭县冀东果菜批发市场,查找
[2021-9-3],红萝卜,¥1.60,¥2.40,¥2.00,元/千克(kg) ,三门峡金河农产品批发交易中心,查找
[2021-9-3],茴香,¥3.00,¥5.00,¥4.20,元/千克(kg) ,乐亭县冀东果菜批发市场,查找
[2021-9-3],蒜苗,¥2.60,¥3.00,¥2.80,元/千克(kg) ,三门峡金河农产品批发交易中心,查找
[2021-9-3],绿尖椒,¥5.00,¥6.00,¥5.50,元/千克(kg) ,徐州农副产品中心批发市场,查找
[2021-9-3],尖椒,¥2.60,¥3.00,¥2.80,元/千克(kg) ,山西省太原市河西农产品有限公司,查找
[2021-9-3],尖椒,¥3.00,¥0.00,¥3.00,元/千克(kg) ,河北省怀来县京西果菜批发市场有限责任公司,查找
[2021-9-3],尖椒,¥7.00,¥9.00,¥8.00,元/千克(kg) ,浙江嘉善曹安农产品批发有限公司,查找
[2021-9-3],尖椒,¥0.00,¥0.00,¥3.00,元/千克(kg) ,孝义市绿海蔬菜批发销售有限公司,查找
[2021-9-3],尖椒,¥3.00,¥4.00,¥3.50,元/千克(kg) ,陕西咸阳新阳光批发市场,查找
[2021-9-3],尖椒,¥2.60,¥3.20,¥2.70,元/千克(kg) ,河北魏县天仙果菜批发交易市场,查找
[2021-9-3],尖椒,¥3.00,¥4.50,¥4.00,元/千克(kg) ,新疆九鼎恒兴蔬菜经营管理有限公司,查找
[2021-9-3],尖椒,¥3.00,¥5.00,¥4.00,元/千克(kg) ,大连双兴商品城有限公司,查找
[2021-9-3],尖椒,¥3.60,¥4.40,¥4.40,元/千克(kg) ,山东威海市农副产品批发市场,查找
[2021-9-3],尖椒,¥3.00,¥6.00,¥5.40,元/千克(kg) ,青岛抚顺路蔬菜副食品批发市场股份有限公司,查找
[2021-9-3],尖椒,¥0.00,¥0.00,¥4.40,元/千克(kg) ,安徽省淮北市中瑞农产品批发市场,查找
[2021-9-3],尖椒,¥3.40,¥3.40,¥3.40,元/千克(kg) ,陕西泾云现代农业股份有限公司云阳蔬菜...,查找
[2021-9-3],小葱,¥2.00,¥2.80,¥2.40,元/千克(kg) ,三门峡金河农产品批发交易中心,查找
[2021-9-3],尖椒,¥4.00,¥4.00,¥4.00,元/千克(kg) ,内蒙包头市友谊蔬菜批发市场,查找
[2021-9-3],尖椒,¥2.00,¥3.00,¥2.50,元/千克(kg) ,北京顺鑫石门农副产品批发市场,查找
[2021-9-3],尖椒,¥0.80,¥5.40,¥3.76,元/千克(kg) ,中国寿光地利农产品物流园有限公司,查找
[2021-9-3],尖椒,¥3.00,¥4.00,¥3.20,元/千克(kg) ,北京京丰岳各庄农副产品批发市场,查找
[2021-9-3],尖椒,¥3.00,¥4.00,¥3.50,元/千克(kg) ,辽宁朝阳市果菜批发市场,查找
[2021-9-3],尖椒,¥1.00,¥2.40,¥2.00,元/千克(kg) ,山东青岛莱西市东庄头蔬菜批发市场服务...,查找
[2021-9-3],西红柿,¥3.00,¥3.00,¥3.00,元/千克(kg) ,晋城市绿盛农工商实业有限公司农副产品...,查找
[2021-9-3],西红柿,¥0.00,¥0.00,¥1.60,元/千克(kg) ,贵阳地利农产品物流园有限公司,查找
[2021-9-3],西兰花,¥6.98,¥10.80,¥9.58,元/千克(kg) ,浙江嘉兴蔬菜批发交易市场,查找
[2021-9-3],西兰花,¥9.60,¥10.00,¥9.80,元/千克(kg) ,湖南吉首市蔬菜果品批发大市场,查找
[2021-9-3],西兰花,¥5.60,¥5.60,¥5.60,元/千克(kg) ,邯郸市(馆陶)金凤禽蛋农贸批发市场,查找
[2021-9-3],西兰花,¥0.00,¥0.00,¥11.60,元/千克(kg) ,四川广安市邻水县农产品交易中心,查找
[2021-9-3],西兰花,¥0.00,¥0.00,¥9.40,元/千克(kg) ,绵阳市高水农副产品批发有限公司,查找
[2021-9-3],西兰花,¥3.60,¥5.00,¥4.50,元/千克(kg) ,甘肃酒泉春光农产品市场有限责任公司,查找
[2021-9-3],西兰花,¥5.00,¥0.00,¥5.00,元/千克(kg) ,新疆兵团第五师三和农副产品综合批发市场,查找
[2021-9-3],西兰花,¥0.00,¥0.00,¥6.80,元/千克(kg) ,蚌埠海吉星农产品物流有限公司,查找
[2021-9-3],西兰花,¥5.80,¥6.20,¥6.00,元/千克(kg) ,湖北省孝感市南大农产品批发市场,查找
[2021-9-3],西兰花,¥6.40,¥8.00,¥7.00,元/千克(kg) ,呼和浩特市东瓦窑农副产品批发市场有限...,查找
[2021-9-3],西兰花,¥7.00,¥7.60,¥7.20,元/千克(kg) ,山西新绛县蔬菜批发市场,查找
[2021-9-3],西兰花,¥10.00,¥10.20,¥10.10,元/千克(kg) ,山西晋城绿欣农产品批发交易中心,查找
[2021-9-3],西兰花,¥7.80,¥8.60,¥8.20,元/千克(kg) ,重庆双福国际农贸城,查找
[2021-9-3],西兰花,¥8.00,¥9.00,¥8.50,元/千克(kg) ,石家庄桥西蔬菜中心批发市场有限公司,查找
[2021-9-3],西兰花,¥7.00,¥7.80,¥7.40,元/千克(kg) ,安徽合肥周谷堆农产品批发市场,查找
[2021-9-3],西兰花,¥4.00,¥8.00,¥6.00,元/千克(kg) ,山西太原丈子头农产品物流园（原城东利民）,查找
[2021-9-3],西兰花,¥11.00,¥14.00,¥12.00,元/千克(kg) ,阜阳农产品中心批发市场,查找
[2021-9-3],西兰花,¥0.00,¥0.00,¥10.00,元/千克(kg) ,河南濮阳宏进农副产品批发市场有限公司...,查找
[2021-9-3],西兰花,¥4.00,¥6.00,¥5.00,元/千克(kg) ,云南通海金山蔬菜批发市场,查找
[2021-9-3],西兰花,¥6.00,¥8.00,¥7.00,元/千克(kg) ,江苏凌家塘农副产品批发市场,查找
[2021-9-3],西兰花,¥5.00,¥7.00,¥6.00,元/千克(kg) ,乌鲁木齐北园春（集团）有限责任公司北...,查找
[2021-9-3],西兰花,¥0.00,¥0.00,¥7.00,元/千克(kg) ,山东滨州(六街）鲁北蔬菜批发市场,查找
[2021-9-3],西兰花,¥0.00,¥0.00,¥5.50,元/千克(kg) ,新疆绿珠九鼎农产品经营管理有限公司,查找
[2021-9-3],西红柿,¥2.00,¥5.50,¥3.80,元/千克(kg) ,广州江南果菜批发市场经营管理有限公司,查找
[2021-9-3],西红柿,¥3.00,¥5.00,¥4.00,元/千克(kg) ,邵阳市江北农产品批发大市场,查找
[2021-9-3],西红柿,¥3.20,¥4.40,¥3.80,元/千克(kg) ,南昌深圳农产品中心批发市场有限公司,查找
[2021-9-3],空心菜,¥3.20,¥6.40,¥4.00,元/千克(kg) ,乐亭县冀东果菜批发市场,查找
[2021-9-3],西红柿,¥3.00,¥4.60,¥3.80,元/千克(kg) ,辽宁朝阳市果菜批发市场,查找
[2021-9-3],西红柿,¥0.40,¥7.36,¥3.86,元/千克(kg) ,福建省福州市海峡蔬菜批发市场,查找
[2021-9-3],西红柿,¥2.80,¥3.80,¥3.30,元/千克(kg) ,安徽亳州农产品有限责任公司,查找
[2021-9-3],西红柿,¥1.00,¥4.20,¥3.60,元/千克(kg) ,山东青岛莱西市东庄头蔬菜批发市场服务...,查找
[2021-9-3],西红柿,¥2.80,¥3.60,¥3.20,元/千克(kg) ,三门峡金河农产品批发交易中心,查找
[2021-9-3],西红柿,¥4.00,¥4.40,¥4.20,元/千克(kg) ,山西省长治市紫坊农产品综合交易市场有...,查找
[2021-9-3],西红柿,¥3.00,¥5.00,¥4.00,元/千克(kg) ,山东章丘蔬菜批发市场,查找
[2021-9-3],西红柿,¥1.40,¥2.60,¥2.12,元/千克(kg) ,乐亭县冀东果菜批发市场,查找
[2021-9-3],西红柿,¥4.00,¥4.00,¥4.00,元/千克(kg) ,天津何庄子鲜活农产品中心批发市场,查找
[2021-9-3],西红柿,¥4.00,¥5.00,¥4.50,元/千克(kg) ,江苏宜兴市瑞德蔬菜果品批发市场有限公司,查找
[2021-9-3],西红柿,¥4.40,¥6.00,¥5.20,元/千克(kg) ,山东青岛黄河路农产品批发市场,查找
[2021-9-3],西红柿,¥2.40,¥4.80,¥3.60,元/千克(kg) ,河北秦皇岛海阳农副产品批发市场,查找
[2021-9-3],西红柿,¥0.00,¥0.00,¥4.60,元/千克(kg) ,山东淄博市鲁中蔬菜批发市场,查找
[2021-9-3],西红柿,¥2.40,¥3.00,¥2.70,元/千克(kg) ,辽宁鞍山宁远农产品批发市场,查找
[2021-9-3],西兰花,¥6.20,¥6.60,¥6.40,元/千克(kg) ,江西乐平市蔬菜批发大市场,查找
[2021-9-3],西兰花,¥5.00,¥5.00,¥5.00,元/千克(kg) ,内蒙包头市友谊蔬菜批发市场,查找
[2021-9-3],西兰花,¥3.60,¥5.00,¥4.30,元/千克(kg) ,北京顺鑫石门农副产品批发市场,查找
[2021-9-3],西兰花,¥5.07,¥9.78,¥8.20,元/千克(kg) ,中国寿光地利农产品物流园有限公司,查找
[2021-9-3],西兰花,¥6.60,¥7.60,¥7.10,元/千克(kg) ,山西省太原市河西农产品有限公司,查找
[2021-9-3],西兰花,¥7.20,¥8.00,¥7.60,元/千克(kg) ,河南万邦国际农产品物流股份有限公司,查找
[2021-9-3],油麦菜,¥3.00,¥3.80,¥3.40,元/千克(kg) ,三门峡金河农产品批发交易中心,查找
[2021-9-3],莲藕,¥6.40,¥6.40,¥6.40,元/千克(kg) ,陕西泾云现代农业股份有限公司云阳蔬菜...,查找
[2021-9-3],莲藕,¥4.20,¥4.60,¥4.40,元/千克(kg) ,江西乐平市蔬菜批发大市场,查找
[2021-9-3],莲藕,¥8.00,¥9.00,¥8.50,元/千克(kg) ,山西省长治市紫坊农产品综合交易市场有...,查找
[2021-9-3],莲藕,¥12.00,¥14.00,¥13.00,元/千克(kg) ,山东青岛黄河路农产品批发市场,查找
[2021-9-3],莲藕,¥6.80,¥7.60,¥7.20,元/千克(kg) ,遵义金土地绿色产品交易有限公司,查找
[2021-9-3],莲藕,¥6.00,¥8.00,¥7.00,元/千克(kg) ,山东章丘蔬菜批发市场,查找
[2021-9-3],莲藕,¥6.00,¥8.00,¥7.00,元/千克(kg) ,安徽亳州农产品有限责任公司,查找
[2021-9-3],莲藕,¥6.00,¥7.60,¥6.80,元/千克(kg) ,南昌深圳农产品中心批发市场有限公司,查找
[2021-9-3],莲藕,¥7.00,¥8.00,¥7.60,元/千克(kg) ,湖北省洪湖农贸市场,查找
[2021-9-3],莲藕,¥7.00,¥9.00,¥8.00,元/千克(kg) ,邵阳市江北农产品批发大市场,查找
[2021-9-3],莲藕,¥14.00,¥14.00,¥14.00,元/千克(kg) ,内蒙包头市友谊蔬菜批发市场,查找
[2021-9-3],莲藕,¥12.00,¥12.00,¥12.00,元/千克(kg) ,黑龙江鹤岗市万圃源蔬菜有限责任公司,查找
[2021-9-3],莲藕,¥0.00,¥0.00,¥6.20,元/千克(kg) ,安徽省淮北市中瑞农产品批发市场,查找
[2021-9-3],莲藕,¥5.40,¥6.00,¥5.60,元/千克(kg) ,河北魏县天仙果菜批发交易市场,查找
[2021-9-3],莲藕,¥7.00,¥9.00,¥8.00,元/千克(kg) ,湖北浠水农产品批发市场,查找
[2021-9-3],莲藕,¥6.80,¥7.20,¥7.00,元/千克(kg) ,河南万邦国际农产品物流股份有限公司,查找
[2021-9-3],莲藕,¥7.00,¥10.00,¥7.40,元/千克(kg) ,青岛抚顺路蔬菜副食品批发市场股份有限公司,查找
[2021-9-3],莲藕,¥6.00,¥7.00,¥6.50,元/千克(kg) ,陕西咸阳新阳光批发市场,查找
[2021-9-3],莲藕,¥7.00,¥9.00,¥8.00,元/千克(kg) ,新疆九鼎恒兴蔬菜经营管理有限公司,查找
[2021-9-3],青笋,¥0.00,¥0.00,¥3.80,元/千克(kg) ,四川雅安市汉源县九襄农产品批发市场,查找
[2021-9-3],青笋,¥3.40,¥4.60,¥4.00,元/千克(kg) ,河南万邦国际农产品物流股份有限公司,查找
[2021-9-3],莴笋,¥3.50,¥5.50,¥4.50,元/千克(kg) ,邵阳市江北农产品批发大市场,查找
[2021-9-3],莴笋,¥2.00,¥2.40,¥2.20,元/千克(kg) ,南昌深圳农产品中心批发市场有限公司,查找
[2021-9-3],莴笋,¥2.60,¥2.80,¥2.70,元/千克(kg) ,遵义金土地绿色产品交易有限公司,查找
[2021-9-3],莴笋,¥5.00,¥6.00,¥5.50,元/千克(kg) ,江苏宜兴市瑞德蔬菜果品批发市场有限公司,查找
[2021-9-3],芹菜,¥3.00,¥3.60,¥3.30,元/千克(kg) ,河南商丘市农产品中心批发市场,查找
[2021-9-3],芹菜,¥2.00,¥3.20,¥3.00,元/千克(kg) ,中国寿光地利农产品物流园有限公司,查找
[2021-9-3],芹菜,¥3.40,¥4.00,¥3.70,元/千克(kg) ,山西省太原市河西农产品有限公司,查找
[2021-9-3],芹菜,¥8.00,¥13.00,¥10.50,元/千克(kg) ,浙江嘉善曹安农产品批发有限公司,查找
[2021-9-3],芹菜,¥5.80,¥8.40,¥7.00,元/千克(kg) ,浙江宁波市蔬菜副食品批发交易市场,查找
[2021-9-3],芹菜,¥1.50,¥3.20,¥2.40,元/千克(kg) ,乐亭县冀东果菜批发市场,查找
[2021-9-3],芹菜,¥2.60,¥3.00,¥2.60,元/千克(kg) ,天津何庄子鲜活农产品中心批发市场,查找
[2021-9-3],芹菜,¥4.00,¥6.00,¥5.00,元/千克(kg) ,徐州农副产品中心批发市场,查找
[2021-9-3],芹菜,¥5.00,¥7.00,¥6.00,元/千克(kg) ,马鞍山市安民农副产品贸易有限公司,查找
[2021-9-3],大白菜,¥0.80,¥1.20,¥0.90,元/千克(kg) ,乐亭县冀东果菜批发市场,查找
[2021-9-3],芹菜,¥0.00,¥0.00,¥6.14,元/千克(kg) ,江苏无锡朝阳农产品大市场,查找
[2021-9-3],芹菜,¥5.40,¥6.20,¥5.80,元/千克(kg) ,江西乐平市蔬菜批发大市场,查找
[2021-9-3],芹菜,¥5.00,¥5.00,¥5.00,元/千克(kg) ,内蒙包头市友谊蔬菜批发市场,查找
[2021-9-3],芹菜,¥1.60,¥3.00,¥2.30,元/千克(kg) ,北京顺鑫石门农副产品批发市场,查找
[2021-9-3],芹菜,¥0.00,¥0.00,¥3.00,元/千克(kg) ,山西临汾尧丰农副产品批发市场,查找
[2021-9-3],芹菜,¥3.00,¥3.60,¥3.30,元/千克(kg) ,河南万邦国际农产品物流股份有限公司,查找
[2021-9-3],芹菜,¥0.00,¥0.00,¥1.40,元/千克(kg) ,孝义市绿海蔬菜批发销售有限公司,查找
[2021-9-3],芹菜,¥4.00,¥5.00,¥4.50,元/千克(kg) ,陕西咸阳新阳光批发市场,查找
[2021-9-3],芹菜,¥1.40,¥1.80,¥1.60,元/千克(kg) ,新疆九鼎恒兴蔬菜经营管理有限公司,查找
[2021-9-3],芹菜,¥3.00,¥4.00,¥3.50,元/千克(kg) ,大连双兴商品城有限公司,查找
[2021-9-3],芹菜,¥3.20,¥3.60,¥3.60,元/千克(kg) ,山东威海市农副产品批发市场,查找
[2021-9-3],芹菜,¥2.80,¥3.20,¥3.00,元/千克(kg) ,天津武清大沙河批发市场,查找
[2021-9-3],芹菜,¥4.60,¥7.00,¥5.60,元/千克(kg) ,青岛市城阳蔬菜水产品批发市场有限公司,查找
[2021-9-3],芹菜,¥7.00,¥8.00,¥7.50,元/千克(kg) ,湖北浠水农产品批发市场,查找
[2021-9-3],芹菜,¥2.60,¥3.00,¥2.80,元/千克(kg) ,河北魏县天仙果菜批发交易市场,查找
[2021-9-3],空心菜,¥4.00,¥5.00,¥4.50,元/千克(kg) ,山西省长治市紫坊农产品综合交易市场有...,查找
[2021-9-3],空心菜,¥5.00,¥5.00,¥5.00,元/千克(kg) ,辽宁鞍山宁远农产品批发市场,查找
[2021-9-3],空心菜,¥2.80,¥3.00,¥2.90,元/千克(kg) ,徐州农副产品中心批发市场,查找
[2021-9-3],空心菜,¥5.00,¥5.50,¥5.50,元/千克(kg) ,新疆九鼎恒兴蔬菜经营管理有限公司,查找
[2021-9-3],空心菜,¥7.40,¥8.60,¥8.00,元/千克(kg) ,河南万邦国际农产品物流股份有限公司,查找
[2021-9-3],空心菜,¥4.00,¥4.40,¥4.20,元/千克(kg) ,江苏宜兴市瑞德蔬菜果品批发市场有限公司,查找
[2021-9-3],空心菜,¥3.60,¥4.40,¥4.00,元/千克(kg) ,南昌深圳农产品中心批发市场有限公司,查找
[2021-9-3],芥菜,¥4.50,¥5.00,¥5.00,元/千克(kg) ,新疆九鼎恒兴蔬菜经营管理有限公司,查找
[2021-9-3],芥菜,¥7.00,¥8.00,¥7.50,元/千克(kg) ,河南万邦国际农产品物流股份有限公司,查找
[2021-9-3],芥菜,¥4.00,¥5.00,¥4.50,元/千克(kg) ,江苏宜兴市瑞德蔬菜果品批发市场有限公司,查找
[2021-9-3],油麦菜,¥0.00,¥0.00,¥6.60,元/千克(kg) ,安徽省淮北市中瑞农产品批发市场,查找
[2021-9-3],油麦菜,¥4.00,¥5.40,¥4.70,元/千克(kg) ,湖北浠水农产品批发市场,查找
[2021-9-3],油麦菜,¥5.00,¥6.00,¥5.40,元/千克(kg) ,河北魏县天仙果菜批发交易市场,查找
[2021-9-3],油麦菜,¥3.60,¥4.00,¥3.80,元/千克(kg) ,山西省太原市河西农产品有限公司,查找
[2021-9-3],油麦菜,¥7.00,¥8.00,¥7.50,元/千克(kg) ,河南万邦国际农产品物流股份有限公司,查找
[2021-9-3],油麦菜,¥3.00,¥4.00,¥3.50,元/千克(kg) ,新疆九鼎恒兴蔬菜经营管理有限公司,查找
[2021-9-3],油麦菜,¥0.00,¥0.00,¥6.00,元/千克(kg) ,山东淄博市鲁中蔬菜批发市场,查找
[2021-9-3],油麦菜,¥3.00,¥5.00,¥4.00,元/千克(kg) ,河北秦皇岛海阳农副产品批发市场,查找
[2021-9-3],油麦菜,¥5.00,¥5.00,¥5.00,元/千克(kg) ,黑龙江鹤岗市万圃源蔬菜有限责任公司,查找
[2021-9-3],油麦菜,¥6.00,¥8.00,¥7.00,元/千克(kg) ,北京京丰岳各庄农副产品批发市场,查找
[2021-9-3],油麦菜,¥5.00,¥5.00,¥5.00,元/千克(kg) ,辽宁鞍山宁远农产品批发市场,查找
[2021-9-3],油麦菜,¥3.60,¥6.00,¥4.80,元/千克(kg) ,徐州农副产品中心批发市场,查找
[2021-9-3],油麦菜,¥4.00,¥6.00,¥5.00,元/千克(kg) ,山东章丘蔬菜批发市场,查找
[2021-9-3],油麦菜,¥6.00,¥7.00,¥6.50,元/千克(kg) ,山西省长治市紫坊农产品综合交易市场有...,查找
[2021-9-3],油麦菜,¥4.00,¥5.00,¥4.50,元/千克(kg) ,江苏宜兴市瑞德蔬菜果品批发市场有限公司,查找
[2021-12-28],葱,¥4.00,¥7.00,¥5.50,元/千克(kg) ,大连双兴商品城有限公司,查找
[2021-12-28],葱,¥0.00,¥0.00,¥6.00,元/千克(kg) ,浙江金华农产品批发市场,查找
[2021-12-28],韭苔,¥16.00,¥16.00,¥16.00,元/千克(kg) ,黑龙江鹤岗市万圃源蔬菜有限责任公司,查找
[2021-12-28],韭苔,¥10.00,¥16.00,¥12.00,元/千克(kg) ,江苏联谊农副产品批发市场,查找
[2021-12-28],韭苔,¥20.00,¥0.00,¥21.00,元/千克(kg) ,新疆兵团第五师三和农副产品综合批发市场,查找
[2021-12-28],韭苔,¥28.00,¥30.00,¥29.00,元/千克(kg) ,新疆克拉玛依农副产品批发市场,查找
[2021-12-28],韭苔,¥33.00,¥36.00,¥34.00,元/千克(kg) ,呼和浩特市东瓦窑农副产品批发市场有限...,查找
[2021-12-28],韭苔,¥5.20,¥6.00,¥5.60,元/千克(kg) ,河南万邦国际农产品物流股份有限公司,查找
[2021-12-28],韭菜,¥5.40,¥6.00,¥5.80,元/千克(kg) ,遵义金土地绿色产品交易有限公司,查找
[2021-12-28],韭菜,¥7.50,¥8.50,¥8.00,元/千克(kg) ,北京朝阳区大洋路综合市场,查找
[2021-12-28],韭菜,¥4.40,¥4.80,¥4.60,元/千克(kg) ,石家庄桥西蔬菜中心批发市场有限公司,查找
[2021-12-28],韭菜,¥6.00,¥7.00,¥6.50,元/千克(kg) ,北京八里桥农产品中心批发市场有限公司,查找
[2021-12-28],韭菜,¥10.20,¥11.40,¥10.40,元/千克(kg) ,福建福鼎闽浙边界农贸中心市场,查找
[2021-12-28],韭菜,¥5.60,¥6.00,¥5.80,元/千克(kg) ,上海农产品中心批发市场经营管理有限公司,查找
[2021-12-28],韭菜,¥4.00,¥5.00,¥4.50,元/千克(kg) ,徐州农副产品中心批发市场,查找
[2021-12-28],韭菜,¥5.40,¥5.60,¥5.47,元/千克(kg) ,中国寿光地利农产品物流园有限公司,查找
[2021-12-28],韭菜,¥5.00,¥6.40,¥6.00,元/千克(kg) ,江苏联谊农副产品批发市场,查找
[2021-12-28],韭菜,¥6.00,¥6.40,¥6.20,元/千克(kg) ,山西晋城绿欣农产品批发交易中心,查找
[2021-12-28],韭菜,¥0.00,¥0.00,¥7.00,元/千克(kg) ,山东滨州(六街）鲁北蔬菜批发市场,查找
[2021-12-28],韭菜,¥3.50,¥6.00,¥4.60,元/千克(kg) ,安徽六安市裕安区紫竹林农产品批发市场,查找
[2021-12-28],韭菜,¥5.35,¥8.39,¥6.87,元/千克(kg) ,浙江嘉兴蔬菜批发交易市场,查找
[2021-12-28],韭菜,¥0.00,¥0.00,¥6.20,元/千克(kg) ,安徽省淮北市中瑞农产品批发市场,查找
[2021-12-28],韭菜,¥0.00,¥0.00,¥5.10,元/千克(kg) ,天津碧城农产品批发市场,查找
[2021-12-28],韭菜,¥2.20,¥5.60,¥3.80,元/千克(kg) ,乐亭县冀东果菜批发市场,查找
[2021-12-28],韭菜,¥3.00,¥5.00,¥4.00,元/千克(kg) ,山东德州黑马农贸水产批发市场,查找
[2021-12-28],韭菜,¥8.00,¥9.00,¥8.50,元/千克(kg) ,重庆双福国际农贸城,查找
[2021-12-28],韭菜,¥3.00,¥4.40,¥3.70,元/千克(kg) ,河北秦皇岛海阳农副产品批发市场,查找
[2021-12-28],韭菜,¥6.40,¥7.00,¥6.60,元/千克(kg) ,天津市红旗农贸综合批发市场有限公司,查找
[2021-12-28],韭菜,¥3.50,¥4.50,¥4.00,元/千克(kg) ,新疆九鼎恒兴蔬菜经营管理有限公司,查找
[2021-12-28],韭菜,¥6.00,¥6.60,¥6.30,元/千克(kg) ,陕西咸阳新阳光批发市场,查找
[2021-12-28],韭菜,¥6.00,¥8.00,¥7.00,元/千克(kg) ,湖南长沙马王堆农产品股份有限公司,查找
[2021-12-28],韭菜,¥6.80,¥8.00,¥7.40,元/千克(kg) ,湖北浠水农产品批发市场,查找
[2021-12-28],韭菜,¥0.00,¥0.00,¥5.60,元/千克(kg) ,蚌埠海吉星农产品物流有限公司,查找
[2021-12-28],韭菜,¥5.20,¥5.80,¥5.40,元/千克(kg) ,两湖绿谷物流股份有限公司,查找
[2021-12-28],韭菜,¥5.00,¥8.00,¥6.60,元/千克(kg) ,青岛抚顺路蔬菜副食品批发市场股份有限公司,查找
[2021-12-28],韭菜,¥7.60,¥8.00,¥8.00,元/千克(kg) ,江苏丰县农林局,查找
[2021-12-28],韭菜,¥4.60,¥6.60,¥5.60,元/千克(kg) ,北京新发地农副产品批发市场信息中心,查找
[2021-12-28],韭菜,¥5.80,¥6.00,¥5.90,元/千克(kg) ,新疆克拉玛依农副产品批发市场,查找
[2021-12-28],韭菜,¥0.00,¥0.00,¥5.20,元/千克(kg) ,内蒙赤峰西城市场,查找
[2021-12-28],韭菜,¥1.40,¥6.00,¥5.00,元/千克(kg) ,滕州市农副产品物流中心有限公司,查找
[2021-12-28],韭菜,¥6.00,¥6.60,¥6.30,元/千克(kg) ,山西省太原市河西农产品有限公司,查找
[2021-12-28],韭菜,¥0.00,¥0.00,¥6.00,元/千克(kg) ,山东淄博市鲁中蔬菜批发市场,查找
[2021-12-28],韭菜,¥0.00,¥0.00,¥5.55,元/千克(kg) ,江苏无锡朝阳农产品大市场,查找
[2021-12-28],韭菜,¥7.40,¥7.40,¥7.40,元/千克(kg) ,陕西泾云现代农业股份有限公司云阳蔬菜...,查找
[2021-12-28],韭菜,¥6.00,¥6.80,¥6.40,元/千克(kg) ,武汉白沙洲农副产品大市场有限公司,查找
[2021-12-28],韭菜,¥0.00,¥0.00,¥6.00,元/千克(kg) ,山西临汾尧丰农副产品批发市场,查找
[2021-12-28],韭菜,¥5.60,¥6.00,¥5.80,元/千克(kg) ,青藏高原农副产品集散中心,查找
[2021-12-28],韭菜,¥3.00,¥3.80,¥3.40,元/千克(kg) ,江西乐平市蔬菜批发大市场,查找
[2021-12-28],韭菜,¥6.60,¥7.00,¥6.70,元/千克(kg) ,山西省长治市紫坊农产品综合交易市场有...,查找
[2021-12-28],韭菜,¥5.50,¥10.00,¥6.00,元/千克(kg) ,江苏凌家塘农副产品批发市场,查找
[2021-9-3],洋白菜,¥3.00,¥4.40,¥4.00,元/千克(kg) ,青岛市城阳蔬菜水产品批发市场有限公司,查找
[2021-9-3],洋白菜,¥4.00,¥5.20,¥4.10,元/千克(kg) ,湖北浠水农产品批发市场,查找
[2021-9-3],洋白菜,¥1.60,¥1.60,¥1.60,元/千克(kg) ,陕西泾云现代农业股份有限公司云阳蔬菜...,查找
[2021-9-3],洋白菜,¥1.60,¥2.00,¥1.80,元/千克(kg) ,北京顺鑫石门农副产品批发市场,查找
[2021-9-3],洋白菜,¥1.40,¥1.40,¥1.40,元/千克(kg) ,内蒙包头市友谊蔬菜批发市场,查找
[2021-9-3],洋白菜,¥1.20,¥1.90,¥1.50,元/千克(kg) ,河南商丘市农产品中心批发市场,查找
[2021-9-3],洋白菜,¥0.90,¥2.20,¥1.43,元/千克(kg) ,中国寿光地利农产品物流园有限公司,查找
[2021-9-3],洋白菜,¥1.00,¥1.60,¥1.30,元/千克(kg) ,山西省太原市河西农产品有限公司,查找
[2021-9-3],洋白菜,¥0.60,¥0.00,¥0.60,元/千克(kg) ,河北省怀来县京西果菜批发市场有限责任公司,查找
[2021-9-3],洋白菜,¥0.40,¥2.00,¥1.60,元/千克(kg) ,山东青岛莱西市东庄头蔬菜批发市场服务...,查找
[2021-9-3],洋白菜,¥2.20,¥2.60,¥2.40,元/千克(kg) ,山西省长治市紫坊农产品综合交易市场有...,查找
[2021-9-3],洋白菜,¥2.00,¥3.00,¥2.40,元/千克(kg) ,山东章丘蔬菜批发市场,查找
[2021-9-3],洋白菜,¥2.40,¥2.60,¥2.50,元/千克(kg) ,江苏宜兴市瑞德蔬菜果品批发市场有限公司,查找
[2021-9-3],洋白菜,¥2.60,¥3.00,¥2.80,元/千克(kg) ,山东青岛黄河路农产品批发市场,查找
[2021-9-3],洋白菜,¥1.70,¥1.80,¥1.70,元/千克(kg) ,天津何庄子鲜活农产品中心批发市场,查找
[2021-9-3],洋白菜,¥2.20,¥3.00,¥2.60,元/千克(kg) ,江西乐平市蔬菜批发大市场,查找
[2021-9-3],洋白菜,¥2.00,¥3.00,¥2.50,元/千克(kg) ,徐州农副产品中心批发市场,查找
[2021-9-3],洋白菜,¥0.00,¥0.00,¥1.62,元/千克(kg) ,江苏无锡朝阳农产品大市场,查找
[2021-9-3],洋白菜,¥1.40,¥2.00,¥1.50,元/千克(kg) ,北京京丰岳各庄农副产品批发市场,查找
[2021-9-3],洋白菜,¥0.40,¥3.56,¥1.81,元/千克(kg) ,福建省福州市海峡蔬菜批发市场,查找
[2021-9-3],洋白菜,¥0.00,¥0.00,¥2.00,元/千克(kg) ,山西临汾尧丰农副产品批发市场,查找
[2021-9-3],洋白菜,¥0.80,¥2.20,¥1.70,元/千克(kg) ,广州江南果菜批发市场经营管理有限公司,查找
[2021-9-3],洋白菜,¥0.50,¥2.50,¥1.50,元/千克(kg) ,邵阳市江北农产品批发大市场,查找
[2021-9-3],洋白菜,¥1.20,¥1.60,¥1.40,元/千克(kg) ,辽宁朝阳市果菜批发市场,查找
[2021-9-3],洋白菜,¥1.00,¥2.00,¥1.60,元/千克(kg) ,湖北省洪湖农贸市场,查找
[2021-11-12],圆茄子,¥7.00,¥0.00,¥8.00,元/千克(kg) ,新疆兵团第五师三和农副产品综合批发市场,查找
[2021-11-12],长茄子,¥7.50,¥9.50,¥8.50,元/千克(kg) ,乌鲁木齐北园春（集团）有限责任公司北...,查找
[2021-11-12],长茄子,¥6.00,¥7.00,¥6.60,元/千克(kg) ,呼和浩特市东瓦窑农副产品批发市场有限...,查找
[2021-11-12],长茄子,¥6.40,¥6.80,¥6.60,元/千克(kg) ,山西晋城绿欣农产品批发交易中心,查找
[2021-11-12],长茄子,¥0.00,¥0.00,¥6.50,元/千克(kg) ,天津碧城农产品批发市场,查找
[2021-11-12],长茄子,¥5.20,¥6.00,¥5.60,元/千克(kg) ,石家庄桥西蔬菜中心批发市场有限公司,查找
[2021-11-12],圆茄子,¥7.50,¥9.50,¥8.50,元/千克(kg) ,乌鲁木齐北园春（集团）有限责任公司北...,查找
[2021-11-12],圆茄子,¥6.00,¥9.00,¥8.00,元/千克(kg) ,甘肃酒泉春光农产品市场有限责任公司,查找
[2021-11-12],圆茄子,¥4.80,¥8.00,¥5.40,元/千克(kg) ,呼和浩特市东瓦窑农副产品批发市场有限...,查找
[2021-11-12],圆茄子,¥5.40,¥5.60,¥5.50,元/千克(kg) ,山西晋城绿欣农产品批发交易中心,查找
[2021-11-12],圆茄子,¥0.00,¥0.00,¥5.60,元/千克(kg) ,山东滨州(六街）鲁北蔬菜批发市场,查找
[2021-11-12],茄子,¥6.00,¥7.00,¥6.70,元/千克(kg) ,甘肃酒泉春光农产品市场有限责任公司,查找
[2021-11-12],茄子,¥6.00,¥8.00,¥7.00,元/千克(kg) ,上海农产品中心批发市场经营管理有限公司,查找
[2021-11-12],茄子,¥0.00,¥0.00,¥11.20,元/千克(kg) ,四川广安市邻水县农产品交易中心,查找
[2021-11-12],茄子,¥4.00,¥5.40,¥4.70,元/千克(kg) ,湖南长沙马王堆农产品股份有限公司,查找
[2021-11-12],茄子,¥7.50,¥9.50,¥8.50,元/千克(kg) ,乌鲁木齐北园春（集团）有限责任公司北...,查找
[2021-11-12],茄子,¥4.80,¥5.20,¥5.00,元/千克(kg) ,两湖绿谷物流股份有限公司,查找
[2021-11-12],茄子,¥7.00,¥8.00,¥7.50,元/千克(kg) ,新疆克拉玛依农副产品批发市场,查找
[2021-11-12],茄子,¥0.00,¥0.00,¥6.30,元/千克(kg) ,天津碧城农产品批发市场,查找
[2021-11-12],茄子,¥7.00,¥8.00,¥7.50,元/千克(kg) ,天津韩家墅海吉星农产品物流有限公司,查找
[2021-11-12],茄子,¥2.00,¥9.00,¥5.50,元/千克(kg) ,上海市江桥批发市场经营管理有限公司,查找
[2021-11-12],茄子,¥6.00,¥8.00,¥7.00,元/千克(kg) ,四川南充川北农产品交易有限公司,查找
[2021-11-12],茄子,¥0.00,¥0.00,¥6.20,元/千克(kg) ,山西汾阳市晋阳农副产品批发市场,查找
[2021-11-12],茄子,¥5.00,¥5.00,¥5.00,元/千克(kg) ,邯郸市(馆陶)金凤禽蛋农贸批发市场,查找
[2021-11-12],茄子,¥0.00,¥0.00,¥8.00,元/千克(kg) ,绵阳市高水农副产品批发有限公司,查找
[2021-7-29],草莓,¥10.00,¥18.00,¥14.00,元/千克(kg) ,济南堤口果品批发发展有限责任公司,查找
[2021-7-29],草莓,¥13.80,¥15.80,¥14.80,元/千克(kg) ,河南万邦国际农产品物流股份有限公司,查找
[2021-7-29],草莓,¥24.00,¥30.00,¥26.00,元/千克(kg) ,北京京丰岳各庄农副产品批发市场,查找
[2021-7-29],草莓,¥17.00,¥20.00,¥18.00,元/千克(kg) ,河北魏县天仙果菜批发交易市场,查找
[2021-7-29],草莓,¥16.00,¥17.00,¥16.50,元/千克(kg) ,北京朝阳区大洋路综合市场,查找
[2021-7-29],玉米棒,¥1.80,¥2.20,¥2.00,元/千克(kg) ,两湖绿谷物流股份有限公司,查找
[2021-7-29],玉米棒,¥2.20,¥2.60,¥2.40,元/千克(kg) ,武汉白沙洲农副产品大市场有限公司,查找
[2021-7-29],玉米棒,¥3.20,¥3.20,¥3.20,元/千克(kg) ,湖南吉首市蔬菜果品批发大市场,查找
[2021-7-29],玉米棒,¥0.00,¥0.00,¥2.92,元/千克(kg) ,江苏无锡朝阳农产品大市场,查找
[2021-7-29],玉米棒,¥3.00,¥4.00,¥3.40,元/千克(kg) ,四川南充川北农产品交易有限公司,查找
[2021-7-29],玉米棒,¥0.00,¥0.00,¥4.00,元/千克(kg) ,四川雅安市汉源县九襄农产品批发市场,查找
[2021-7-29],玉米棒,¥0.00,¥0.00,¥1.90,元/千克(kg) ,天津碧城农产品批发市场,查找
[2021-7-29],猴头菇,¥20.00,¥21.00,¥20.50,元/千克(kg) ,北京朝阳区大洋路综合市场,查找
[2021-7-29],木耳,¥0.00,¥0.00,¥120.00,元/千克(kg) ,四川雅安市汉源县九襄农产品批发市场,查找
[2021-7-29],木耳,¥0.00,¥0.00,¥6.60,元/千克(kg) ,安徽省淮北市中瑞农产品批发市场,查找
[2021-7-29],鸡腿菇,¥7.50,¥8.50,¥8.00,元/千克(kg) ,北京朝阳区大洋路综合市场,查找
[2021-7-29],鸡腿菇,¥10.00,¥12.00,¥11.00,元/千克(kg) ,徐州农副产品中心批发市场,查找
[2021-7-29],鸡腿菇,¥12.00,¥23.00,¥16.00,元/千克(kg) ,北京八里桥农产品中心批发市场有限公司,查找
[2021-7-29],茶树菇,¥10.00,¥10.80,¥10.40,元/千克(kg) ,河南万邦国际农产品物流股份有限公司,查找
[2021-7-29],茶树菇,¥11.00,¥12.00,¥11.50,元/千克(kg) ,北京朝阳区大洋路综合市场,查找
[2021-7-29],草菇,¥20.00,¥21.00,¥20.50,元/千克(kg) ,北京朝阳区大洋路综合市场,查找
[2021-7-29],金针菇,¥5.00,¥6.00,¥5.50,元/千克(kg) ,浙江嘉善曹安农产品批发有限公司,查找
[2021-7-29],金针菇,¥0.00,¥0.00,¥4.40,元/千克(kg) ,安徽省淮北市中瑞农产品批发市场,查找
[2021-7-29],金针菇,¥4.00,¥6.00,¥5.00,元/千克(kg) ,北京八里桥农产品中心批发市场有限公司,查找
[2021-7-29],金针菇,¥7.00,¥8.00,¥7.50,元/千克(kg) ,江苏宜兴市瑞德蔬菜果品批发市场有限公司,查找
[2021-11-12],大蒜,¥8.00,¥9.00,¥8.50,元/千克(kg) ,阜阳农产品中心批发市场,查找
[2021-11-12],大蒜,¥8.00,¥9.00,¥8.50,元/千克(kg) ,山西省太原市河西农产品有限公司,查找
[2021-11-12],大蒜,¥8.40,¥11.60,¥10.00,元/千克(kg) ,南昌深圳农产品中心批发市场有限公司,查找
[2021-11-12],油菜,¥3.00,¥4.40,¥3.40,元/千克(kg) ,北京京丰岳各庄农副产品批发市场,查找
[2021-11-12],大蒜,¥10.00,¥10.00,¥10.00,元/千克(kg) ,黑龙江鹤岗市万圃源蔬菜有限责任公司,查找
[2021-11-12],大蒜,¥0.00,¥0.00,¥7.00,元/千克(kg) ,安徽省淮北市中瑞农产品批发市场,查找
[2021-11-12],大蒜,¥0.00,¥0.00,¥6.62,元/千克(kg) ,江苏无锡朝阳农产品大市场,查找
[2021-11-12],大蒜,¥0.00,¥0.00,¥9.00,元/千克(kg) ,四川雅安市汉源县九襄农产品批发市场,查找
[2021-11-12],大蒜,¥6.60,¥7.40,¥7.00,元/千克(kg) ,广东汕头农副产品批发中心市场,查找
[2021-11-12],大蒜,¥6.00,¥8.00,¥7.00,元/千克(kg) ,河北秦皇岛海阳农副产品批发市场,查找
[2021-11-12],大蒜,¥0.00,¥0.00,¥6.60,元/千克(kg) ,山西临汾尧丰农副产品批发市场,查找
[2021-11-12],大蒜,¥7.00,¥8.00,¥7.50,元/千克(kg) ,陕西咸阳新阳光批发市场,查找
[2021-11-12],大蒜,¥7.00,¥8.00,¥7.50,元/千克(kg) ,河南万邦国际农产品物流股份有限公司,查找
[2021-11-12],大蒜,¥8.00,¥8.00,¥8.00,元/千克(kg) ,湖北鄂州市蟠龙蔬菜批发市场,查找
[2021-11-12],大蒜,¥11.00,¥13.00,¥12.00,元/千克(kg) ,四川成都龙泉聚和(国际)果蔬菜交易中心,查找
[2021-11-12],大蒜,¥6.00,¥8.00,¥7.00,元/千克(kg) ,辽宁朝阳市果菜批发市场,查找
[2021-11-12],大蒜,¥6.00,¥8.00,¥7.00,元/千克(kg) ,安徽亳州农产品有限责任公司,查找
[2021-11-12],大蒜,¥5.00,¥7.00,¥6.00,元/千克(kg) ,山东章丘蔬菜批发市场,查找
[2021-11-12],大蒜,¥12.00,¥12.00,¥12.00,元/千克(kg) ,山东青岛黄河路农产品批发市场,查找
[2021-11-12],大蒜,¥6.00,¥8.00,¥7.00,元/千克(kg) ,湖北省洪湖农贸市场,查找
[2021-11-12],大蒜,¥3.00,¥4.40,¥3.60,元/千克(kg) ,山东宁津县东崔蔬菜批发市场,查找
[2021-11-12],大蒜,¥8.00,¥9.00,¥8.50,元/千克(kg) ,江苏宜兴市瑞德蔬菜果品批发市场有限公司,查找
[2021-11-12],大蒜,¥8.00,¥8.40,¥8.00,元/千克(kg) ,陕西泾云现代农业股份有限公司云阳蔬菜...,查找
[2021-11-12],大蒜,¥6.00,¥6.80,¥6.40,元/千克(kg) ,江西乐平市蔬菜批发大市场,查找
[2021-11-12],大蒜,¥6.00,¥8.00,¥7.00,元/千克(kg) ,徐州农副产品中心批发市场,查找
[2021-7-29],豇豆,¥4.60,¥6.60,¥5.40,元/千克(kg) ,北京京丰岳各庄农副产品批发市场,查找
[2021-7-29],豇豆,¥2.60,¥3.60,¥3.10,元/千克(kg) ,湖南常德甘露寺蔬菜批发市场,查找
[2021-7-29],豇豆,¥3.50,¥4.50,¥4.00,元/千克(kg) ,新疆九鼎恒兴蔬菜经营管理有限公司,查找
[2021-7-29],豇豆,¥2.60,¥3.40,¥3.00,元/千克(kg) ,天津武清大沙河批发市场,查找
[2021-7-29],豇豆,¥4.60,¥5.00,¥4.80,元/千克(kg) ,两湖绿谷物流股份有限公司,查找
[2021-7-29],豇豆,¥5.00,¥5.50,¥5.25,元/千克(kg) ,武汉白沙洲农副产品大市场有限公司,查找
[2021-7-29],豇豆,¥6.00,¥8.00,¥7.00,元/千克(kg) ,浙江嘉善曹安农产品批发有限公司,查找
[2021-7-29],豇豆,¥4.00,¥6.00,¥5.00,元/千克(kg) ,北京八里桥农产品中心批发市场有限公司,查找
[2021-7-29],豇豆,¥5.50,¥7.00,¥6.00,元/千克(kg) ,陕西咸阳新阳光批发市场,查找
[2021-7-29],豇豆,¥4.60,¥5.00,¥4.80,元/千克(kg) ,湖南吉首市蔬菜果品批发大市场,查找
[2021-7-29],豇豆,¥6.00,¥7.00,¥6.40,元/千克(kg) ,四川南充川北农产品交易有限公司,查找
[2021-7-29],豇豆,¥4.00,¥5.00,¥4.20,元/千克(kg) ,安徽亳州农产品有限责任公司,查找
[2021-7-29],豇豆,¥4.60,¥5.60,¥5.00,元/千克(kg) ,湖北省洪湖农贸市场,查找
[2021-7-29],豇豆,¥5.00,¥7.00,¥6.00,元/千克(kg) ,辽宁朝阳市果菜批发市场,查找
[2021-7-29],豇豆,¥0.00,¥6.00,¥6.00,元/千克(kg) ,吉林扶余三井子杂粮批发市场,查找
[2021-7-29],豇豆,¥8.00,¥8.00,¥8.00,元/千克(kg) ,安徽合肥周谷堆农产品批发市场,查找
[2021-7-29],豇豆,¥0.00,¥0.00,¥3.60,元/千克(kg) ,天津碧城农产品批发市场,查找
[2021-7-29],豇豆,¥0.00,¥0.00,¥6.30,元/千克(kg) ,绍兴市蔬菜果品批发交易市场有限公司,查找
[2021-7-29],豇豆,¥3.00,¥5.00,¥4.00,元/千克(kg) ,山东章丘蔬菜批发市场,查找
[2021-7-29],豇豆,¥5.00,¥5.00,¥5.00,元/千克(kg) ,辽宁鞍山宁远农产品批发市场,查找
[2021-7-29],豇豆,¥3.00,¥3.40,¥3.20,元/千克(kg) ,江西乐平市蔬菜批发大市场,查找
[2021-7-29],荷兰豆,¥0.00,¥0.00,¥15.00,元/千克(kg) ,绍兴市蔬菜果品批发交易市场有限公司,查找
[2021-7-29],荷兰豆,¥10.00,¥10.00,¥10.00,元/千克(kg) ,辽宁鞍山宁远农产品批发市场,查找
[2021-7-29],荷兰豆,¥14.00,¥15.00,¥14.50,元/千克(kg) ,山西省太原市河西农产品有限公司,查找
[2021-7-29],荷兰豆,¥14.00,¥16.00,¥15.00,元/千克(kg) ,河北魏县天仙果菜批发交易市场,查找
[2021-7-29],丝瓜,¥3.00,¥8.00,¥5.50,元/千克(kg) ,石家庄桥西蔬菜中心批发市场有限公司,查找
[2021-7-29],丝瓜,¥6.00,¥7.00,¥6.50,元/千克(kg) ,山西省太原市河西农产品有限公司,查找
[2021-7-29],丝瓜,¥4.80,¥5.60,¥5.20,元/千克(kg) ,河北魏县天仙果菜批发交易市场,查找
[2021-7-29],丝瓜,¥5.00,¥6.00,¥5.60,元/千克(kg) ,四川南充川北农产品交易有限公司,查找
[2021-7-29],丝瓜,¥2.20,¥2.60,¥2.40,元/千克(kg) ,江西乐平市蔬菜批发大市场,查找
[2021-7-29],丝瓜,¥0.90,¥1.40,¥1.15,元/千克(kg) ,广东汕头农副产品批发中心市场,查找
[2021-7-29],丝瓜,¥5.00,¥6.00,¥5.50,元/千克(kg) ,山西省长治市紫坊农产品综合交易市场有...,查找
[2021-7-29],丝瓜,¥3.40,¥4.00,¥3.60,元/千克(kg) ,湖南吉首市蔬菜果品批发大市场,查找
[2021-7-29],丝瓜,¥7.00,¥80.00,¥7.50,元/千克(kg) ,北京朝阳区大洋路综合市场,查找
[2021-7-29],丝瓜,¥5.00,¥6.00,¥5.50,元/千克(kg) ,徐州农副产品中心批发市场,查找
[2021-7-29],丝瓜,¥5.00,¥6.00,¥5.50,元/千克(kg) ,湖南常德甘露寺蔬菜批发市场,查找
[2021-7-29],丝瓜,¥8.00,¥10.00,¥9.00,元/千克(kg) ,北京京丰岳各庄农副产品批发市场,查找
[2021-7-29],丝瓜,¥4.00,¥5.50,¥4.75,元/千克(kg) ,武汉白沙洲农副产品大市场有限公司,查找
[2021-7-29],丝瓜,¥0.00,¥0.00,¥4.16,元/千克(kg) ,江苏无锡朝阳农产品大市场,查找
[2021-7-29],丝瓜,¥4.00,¥6.00,¥5.00,元/千克(kg) ,浙江嘉善曹安农产品批发有限公司,查找
[2021-7-29],丝瓜,¥4.60,¥8.00,¥6.00,元/千克(kg) ,北京八里桥农产品中心批发市场有限公司,查找
[2021-7-29],丝瓜,¥7.00,¥8.60,¥8.36,元/千克(kg) ,中国寿光地利农产品物流园有限公司,查找
[2021-7-29],丝瓜,¥5.80,¥6.20,¥6.00,元/千克(kg) ,湖北省孝感市南大农产品批发市场,查找
[2021-7-29],瓠子,¥1.80,¥2.20,¥2.00,元/千克(kg) ,武汉白沙洲农副产品大市场有限公司,查找
[2021-7-29],瓠子,¥5.00,¥5.60,¥5.30,元/千克(kg) ,安徽合肥周谷堆农产品批发市场,查找
[2021-7-29],瓠子,¥8.40,¥9.00,¥8.70,元/千克(kg) ,北京朝阳区大洋路综合市场,查找
[2021-7-29],瓠子,¥2.40,¥2.80,¥2.60,元/千克(kg) ,江西乐平市蔬菜批发大市场,查找
[2021-7-29],佛手瓜,¥3.60,¥3.80,¥3.68,元/千克(kg) ,中国寿光地利农产品物流园有限公司,查找
[2021-7-29],佛手瓜,¥0.00,¥0.00,¥3.00,元/千克(kg) ,绍兴市蔬菜果品批发交易市场有限公司,查找
[2021-7-29],佛手瓜,¥6.00,¥7.00,¥6.50,元/千克(kg) ,陕西咸阳新阳光批发市场,查找
[2021-12-28],丝瓜,¥11.00,¥12.00,¥11.50,元/千克(kg) ,山西省长治市紫坊农产品综合交易市场有...,查找
[2021-12-28],丝瓜,¥5.00,¥8.00,¥6.20,元/千克(kg) ,江苏凌家塘农副产品批发市场,查找
[2021-12-28],丝瓜,¥11.00,¥12.00,¥12.00,元/千克(kg) ,湖北鄂州市蟠龙蔬菜批发市场,查找
[2021-12-28],丝瓜,¥9.40,¥10.00,¥9.70,元/千克(kg) ,山西省太原市河西农产品有限公司,查找
[2021-12-28],丝瓜,¥15.00,¥0.00,¥16.00,元/千克(kg) ,新疆兵团第五师三和农副产品综合批发市场,查找
[2021-12-28],丝瓜,¥11.00,¥11.00,¥11.00,元/千克(kg) ,新疆克拉玛依农副产品批发市场,查找
[2021-12-28],丝瓜,¥8.00,¥8.80,¥8.20,元/千克(kg) ,河北魏县天仙果菜批发交易市场,查找
[2021-12-28],丝瓜,¥10.00,¥14.00,¥12.00,元/千克(kg) ,北京顺鑫石门农副产品批发市场,查找
[2021-12-28],丝瓜,¥2.00,¥12.00,¥3.80,元/千克(kg) ,滕州市农副产品物流中心有限公司,查找
[2021-12-28],丝瓜,¥0.00,¥0.00,¥10.00,元/千克(kg) ,天津碧城农产品批发市场,查找
[2021-12-28],丝瓜,¥5.00,¥6.20,¥5.60,元/千克(kg) ,福建福鼎闽浙边界农贸中心市场,查找
[2021-12-28],丝瓜,¥0.00,¥0.00,¥7.00,元/千克(kg) ,山东滨州(六街）鲁北蔬菜批发市场,查找
[2021-12-28],丝瓜,¥8.00,¥9.00,¥8.60,元/千克(kg) ,江苏联谊农副产品批发市场,查找
[2021-12-28],丝瓜,¥13.00,¥15.00,¥14.00,元/千克(kg) ,山西晋城绿欣农产品批发交易中心,查找
[2021-12-28],丝瓜,¥4.00,¥8.40,¥6.20,元/千克(kg) ,石家庄桥西蔬菜中心批发市场有限公司,查找
[2021-12-28],丝瓜,¥0.00,¥0.00,¥7.00,元/千克(kg) ,浙江金华农产品批发市场,查找
[2021-12-28],丝瓜,¥8.00,¥12.00,¥10.00,元/千克(kg) ,徐州农副产品中心批发市场,查找
[2021-12-28],丝瓜,¥9.00,¥10.00,¥9.50,元/千克(kg) ,北京朝阳区大洋路综合市场,查找
[2021-12-28],丝瓜,¥7.50,¥8.00,¥7.80,元/千克(kg) ,安徽合肥周谷堆农产品批发市场,查找
[2021-12-28],丝瓜,¥4.80,¥5.60,¥5.20,元/千克(kg) ,广东汕头农副产品批发中心市场,查找
[2021-12-28],丝瓜,¥8.00,¥9.00,¥8.50,元/千克(kg) ,北京八里桥农产品中心批发市场有限公司,查找
[2021-12-28],丝瓜,¥5.80,¥9.00,¥7.40,元/千克(kg) ,北京新发地农副产品批发市场信息中心,查找
[2021-12-28],丝瓜,¥4.00,¥5.00,¥4.60,元/千克(kg) ,江苏丰县农林局,查找
[2021-12-28],丝瓜,¥11.00,¥12.00,¥11.50,元/千克(kg) ,陕西咸阳新阳光批发市场,查找
[2021-12-28],丝瓜,¥6.00,¥7.00,¥6.50,元/千克(kg) ,重庆双福国际农贸城,查找
[2021-7-29],黄瓜,¥4.00,¥8.00,¥6.00,元/千克(kg) ,青岛市城阳蔬菜水产品批发市场有限公司,查找
[2021-7-29],黄瓜,¥2.80,¥3.20,¥3.00,元/千克(kg) ,徐州农副产品中心批发市场,查找
[2021-7-29],黄瓜,¥3.80,¥4.20,¥4.00,元/千克(kg) ,湖北省孝感市南大农产品批发市场,查找
[2021-7-29],黄瓜,¥1.20,¥1.60,¥1.40,元/千克(kg) ,两湖绿谷物流股份有限公司,查找
[2021-7-29],黄瓜,¥2.00,¥4.00,¥3.00,元/千克(kg) ,广西新柳邕农产品批发市场有限公司,查找
[2021-7-29],黄瓜,¥4.00,¥5.00,¥4.50,元/千克(kg) ,北京朝阳区大洋路综合市场,查找
[2021-7-29],黄瓜,¥1.60,¥2.60,¥2.10,元/千克(kg) ,天津武清大沙河批发市场,查找
[2021-7-29],黄瓜,¥4.00,¥6.00,¥5.00,元/千克(kg) ,浙江嘉善曹安农产品批发有限公司,查找
[2021-7-29],黄瓜,¥3.00,¥5.00,¥4.00,元/千克(kg) ,西安市朱雀农产品交易中心,查找
[2021-7-29],黄瓜,¥3.00,¥4.00,¥3.50,元/千克(kg) ,阜阳农产品中心批发市场,查找
[2021-7-29],黄瓜,¥0.00,¥0.00,¥5.40,元/千克(kg) ,安徽省淮北市中瑞农产品批发市场,查找
[2021-7-29],黄瓜,¥3.40,¥6.00,¥4.40,元/千克(kg) ,北京京丰岳各庄农副产品批发市场,查找
[2021-7-29],黄瓜,¥2.40,¥3.60,¥3.00,元/千克(kg) ,武汉白沙洲农副产品大市场有限公司,查找
[2021-7-29],黄瓜,¥2.60,¥3.40,¥3.00,元/千克(kg) ,湖南长沙马王堆农产品股份有限公司,查找
[2021-7-29],黄瓜,¥2.80,¥3.20,¥3.00,元/千克(kg) ,三门峡金河农产品批发交易中心,查找
[2021-7-29],长茄子,¥0.00,¥0.00,¥3.90,元/千克(kg) ,蚌埠海吉星农产品物流有限公司,查找
[2021-7-29],长茄子,¥1.20,¥2.00,¥1.50,元/千克(kg) ,新疆九鼎恒兴蔬菜经营管理有限公司,查找
[2021-7-29],长茄子,¥0.00,¥0.00,¥3.80,元/千克(kg) ,天津碧城农产品批发市场,查找
[2021-7-29],长茄子,¥1.00,¥3.00,¥2.00,元/千克(kg) ,山东章丘蔬菜批发市场,查找
[2021-7-29],长茄子,¥2.00,¥3.00,¥2.50,元/千克(kg) ,山西省太原市河西农产品有限公司,查找
[2021-7-29],长茄子,¥1.00,¥3.00,¥2.00,元/千克(kg) ,邵阳市江北农产品批发大市场,查找
[2021-7-29],长茄子,¥0.00,¥0.00,¥3.80,元/千克(kg) ,安徽省淮北市中瑞农产品批发市场,查找
[2021-7-29],长茄子,¥2.20,¥3.00,¥2.60,元/千克(kg) ,北京朝阳区大洋路综合市场,查找
[2021-7-29],长茄子,¥3.00,¥3.50,¥3.25,元/千克(kg) ,徐州农副产品中心批发市场,查找
[2021-7-29],长茄子,¥0.40,¥3.20,¥1.47,元/千克(kg) ,中国寿光地利农产品物流园有限公司,查找
[2021-7-29],西红柿,¥4.60,¥6.00,¥5.60,元/千克(kg) ,青岛市城阳蔬菜水产品批发市场有限公司,查找
[2021-7-29],西红柿,¥3.20,¥4.80,¥4.00,元/千克(kg) ,浙江宁波市蔬菜副食品批发交易市场,查找
[2021-7-29],西红柿,¥2.00,¥3.00,¥2.50,元/千克(kg) ,山西省太原市河西农产品有限公司,查找
[2021-7-29],西红柿,¥2.00,¥3.00,¥2.60,元/千克(kg) ,吉林省辽源市仙城物流园区有限公司,查找
[2021-7-29],西红柿,¥2.00,¥3.60,¥2.60,元/千克(kg) ,北京京丰岳各庄农副产品批发市场,查找
[2021-7-29],西红柿,¥1.70,¥3.40,¥2.55,元/千克(kg) ,武汉白沙洲农副产品大市场有限公司,查找
[2021-7-29],西红柿,¥2.00,¥2.60,¥2.30,元/千克(kg) ,湖南长沙马王堆农产品股份有限公司,查找
[2021-7-29],西红柿,¥2.20,¥2.60,¥2.40,元/千克(kg) ,两湖绿谷物流股份有限公司,查找
[2021-7-29],西红柿,¥1.00,¥2.00,¥1.50,元/千克(kg) ,广西新柳邕农产品批发市场有限公司,查找
[2021-7-29],西红柿,¥1.00,¥1.40,¥1.20,元/千克(kg) ,天津武清大沙河批发市场,查找
[2021-7-29],西红柿,¥4.00,¥5.60,¥4.80,元/千克(kg) ,浙江嘉善曹安农产品批发有限公司,查找
[2021-7-29],西红柿,¥1.80,¥2.00,¥1.90,元/千克(kg) ,西安市朱雀农产品交易中心,查找
[2021-7-29],西红柿,¥2.00,¥3.00,¥2.50,元/千克(kg) ,阜阳农产品中心批发市场,查找
[2021-7-29],西红柿,¥0.00,¥0.00,¥3.80,元/千克(kg) ,安徽省淮北市中瑞农产品批发市场,查找
[2021-7-29],西红柿,¥1.00,¥2.60,¥1.80,元/千克(kg) ,北京八里桥农产品中心批发市场有限公司,查找
[2021-7-29],西红柿,¥3.00,¥4.00,¥3.50,元/千克(kg) ,北京朝阳区大洋路综合市场,查找
[2021-7-29],西红柿,¥0.00,¥0.00,¥1.60,元/千克(kg) ,山西临汾尧丰农副产品批发市场,查找
[2021-7-29],西红柿,¥1.50,¥4.00,¥2.75,元/千克(kg) ,大连双兴商品城有限公司,查找
[2021-7-29],西红柿,¥0.40,¥3.60,¥1.87,元/千克(kg) ,中国寿光地利农产品物流园有限公司,查找
[2021-7-29],西红柿,¥2.60,¥3.00,¥2.80,元/千克(kg) ,湖南吉首市蔬菜果品批发大市场,查找
[2021-7-29],西红柿,¥3.00,¥4.00,¥3.50,元/千克(kg) ,马鞍山市安民农副产品贸易有限公司,查找
[2021-7-29],西红柿,¥2.60,¥3.20,¥2.80,元/千克(kg) ,徐州农副产品中心批发市场,查找
[2021-7-29],西红柿,¥1.80,¥2.40,¥2.20,元/千克(kg) ,陕西咸阳新阳光批发市场,查找
[2021-7-29],西红柿,¥0.00,¥0.00,¥2.80,元/千克(kg) ,内蒙赤峰西城市场,查找
[2021-7-29],西红柿,¥0.00,¥0.00,¥3.10,元/千克(kg) ,福建厦门同安闽南果蔬批发市场,查找
[2021-11-12],黄瓜,¥9.00,¥10.00,¥9.50,元/千克(kg) ,陕西咸阳新阳光批发市场,查找
[2021-11-12],黄瓜,¥0.00,¥0.00,¥8.00,元/千克(kg) ,鲁南蔬菜产业有限公司,查找
[2021-11-12],黄瓜,¥8.00,¥8.40,¥8.20,元/千克(kg) ,湖南吉首市蔬菜果品批发大市场,查找
[2021-11-12],黄瓜,¥6.40,¥7.60,¥7.00,元/千克(kg) ,南昌深圳农产品中心批发市场有限公司,查找
[2021-11-12],黄瓜,¥4.00,¥7.40,¥6.98,元/千克(kg) ,中国寿光地利农产品物流园有限公司,查找
[2021-11-12],黄瓜,¥8.00,¥8.40,¥8.20,元/千克(kg) ,湖南常德甘露寺蔬菜批发市场,查找
[2021-11-12],黄瓜,¥2.00,¥14.00,¥4.90,元/千克(kg) ,滕州市农副产品物流中心有限公司,查找
[2021-11-12],黄瓜,¥6.60,¥9.00,¥7.60,元/千克(kg) ,北京京丰岳各庄农副产品批发市场,查找
[2021-11-12],黄瓜,¥8.00,¥9.00,¥8.50,元/千克(kg) ,阜阳农产品中心批发市场,查找
[2021-11-12],黄瓜,¥7.00,¥8.00,¥7.50,元/千克(kg) ,山西省太原市河西农产品有限公司,查找
[2021-11-12],黄瓜,¥12.00,¥12.00,¥12.00,元/千克(kg) ,黑龙江鹤岗市万圃源蔬菜有限责任公司,查找
[2021-11-12],黄瓜,¥9.00,¥9.00,¥9.00,元/千克(kg) ,内蒙包头市友谊蔬菜批发市场,查找
[2021-11-12],长茄子,¥0.00,¥0.00,¥6.00,元/千克(kg) ,安徽省淮北市中瑞农产品批发市场,查找
[2021-11-12],长茄子,¥6.00,¥7.00,¥6.50,元/千克(kg) ,新疆九鼎恒兴蔬菜经营管理有限公司,查找
[2021-11-12],长茄子,¥0.00,¥0.00,¥4.80,元/千克(kg) ,蚌埠海吉星农产品物流有限公司,查找
[2021-11-12],长茄子,¥4.00,¥5.00,¥4.50,元/千克(kg) ,徐州农副产品中心批发市场,查找
[2021-11-12],长茄子,¥1.40,¥4.60,¥2.78,元/千克(kg) ,中国寿光地利农产品物流园有限公司,查找
[2021-11-12],长茄子,¥5.00,¥7.00,¥6.00,元/千克(kg) ,山东章丘蔬菜批发市场,查找
[2021-11-12],长茄子,¥6.00,¥6.60,¥6.30,元/千克(kg) ,山西省太原市河西农产品有限公司,查找
[2021-11-12],长茄子,¥5.00,¥6.00,¥5.50,元/千克(kg) ,北京朝阳区大洋路综合市场,查找
[2021-11-12],长茄子,¥1.50,¥6.00,¥3.60,元/千克(kg) ,滕州市农副产品物流中心有限公司,查找
[2021-11-12],长茄子,¥6.40,¥7.00,¥6.70,元/千克(kg) ,山西省长治市紫坊农产品综合交易市场有...,查找
[2021-11-12],长茄子,¥0.00,¥0.00,¥4.29,元/千克(kg) ,江苏无锡朝阳农产品大市场,查找
[2021-11-12],长茄子,¥0.00,¥0.00,¥5.00,元/千克(kg) ,鲁南蔬菜产业有限公司,查找
[2021-11-12],长茄子,¥0.00,¥0.00,¥4.50,元/千克(kg) ,新疆绿珠九鼎农产品经营管理有限公司,查找
[2021-11-12],胡萝卜,¥2.00,¥2.40,¥2.20,元/千克(kg) ,山西省太原市河西农产品有限公司,查找
[2021-11-12],胡萝卜,¥1.80,¥2.20,¥2.00,元/千克(kg) ,黑龙江鹤岗市万圃源蔬菜有限责任公司,查找
[2021-11-12],胡萝卜,¥0.00,¥0.00,¥2.00,元/千克(kg) ,新疆绿珠九鼎农产品经营管理有限公司,查找
[2021-11-12],胡萝卜,¥1.50,¥5.80,¥3.80,元/千克(kg) ,滕州市农副产品物流中心有限公司,查找
[2021-11-12],胡萝卜,¥3.20,¥0.00,¥3.20,元/千克(kg) ,河北省怀来县京西果菜批发市场有限责任公司,查找
[2021-11-12],胡萝卜,¥2.30,¥3.60,¥2.90,元/千克(kg) ,广州江南果菜批发市场经营管理有限公司,查找
[2021-11-12],胡萝卜,¥2.80,¥4.00,¥4.00,元/千克(kg) ,天津何庄子鲜活农产品中心批发市场,查找
[2021-11-12],胡萝卜,¥1.80,¥2.80,¥1.80,元/千克(kg) ,河北魏县天仙果菜批发交易市场,查找
[2021-11-12],胡萝卜,¥3.80,¥4.20,¥4.00,元/千克(kg) ,湖北省孝感市南大农产品批发市场,查找
[2021-11-12],胡萝卜,¥3.00,¥4.00,¥3.50,元/千克(kg) ,浙江嘉善曹安农产品批发有限公司,查找
[2021-11-12],胡萝卜,¥1.30,¥2.00,¥1.70,元/千克(kg) ,新疆九鼎恒兴蔬菜经营管理有限公司,查找
[2021-11-12],胡萝卜,¥2.40,¥3.20,¥2.80,元/千克(kg) ,南昌深圳农产品中心批发市场有限公司,查找
[2021-11-12],胡萝卜,¥0.80,¥3.00,¥1.68,元/千克(kg) ,中国寿光地利农产品物流园有限公司,查找
[2021-11-12],心里美萝卜,¥4.00,¥0.00,¥4.00,元/千克(kg) ,河北省怀来县京西果菜批发市场有限责任公司,查找
[2021-11-12],心里美萝卜,¥1.00,¥3.00,¥2.40,元/千克(kg) ,山东青岛莱西市东庄头蔬菜批发市场服务...,查找
[2021-11-12],水萝卜,¥0.00,¥0.00,¥2.20,元/千克(kg) ,山东淄博市鲁中蔬菜批发市场,查找
[2021-11-12],水萝卜,¥2.00,¥2.80,¥2.20,元/千克(kg) ,河北魏县天仙果菜批发交易市场,查找
[2021-11-12],水萝卜,¥2.50,¥3.20,¥2.80,元/千克(kg) ,陕西咸阳新阳光批发市场,查找
[2021-11-12],水萝卜,¥6.00,¥7.00,¥6.50,元/千克(kg) ,北京朝阳区大洋路综合市场,查找
[2021-11-12],白萝卜,¥2.00,¥2.40,¥2.20,元/千克(kg) ,西安市朱雀农产品交易中心,查找
[2021-11-12],白萝卜,¥3.60,¥4.00,¥4.00,元/千克(kg) ,湖北鄂州市蟠龙蔬菜批发市场,查找
[2021-11-12],白萝卜,¥0.00,¥0.00,¥2.20,元/千克(kg) ,安徽省淮北市中瑞农产品批发市场,查找
[2021-11-12],白萝卜,¥0.24,¥4.50,¥1.92,元/千克(kg) ,福建省福州市海峡蔬菜批发市场,查找
[2021-11-12],白萝卜,¥0.00,¥0.00,¥1.90,元/千克(kg) ,江苏无锡朝阳农产品大市场,查找
[2021-11-12],白萝卜,¥0.00,¥0.00,¥2.00,元/千克(kg) ,四川雅安市汉源县九襄农产品批发市场,查找
[2021-9-3],平菇,¥0.00,¥0.00,¥8.00,元/千克(kg) ,河南濮阳宏进农副产品批发市场有限公司...,查找
[2021-9-3],平菇,¥8.00,¥12.00,¥10.00,元/千克(kg) ,石家庄桥西蔬菜中心批发市场有限公司,查找
[2021-9-3],平菇,¥6.00,¥7.00,¥6.40,元/千克(kg) ,山西新绛县蔬菜批发市场,查找
[2021-9-3],平菇,¥8.00,¥9.00,¥8.50,元/千克(kg) ,南京农副产品物流配送中心有限公司,查找
[2021-9-3],平菇,¥9.00,¥0.00,¥9.00,元/千克(kg) ,新疆兵团第五师三和农副产品综合批发市场,查找
[2021-9-3],蘑菇,¥0.00,¥0.00,¥16.00,元/千克(kg) ,浙江金华农产品批发市场,查找
[2021-9-3],蘑菇,¥8.00,¥12.00,¥10.00,元/千克(kg) ,石家庄桥西蔬菜中心批发市场有限公司,查找
[2021-9-3],蘑菇,¥5.40,¥12.00,¥7.40,元/千克(kg) ,上海市江桥批发市场经营管理有限公司,查找
[2021-9-3],蘑菇,¥14.00,¥15.00,¥14.50,元/千克(kg) ,南京农副产品物流配送中心有限公司,查找
[2021-9-3],蘑菇,¥5.00,¥8.00,¥6.50,元/千克(kg) ,甘肃酒泉春光农产品市场有限责任公司,查找
[2021-9-3],蘑菇,¥11.40,¥18.00,¥14.70,元/千克(kg) ,浙江嘉兴蔬菜批发交易市场,查找
[2021-9-3],蘑菇,¥0.00,¥0.00,¥14.00,元/千克(kg) ,绍兴市蔬菜果品批发交易市场有限公司,查找
[2021-9-3],鲜食玉米,¥0.00,¥0.00,¥3.50,元/千克(kg) ,绍兴市蔬菜果品批发交易市场有限公司,查找
[2021-9-3],鲜食玉米,¥2.60,¥4.00,¥3.20,元/千克(kg) ,上海市江桥批发市场经营管理有限公司,查找
[2021-9-3],毛豆,¥5.00,¥6.00,¥5.40,元/千克(kg) ,呼和浩特市东瓦窑农副产品批发市场有限...,查找
[2021-9-3],毛豆,¥6.00,¥7.00,¥6.50,元/千克(kg) ,广东汕头农副产品批发中心市场,查找
[2021-9-3],毛豆,¥0.00,¥0.00,¥5.00,元/千克(kg) ,绍兴市蔬菜果品批发交易市场有限公司,查找
[2021-9-3],毛豆,¥4.79,¥6.35,¥5.51,元/千克(kg) ,浙江嘉兴蔬菜批发交易市场,查找
[2021-9-3],毛豆,¥4.50,¥6.00,¥5.25,元/千克(kg) ,武汉白沙洲农副产品大市场有限公司,查找
[2021-9-3],毛豆,¥0.00,¥0.00,¥4.80,元/千克(kg) ,浙江金华农产品批发市场,查找
[2021-9-3],毛豆,¥0.00,¥0.00,¥5.00,元/千克(kg) ,贵阳地利农产品物流园有限公司,查找
[2021-9-3],毛豆,¥3.00,¥4.40,¥3.40,元/千克(kg) ,江苏凌家塘农副产品批发市场,查找
[2021-9-3],毛豆,¥4.40,¥5.00,¥4.70,元/千克(kg) ,安徽合肥周谷堆农产品批发市场,查找
[2021-9-3],豌豆尖,¥16.00,¥0.00,¥16.00,元/千克(kg) ,新疆兵团第五师三和农副产品综合批发市场,查找
[2021-9-3],豌豆,¥0.00,¥0.00,¥8.60,元/千克(kg) ,贵阳地利农产品物流园有限公司,查找
[2021-7-29],蒜苗,¥2.00,¥2.40,¥2.20,元/千克(kg) ,三门峡金河农产品批发交易中心,查找
[2021-7-29],小葱,¥1.20,¥2.00,¥1.60,元/千克(kg) ,三门峡金河农产品批发交易中心,查找
[2021-7-29],小葱,¥6.00,¥7.00,¥6.50,元/千克(kg) ,湖南常德甘露寺蔬菜批发市场,查找
[2021-7-29],韭菜,¥7.00,¥8.00,¥7.50,元/千克(kg) ,湖南常德甘露寺蔬菜批发市场,查找
[2021-7-29],韭菜,¥2.00,¥2.40,¥2.20,元/千克(kg) ,三门峡金河农产品批发交易中心,查找
[2021-7-29],茭白,¥8.00,¥10.00,¥9.00,元/千克(kg) ,山西省长治市紫坊农产品综合交易市场有...,查找
[2021-7-29],茭白,¥6.00,¥7.20,¥6.60,元/千克(kg) ,河南万邦国际农产品物流股份有限公司,查找
[2021-7-29],茭白,¥0.00,¥0.00,¥6.80,元/千克(kg) ,天津碧城农产品批发市场,查找
[2021-7-29],茭白,¥5.00,¥6.00,¥5.50,元/千克(kg) ,江苏宜兴市瑞德蔬菜果品批发市场有限公司,查找
[2021-7-29],茭白,¥3.20,¥4.00,¥3.60,元/千克(kg) ,北京朝阳区大洋路综合市场,查找
[2021-7-29],茭白,¥5.00,¥7.00,¥6.00,元/千克(kg) ,浙江嘉善曹安农产品批发有限公司,查找
[2021-7-29],莲藕,¥7.00,¥8.00,¥7.50,元/千克(kg) ,河北魏县天仙果菜批发交易市场,查找
[2021-7-29],韭菜,¥4.00,¥5.00,¥4.60,元/千克(kg) ,甘肃天水市瀛池果菜批发市场,查找
[2021-7-29],莲藕,¥9.00,¥12.00,¥10.50,元/千克(kg) ,南昌深圳农产品中心批发市场有限公司,查找
[2021-7-29],莲藕,¥9.00,¥11.00,¥10.00,元/千克(kg) ,四川南充川北农产品交易有限公司,查找
[2021-7-29],莲藕,¥5.60,¥8.00,¥7.00,元/千克(kg) ,天津何庄子鲜活农产品中心批发市场,查找
[2021-7-29],莲藕,¥9.00,¥11.00,¥10.00,元/千克(kg) ,邵阳市江北农产品批发大市场,查找
[2021-7-29],莲藕,¥9.00,¥10.00,¥9.50,元/千克(kg) ,河南万邦国际农产品物流股份有限公司,查找
[2021-7-29],莲藕,¥9.00,¥12.00,¥10.00,元/千克(kg) ,青岛抚顺路蔬菜副食品批发市场股份有限公司,查找
[2021-7-29],油麦菜,¥5.00,¥6.00,¥5.50,元/千克(kg) ,湖南常德甘露寺蔬菜批发市场,查找
[2021-7-29],莲藕,¥14.00,¥14.00,¥14.00,元/千克(kg) ,内蒙包头市友谊蔬菜批发市场,查找
[2021-7-29],莲藕,¥12.00,¥13.00,¥12.50,元/千克(kg) ,安徽安庆市龙狮桥蔬菜批发市场,查找
[2021-7-29],莲藕,¥2.00,¥10.00,¥5.13,元/千克(kg) ,福建省福州市海峡蔬菜批发市场,查找
[2021-7-29],莲藕,¥8.20,¥8.60,¥8.40,元/千克(kg) ,江西乐平市蔬菜批发大市场,查找
[2021-7-29],莲藕,¥4.00,¥10.00,¥7.00,元/千克(kg) ,广东汕头农副产品批发中心市场,查找
[2021-7-29],芹菜,¥1.70,¥3.40,¥3.19,元/千克(kg) ,中国寿光地利农产品物流园有限公司,查找
[2021-7-29],芹菜,¥2.50,¥7.00,¥4.00,元/千克(kg) ,广州江南果菜批发市场经营管理有限公司,查找
[2021-7-29],芹菜,¥3.00,¥4.00,¥3.50,元/千克(kg) ,马鞍山市安民农副产品贸易有限公司,查找
[2021-7-29],芹菜,¥0.80,¥1.40,¥1.20,元/千克(kg) ,新疆九鼎恒兴蔬菜经营管理有限公司,查找
[2021-7-29],芹菜,¥2.40,¥3.60,¥3.00,元/千克(kg) ,徐州农副产品中心批发市场,查找
[2021-7-29],芹菜,¥2.40,¥2.60,¥2.50,元/千克(kg) ,西安市朱雀农产品交易中心,查找
[2021-7-29],芹菜,¥4.60,¥5.00,¥4.80,元/千克(kg) ,湖南常德甘露寺蔬菜批发市场,查找
[2021-7-29],芹菜,¥5.40,¥6.00,¥5.80,元/千克(kg) ,四川南充川北农产品交易有限公司,查找
[2021-7-29],芹菜,¥0.00,¥0.00,¥2.60,元/千克(kg) ,天津碧城农产品批发市场,查找
[2021-7-29],芹菜,¥2.80,¥3.20,¥2.80,元/千克(kg) ,天津何庄子鲜活农产品中心批发市场,查找
[2021-7-29],芹菜,¥2.00,¥3.00,¥2.50,元/千克(kg) ,河南万邦国际农产品物流股份有限公司,查找
[2021-7-29],芹菜,¥5.00,¥6.60,¥5.80,元/千克(kg) ,南昌深圳农产品中心批发市场有限公司,查找
[2021-7-29],芹菜,¥1.00,¥2.00,¥1.60,元/千克(kg) ,山东青岛莱西市东庄头蔬菜批发市场服务...,查找
[2021-7-29],芹菜,¥2.50,¥3.20,¥2.80,元/千克(kg) ,河南商丘市农产品中心批发市场,查找
[2021-7-29],芹菜,¥2.40,¥2.80,¥2.60,元/千克(kg) ,山西省太原市河西农产品有限公司,查找
[2021-7-29],芹菜,¥0.00,¥0.00,¥2.00,元/千克(kg) ,山西汾阳市晋阳农副产品批发市场,查找
[2021-7-29],芹菜,¥6.00,¥6.40,¥6.20,元/千克(kg) ,安徽安庆市龙狮桥蔬菜批发市场,查找
[2021-7-29],芹菜,¥4.00,¥6.00,¥5.00,元/千克(kg) ,邵阳市江北农产品批发大市场,查找
[2021-7-29],芹菜,¥5.20,¥6.00,¥5.60,元/千克(kg) ,江西乐平市蔬菜批发大市场,查找
[2021-7-29],芹菜,¥4.00,¥4.00,¥4.00,元/千克(kg) ,内蒙包头市友谊蔬菜批发市场,查找
[2021-7-29],芹菜,¥1.60,¥2.40,¥2.00,元/千克(kg) ,辽宁鞍山宁远农产品批发市场,查找
[2021-7-29],芹菜,¥2.40,¥3.00,¥2.80,元/千克(kg) ,吉林省辽源市仙城物流园区有限公司,查找
[2021-7-29],芹菜,¥3.40,¥4.00,¥3.70,元/千克(kg) ,山东青岛黄河路农产品批发市场,查找
[2021-7-29],菠菜,¥5.00,¥5.80,¥5.40,元/千克(kg) ,三门峡金河农产品批发交易中心,查找
[2021-7-29],芹菜,¥5.80,¥6.20,¥6.00,元/千克(kg) ,湖北省孝感市南大农产品批发市场,查找
[2021-9-3],瓠子,¥0.00,¥0.00,¥3.00,元/千克(kg) ,浙江金华农产品批发市场,查找
[2021-9-3],瓠子,¥3.50,¥4.00,¥3.80,元/千克(kg) ,安徽合肥周谷堆农产品批发市场,查找
[2021-9-3],瓠子,¥2.40,¥4.92,¥3.94,元/千克(kg) ,浙江嘉兴蔬菜批发交易市场,查找
[2021-9-3],瓠子,¥3.00,¥4.00,¥3.40,元/千克(kg) ,四川南充川北农产品交易有限公司,查找
[2021-9-3],瓠子,¥6.20,¥7.40,¥7.20,元/千克(kg) ,福建福鼎闽浙边界农贸中心市场,查找
[2021-9-3],佛手瓜,¥2.00,¥5.00,¥3.00,元/千克(kg) ,江苏凌家塘农副产品批发市场,查找
